Area,Perimeter,MajorAxisLength,MinorAxisLength,AspectRation,Eccentricity,ConvexArea,EquivDiameter,Extent,Solidity,roundness,Compactness,ShapeFactor1,ShapeFactor2,ShapeFactor3,ShapeFactor4,Class,confidence_score,pred_label
0.364901,0.369589,0.433702,0.299806,0.321513,0.532198,0.354429,0.451941,-0.561233,0.49609,0.0250557,-0.414177,-0.446212,-0.627649,-0.446634,0.58494,SIRA,1,SIRA
9.00754,5.69724,4.60453,7.68078,-0.0781945,0.21015,8.94735,6.40185,0.53395,0.253646,-0.216234,-0.0527155,-4.00246,-1.62422,-0.093081,-0.3794,BOMBAY,1,unknown
1.29002,1.92708,0.594357,2.16962,-0.758124,-0.565723,1.38405,1.31523,-1.16657,-5.19471,-3.17145,0.694132,-1.83559,-0.25064,0.671059,-0.679858,BARBUNYA,1,unknown
-0.479682,-0.630935,-0.872186,0.398499,-1.40286,-1.7987,-0.487666,-0.446884,0.292233,0.820043,1.39717,1.60261,-0.545063,1.39007,1.66167,0.797204,SEKER,1,SEKER
2.51259,2.78261,1.42952,3.18388,-0.489847,-0.215865,2.56524,2.32409,-0.869767,-2.67697,-2.74541,0.382314,-2.40361,-0.744876,0.346509,-0.591696,BARBUNYA,1,unknown
1.4371,1.52079,1.31775,1.23179,0.640393,0.742154,1.43098,1.44359,0.0348206,-0.117562,-1.19415,-0.699193,-1.23103,-1.07878,-0.717927,0.555141,BARBUNYA,1,CALI
1.41201,1.44398,1.36957,1.15279,0.761631,0.813202,1.39302,1.42184,-0.187954,0.543359,-0.955417,-0.832036,-1.1363,-1.13906,-0.842118,-0.619658,CALI,1,CALI
6.52391,4.41471,3.36587,6.35954,-0.390294,-0.102029,6.46464,5.01784,0.736742,0.59523,-0.0470953,0.306159,-3.66074,-1.31466,0.268445,0.651184,BOMBAY,1,unknown
0.767518,1.21086,1.25869,0.156594,1.51351,1.17158,0.816177,0.840541,-0.625098,-3.15093,-2.22631,-1.49606,-0.150933,-1.31791,-1.4414,-4.05714,HOROZ,1,unknown
1.8164,2.06476,1.90314,1.1385,1.3869,1.11963,1.83437,1.76514,0.111395,-1.3123,-2.13513,-1.30255,-1.14726,-1.43,-1.27046,0.122084,BARBUNYA,1,unknown
-0.616909,-0.628604,-0.552069,-0.614686,-0.246726,0.049355,-0.618515,-0.606378,0.556666,0.331155,0.451669,0.154608,0.524943,0.241796,0.114498,0.79225,DERMASON,1,DERMASON
-1.19866,-1.31538,-1.12507,-1.40771,-0.417847,-0.132767,-1.19259,-1.33949,0.173524,-0.150912,0.833653,0.332331,1.62446,0.88648,0.29522,0.496701,DERMASON,1,DERMASON
0.00281504,-0.190971,-0.391513,0.818569,-1.06626,-1.06787,-0.0105544,0.0821919,0.723385,0.910127,1.44327,1.13277,-0.914849,0.628674,1.14098,0.895629,SEKER,1,SEKER
1.56632,1.55856,0.978581,2.07135,-0.304362,-0.00971235,1.56887,1.55461,0.332246,-0.5709,-0.92957,0.181466,-1.78021,-0.63907,0.141644,-0.46229,BARBUNYA,1,CALI
-0.0829111,0.202994,0.440429,-0.730778,1.31301,1.08792,-0.0858879,-0.00854381,-1.08607,0.169032,-1.26385,-1.24099,0.682619,-0.950202,-1.21543,0.405968,HOROZ,1,HOROZ
8.30242,5.13763,4.03186,7.70087,-0.459884,-0.180786,8.21531,6.02477,0.169908,0.878853,0.447046,0.370548,-4.01697,-1.42901,0.334418,0.186406,BOMBAY,1,unknown
6.59243,4.65957,3.62862,6.08447,-0.0826204,0.20614,6.63021,5.05829,0.315394,-1.68093,-0.686518,-0.0519996,-3.55524,-1.4604,-0.0923703,-0.517907,BOMBAY,1,unknown
1.12389,1.0184,0.841272,1.34629,0.0176416,0.294396,1.11209,1.16759,-1.28055,0.268575,-0.0633169,-0.135444,-1.30353,-0.701183,-0.174936,0.119132,BARBUNYA,1,CALI
1.68436,2.71748,1.29622,1.77159,0.223861,0.460244,1.70565,1.65468,0.627236,-1.47435,-4.52689,-0.33914,-1.59759,-0.949666,-0.374112,-0.0273479,BARBUNYA,1,unknown
1.02463,1.33717,1.38049,0.405098,1.42654,1.13621,1.03856,1.07796,-0.88071,-1.12493,-1.83082,-1.36329,-0.487087,-1.31131,-1.32444,-1.17908,HOROZ,1,HOROZ
1.4394,1.98399,1.83104,0.604004,1.7939,1.27693,1.46042,1.44558,1.01169,-1.47932,-2.92997,-1.62054,-0.66664,-1.50328,-1.54975,-1.18442,HOROZ,1,unknown
1.37299,1.3831,1.19688,1.38417,0.38926,0.579872,1.45241,1.3879,0.519294,-4.40179,-0.826517,-0.543025,-1.27123,-0.985231,-0.570095,-1.94987,CALI,1,unknown
-0.348958,-0.360374,-0.349643,-0.186226,-0.315529,-0.0214151,-0.351782,-0.298909,0.911983,0.286522,0.445807,0.20456,0.0660567,0.111994,0.165033,-0.0651225,SIRA,1,SIRA
2.95771,3.0597,1.85202,3.22292,-0.119038,0.172722,2.98245,2.66316,-0.887379,-1.52977,-2.58784,0.0196979,-2.455,-1.0121,-0.0209754,0.742734,BARBUNYA,1,unknown
-1.09376,-1.22385,-1.20333,-0.922256,-0.957293,-0.87563,-1.08866,-1.19945,0.183958,-0.0903898,1.05603,0.989153,0.912087,1.40184,0.985399,0.8754,DERMASON,1,DERMASON
-0.419838,-0.588968,-1.00122,0.868215,-1.82043,-3.19119,-0.429052,-0.378681,0.524135,0.882094,1.50606,2.26886,-0.956272,1.99542,2.43079,0.913344,SEKER,1,SEKER
-0.0102574,0.389822,0.541548,-0.683496,1.40898,1.1289,0.00706858,0.0684395,0.876647,-1.37393,-1.82688,-1.32516,0.64416,-1.02122,-1.29058,-0.141681,HOROZ,1,HOROZ
-0.676491,-0.622877,-0.679565,-0.560616,-0.475302,-0.198746,-0.670481,-0.677042,-0.587855,-0.363605,0.0113812,0.399046,0.467623,0.480585,0.363723,0.581945,DERMASON,1,DERMASON
0.0692282,0.0888734,0.145696,0.0830556,0.127992,0.385614,0.0770441,0.151605,-0.150567,-0.680467,0.115789,-0.255868,-0.204563,-0.415601,-0.293095,-0.338348,SIRA,1,SIRA
1.60974,1.53562,0.790047,2.45557,-0.716614,-0.50698,1.61483,1.59157,0.878116,-0.69909,-0.691128,0.678186,-2.03731,-0.357176,0.65427,0.505974,BARBUNYA,1,unknown
1.83781,2.11137,1.40826,1.89643,0.258098,0.485922,1.86123,1.78291,0.970637,-1.56053,-2.2412,-0.372335,-1.67899,-0.999184,-0.406251,-0.0642941,BARBUNYA,1,unknown
-0.394678,-0.445795,-0.626126,0.206493,-0.968006,-0.893755,-0.394645,-0.350242,0.621664,0.0657571,0.706644,0.958674,-0.31686,0.744043,0.952596,-0.625278,SIRA,1,SIRA
8.57582,5.7608,4.81882,6.97854,0.360999,0.560201,8.69088,6.17234,-0.0807092,-3.05746,-0.944874,-0.547016,-3.77083,-1.76246,-0.573899,-3.06946,BOMBAY,1,unknown
1.45274,1.57098,1.05323,1.69389,0.0148365,0.291999,1.46894,1.45711,-0.968585,-1.23872,-1.34893,-0.136166,-1.54563,-0.787825,-0.175648,-0.0105236,BARBUNYA,1,CALI
2.0741,2.25918,1.58493,2.05647,0.33502,0.541846,2.09981,1.97646,-1.51044,-1.64092,-2.11443,-0.434658,-1.79072,-1.07681,-0.466349,0.280979,BARBUNYA,1,unknown
2.62932,2.5734,2.09711,2.39962,0.625371,0.73304,2.69035,2.41429,-0.0686356,-2.97081,-1.77329,-0.76013,-1.93172,-1.32075,-0.775073,-2.30133,CALI,1,CALI
0.84569,0.999363,1.10946,0.4517,1.04339,0.962612,0.836059,0.913555,1.00422,0.243184,-1.03561,-1.10076,-0.495541,-1.14458,-1.08895,-2.23451,HOROZ,1,HOROZ
0.0681114,0.00140484,-0.112498,0.520565,-0.532851,-0.267507,0.0597439,0.150444,0.984076,0.49942,0.615694,0.433707,-0.614243,0.0566076,0.399456,-0.502438,SIRA,1,SIRA
0.732374,0.956684,1.25719,-0.0659854,1.74033,1.25777,0.72322,0.80747,-2.27009,0.256235,-1.2802,-1.54342,-0.0814857,-1.33226,-1.48277,0.519159,HOROZ,1,HOROZ
1.34133,1.5667,0.940185,1.61643,-0.0562934,0.229836,1.34287,1.36025,-1.23831,-0.489947,-1.69242,-0.0435754,-1.51434,-0.707949,-0.0840033,0.771793,BARBUNYA,1,unknown
1.37772,1.34198,1.07239,1.47209,0.187608,0.432504,1.3694,1.39202,-0.0224114,0.00882218,-0.630832,-0.279011,-1.41787,-0.846994,-0.315668,0.937536,BARBUNYA,1,CALI
0.542463,0.954484,0.530094,0.559088,0.233172,0.467276,0.562419,0.62602,0.788827,-1.5006,-2.00675,-0.335902,-0.67807,-0.641441,-0.370972,0.424928,BARBUNYA,1,unknown
7.19094,5.03113,4.07781,6.29356,0.149189,0.402472,7.20667,5.40567,-1.85489,-1.16845,-0.853122,-0.329499,-3.58563,-1.606,-0.364761,-2.31949,BOMBAY,1,unknown
0.872558,0.831239,0.398065,1.52375,-0.591033,-0.339913,0.87634,0.938479,-0.0243041,-0.54166,-0.13846,0.534554,-1.44728,-0.21244,0.503978,0.683629,BARBUNYA,1,unknown
-0.126398,-0.271743,-0.484516,0.649702,-1.07512,-1.08432,-0.141145,-0.0550785,0.252371,1.11045,1.21467,1.13981,-0.767015,0.714736,1.14865,0.734585,SEKER,1,SEKER
8.15967,5.53209,4.22334,7.46628,-0.244484,0.0516082,8.24862,5.94701,0.571298,-2.61585,-0.880818,0.0179012,-3.88449,-1.54793,-0.0227696,-4.04568,BOMBAY,1,unknown
-0.0630726,0.355492,-0.0567454,0.0587928,-0.118295,0.173411,-0.0467041,0.0125706,0.613299,-1.30617,-1.91222,0.00826519,-0.203514,-0.180024,-0.0323879,0.352477,BARBUNYA,1,unknown
2.2761,2.39632,1.68624,2.27386,0.294528,0.512707,2.27327,2.13839,0.963836,-0.418313,-2.05836,-0.396902,-1.92463,-1.09577,-0.429979,0.291801,BARBUNYA,1,unknown
1.82599,1.69334,1.46953,1.7825,0.40192,0.588586,1.80816,1.7731,1.04375,0.345214,-0.666292,-0.506871,-1.60175,-1.06405,-0.53559,-0.141081,CALI,1,CALI
0.076914,0.3859,-0.0937687,0.48672,-0.485874,-0.211172,0.0924077,0.159589,-0.612583,-1.23537,-1.40257,0.398876,-0.604767,0.0271916,0.363549,0.152882,BARBUNYA,1,unknown
2.39421,2.31049,1.29625,3.19078,-0.617267,-0.373557,2.39966,2.23165,-0.790526,-0.776748,-1.44264,0.529332,-2.40758,-0.639807,0.498545,-0.57123,BARBUNYA,1,unknown
1.50851,1.54081,1.18266,1.58262,0.23153,0.466039,1.5129,1.50514,0.449068,-0.654774,-1.04359,-0.334201,-1.48138,-0.907569,-0.369323,0.430632,BARBUNYA,1,CALI
-0.222306,-0.258276,-0.335889,0.12986,-0.53802,-0.27382,-0.225193,-0.15896,1.36979,0.226994,0.56637,0.455669,-0.264696,0.228212,0.422148,0.0627018,SIRA,1,SIRA
2.27406,2.29646,1.48062,2.61957,-0.126227,0.166036,2.30354,2.13677,0.932314,-1.77964,-1.7114,0.00250179,-2.11397,-0.896305,-0.0381371,-0.156083,BARBUNYA,1,unknown
-0.222438,-0.391889,-0.842961,1.12299,-1.76473,-2.95587,-0.231778,-0.159104,0.635704,0.749007,1.42497,2.17472,-1.15842,1.72283,2.31993,0.906147,SEKER,1,SEKER
0.342829,0.32617,0.243773,0.581023,-0.136319,0.156599,0.340485,0.429986,0.694415,-0.0388644,0.155106,0.0108532,-0.676699,-0.354222,-0.0298055,-0.230646,SIRA,1,SIRA
-1.18881,-1.29188,-1.21912,-1.20599,-0.749491,-0.553353,-1.18097,-1.32617,0.83637,-0.372976,0.739597,0.718319,1.32053,1.24349,0.696563,0.517783,DERMASON,1,DERMASON
0.841223,1.11147,1.44598,0.0431793,1.87534,1.30525,0.872209,0.909403,1.68562,-2.10543,-1.54534,-1.72895,-0.0572138,-1.44,-1.64309,-3.44429,HOROZ,1,unknown
2.02385,2.28992,1.38421,2.28471,-0.0192083,0.262579,2.0332,1.93568,1.07763,-0.923342,-2.3558,-0.0979037,-1.92738,-0.897225,-0.137861,0.147501,BARBUNYA,1,unknown
0.532543,0.551672,0.659848,0.346118,0.570071,0.698864,0.524591,0.616411,0.159738,0.258466,-0.167413,-0.646746,-0.478087,-0.818193,-0.668501,0.227857,SIRA,1,SIRA
-0.192154,-0.153721,-0.22613,0.0175376,-0.309442,-0.0150251,-0.198339,-0.126112,-0.919188,0.475971,0.107724,0.202706,-0.153327,0.02304,0.163154,0.1044,SIRA,1,SIRA
0.453452,0.749249,1.16801,-0.497539,2.09882,1.37827,0.444868,0.539311,0.0508382,0.331406,-1.46042,-1.79012,0.409739,-1.38357,-1.69534,0.121565,HOROZ,1,HOROZ
-0.527439,-0.535934,-0.464236,-0.504606,-0.21426,0.0816737,-0.525494,-0.50189,0.575292,-0.0429443,0.43977,0.114793,0.400805,0.152486,0.0743626,0.594618,DERMASON,1,DERMASON
1.29055,1.18012,0.708483,1.93101,-0.502452,-0.230842,1.28148,1.31569,1.2709,0.0712221,-0.207497,0.415981,-1.70572,-0.424205,0.38117,0.0937248,BARBUNYA,1,CALI
1.15338,1.20875,0.657342,1.71958,-0.428898,-0.145258,1.15966,1.19401,-1.13758,-0.715448,-0.832054,0.334033,-1.56667,-0.432635,0.296963,0.119631,BARBUNYA,1,unknown
0.845033,1.10255,0.369465,1.53748,-0.630875,-0.391263,0.873952,0.912945,-0.783208,-1.98617,-1.49291,0.562694,-1.43871,-0.184014,0.533291,0.0369735,BARBUNYA,1,unknown
2.48559,2.21705,2.11644,2.06103,0.884224,0.880758,2.47545,2.30309,0.928371,-0.147325,-0.846284,-0.940213,-1.76183,-1.37768,-0.942191,-0.903826,CALI,1,CALI
1.34008,1.78255,1.00423,1.55599,0.0544215,0.325461,1.37902,1.35916,-0.0921109,-2.39735,-2.51538,-0.185134,-1.44009,-0.786443,-0.223835,-0.374382,BARBUNYA,1,unknown
0.717134,1.02934,1.23164,-0.0175523,1.65543,1.22649,0.715216,0.793081,-2.684,-0.174444,-1.65718,-1.5183,-0.0838294,-1.31707,-1.46085,-0.874242,HOROZ,1,HOROZ
5.6679,3.84194,2.9535,5.83337,-0.471628,-0.194449,5.61538,4.49969,-0.431553,0.590648,0.342247,0.38432,-3.48942,-1.20021,0.348572,0.206594,BOMBAY,1,unknown
-0.75729,-0.805271,-0.809465,-0.577947,-0.647881,-0.413637,-0.759499,-0.774323,0.761421,0.482853,0.662541,0.605796,0.478807,0.718679,0.578313,0.842377,DERMASON,1,DERMASON
1.40452,1.75062,2.04204,0.2502,2.42629,1.47416,1.38592,1.41534,-2.21284,0.52637,-2.20046,-1.99946,-0.375358,-1.65247,-1.87183,-0.13514,HOROZ,1,HOROZ
3.19774,2.74646,1.84596,3.69167,-0.37536,-0.085604,3.18889,2.84077,0.270948,-0.307116,-0.997978,0.275809,-2.66522,-0.926291,0.237466,0.153704,BARBUNYA,1,unknown
0.430789,0.195655,-0.0970415,1.38161,-1.05662,-1.05015,0.410073,0.517057,0.013612,1.13832,1.32576,1.11285,-1.34483,0.380862,1.1193,0.65755,SEKER,1,SEKER
8.60203,5.79271,4.91376,6.74461,0.533354,0.67562,8.62929,6.18639,-0.614646,-1.38481,-0.994992,-0.650944,-3.73957,-1.79653,-0.672465,-1.17006,BOMBAY,1,unknown
0.191215,0.168173,0.282353,0.14789,0.252709,0.481913,0.179942,0.277185,-0.61479,0.64133,0.289047,-0.364093,-0.282259,-0.533205,-0.398279,0.0558138,SIRA,1,SIRA
0.0845341,0.176508,0.269034,-0.101444,0.449656,0.620909,0.0809173,0.167496,-0.393532,0.144986,-0.291405,-0.531481,-0.04592,-0.5956,-0.559089,0.562694,SIRA,1,SIRA
-0.891167,-0.881831,-0.654909,-1.23254,0.169462,0.418401,-0.892672,-0.939414,1.16177,0.510269,0.199792,-0.270713,1.35605,0.102403,-0.30758,0.597665,DERMASON,1,DERMASON
9.56335,6.08559,5.04084,7.64568,0.221546,0.458489,9.48307,6.69136,-0.721267,0.552831,-0.566414,-0.339391,-3.9981,-1.74773,-0.374356,-0.118966,BOMBAY,1,unknown
-0.674389,-0.758856,-0.793498,-0.350804,-0.799491,-0.626147,-0.675774,-0.674534,-0.480932,0.345983,0.937199,0.784501,0.220637,0.806648,0.766594,0.688401,DERMASON,1,DERMASON
6.87621,4.75199,3.16849,7.3855,-0.915694,-0.80675,6.87661,5.22431,0.645136,-0.823572,-0.517951,0.861704,-3.90561,-1.11537,0.848736,-1.64077,BOMBAY,1,unknown
1.21776,1.29048,0.692081,1.79005,-0.434864,-0.15204,1.21628,1.25137,0.734639,-0.310937,-0.962157,0.347436,-1.62056,-0.444089,0.310698,0.360007,BARBUNYA,1,unknown
9.23194,6.01301,5.34876,6.87004,0.775725,0.821181,9.22815,6.51953,1.88602,-0.806434,-0.781175,-0.862058,-3.77195,-1.89088,-0.869987,-1.33412,BOMBAY,1,unknown
0.637188,1.03743,1.45689,-0.483955,2.4925,1.49212,0.635816,0.717114,-0.821138,-0.186956,-1.99414,-2.02972,0.38812,-1.5306,-1.89706,0.277732,HOROZ,1,HOROZ
1.50365,1.59683,0.813045,2.17577,-0.537002,-0.272574,1.5209,1.50096,-0.543703,-1.28948,-1.28983,0.474553,-1.87765,-0.450654,0.441691,0.769814,BARBUNYA,1,unknown
-1.0418,-1.11543,-1.01432,-1.09465,-0.524607,-0.257486,-1.04166,-1.1315,-0.316754,0.448614,0.674793,0.457715,1.15518,0.841579,0.424264,0.676579,DERMASON,1,DERMASON
2.11188,1.84559,1.65847,2.0258,0.432492,0.609383,2.08684,2.00698,-0.925838,0.580123,-0.425998,-0.53055,-1.76408,-1.13019,-0.558201,0.00856443,CALI,1,CALI
2.23912,2.22673,1.53777,2.45141,0.0319767,0.306585,2.23176,2.10898,-0.393061,-0.22003,-1.55218,-0.152032,-2.02274,-0.968175,-0.191283,0.0312849,BARBUNYA,1,unknown
3.1065,2.79435,1.63089,3.91379,-0.674019,-0.448576,3.12589,2.77366,-0.379828,-1.32579,-1.3826,0.613541,-2.76226,-0.737303,0.58642,0.0313502,BARBUNYA,1,unknown
0.847858,1.04403,0.658068,1.10437,-0.0214981,0.260578,0.881827,0.915569,0.0576653,-2.27418,-1.22698,-0.137775,-1.07528,-0.621823,-0.177234,-1.4034,BARBUNYA,1,CALI
0.675026,0.848602,0.414766,1.07363,-0.28169,0.0137861,0.683778,0.753171,1.51487,-0.811257,-1.01487,0.163851,-1.08667,-0.380473,0.123834,-0.22074,BARBUNYA,1,unknown
8.8778,5.88877,4.99478,7.03606,0.455503,0.624811,8.99931,6.33332,0.427972,-3.1279,-0.896987,-0.613218,-3.79953,-1.79895,-0.636787,-2.35743,BOMBAY,1,unknown
2.7314,2.44156,1.03621,4.34848,-1.3716,-1.7201,2.73921,2.49241,1.44203,-0.889327,-1.04394,1.53095,-2.94533,-0.128532,1.5811,-0.0357668,BARBUNYA,1,unknown
-1.33806,-1.46035,-1.18983,-1.75146,-0.188625,0.106725,-1.32795,-1.53196,1.51056,-0.607108,0.667852,0.070721,2.21362,0.797578,0.0300866,-0.028493,DERMASON,1,DERMASON
-0.674848,-0.751607,-1.00651,0.0725846,-1.37652,-1.73229,-0.675257,-0.675083,0.19038,0.252235,0.883361,1.55785,-0.225837,1.52512,1.6113,0.604111,SEKER,1,SEKER
2.51305,2.25768,1.41945,3.17362,-0.493808,-0.220558,2.52018,2.32445,-0.0741907,-0.85255,-0.927735,0.404019,-2.41304,-0.733328,0.368845,0.0172481,BARBUNYA,1,unknown
-1.30948,-1.27358,-1.10242,-1.81737,0.0335083,0.307881,-1.30097,-1.49187,0.724173,-0.407131,-0.483674,-0.136274,2.29881,0.579197,-0.175755,0.670898,DERMASON,1,DERMASON
-0.379372,-0.418942,-0.701209,0.34905,-1.1566,-1.24173,-0.382251,-0.333008,0.266012,0.307611,0.629567,1.25295,-0.500351,0.988113,1.27246,0.829977,SEKER,1,SEKER
6.581,4.54692,3.59915,6.11251,-0.116515,0.175062,6.56063,5.05155,-0.261128,-0.329093,-0.365461,-0.0153512,-3.56535,-1.44554,-0.0559288,-0.443566,BOMBAY,1,unknown
1.53807,1.61871,1.07969,1.79856,-0.0258905,0.256733,1.53168,1.53048,-0.666627,-0.127115,-1.26846,-0.0780742,-1.63363,-0.776988,-0.118231,0.631174,BARBUNYA,1,CALI
-0.660134,-0.816988,-1.10787,0.332348,-1.66228,-2.57157,-0.666543,-0.657554,0.438676,0.819096,1.45545,2.00425,-0.484783,1.96244,2.121,0.830583,SEKER,1,SEKER
2.70493,2.6755,1.91002,2.68541,0.253798,0.482724,2.71378,2.47222,1.24699,-0.928777,-1.93637,-0.350163,-2.1701,-1.14685,-0.384794,0.619285,BARBUNYA,1,unknown
-0.865876,-0.915857,-0.798792,-0.926671,-0.341336,-0.0487905,-0.866528,-0.907838,0.724183,0.401265,0.628874,0.25773,0.919355,0.510261,0.219048,0.839146,DERMASON,1,DERMASON
0.375806,0.222065,0.0200411,1.0245,-0.708302,-0.495437,0.364305,0.462761,0.546503,0.559349,0.898601,0.669071,-1.07063,0.0798963,0.644682,0.536775,BARBUNYA,1,SEKER
0.220908,0.23904,-0.0370682,0.728654,-0.582908,-0.329621,0.218157,0.307389,0.140119,0.0307156,0.0425938,0.528868,-0.837077,0.0512319,0.498063,0.815863,SEKER,1,SIRA
-0.547934,-0.405668,-0.82095,0.0926632,-1.146,-1.2206,-0.527818,-0.525658,0.0291159,-1.67734,-0.499814,1.22924,-0.243188,1.10029,1.24642,0.523162,SEKER,1,SEKER
1.45799,2.04318,1.24675,1.39038,0.440459,0.614746,1.51051,1.46164,0.792525,-3.0311,-3.07716,-0.531173,-1.33977,-0.99841,-0.558795,0.258506,BARBUNYA,1,unknown
0.496085,0.807658,0.32661,0.778647,-0.179631,0.115417,0.526915,0.580979,0.797086,-2.19074,-1.5499,0.0762592,-0.869917,-0.370984,0.0356418,0.514491,BARBUNYA,1,unknown
0.359186,0.710111,0.853067,-0.27885,1.41568,1.13169,0.365919,0.446263,1.02992,-0.64749,-1.67499,-1.33586,0.178343,-1.13819,-1.3001,-0.37997,HOROZ,1,HOROZ
1.03343,1.15262,1.404,0.359138,1.50045,1.16636,1.02146,1.08595,-1.94207,0.309869,-1.0181,-1.3942,-0.474308,-1.32748,-1.3518,-0.261499,HOROZ,1,HOROZ
10.3219,6.44345,5.26943,8.28703,0.108134,0.369632,10.2946,7.07633,-0.110069,-0.438118,-0.597439,-0.269707,-4.12836,-1.76245,-0.306599,-1.56665,BOMBAY,1,unknown
10.7052,6.56908,5.46584,8.40695,0.183772,0.429535,10.678,7.2667,0.848885,-0.459851,-0.483014,-0.336142,-4.15963,-1.80011,-0.371205,-1.33822,BOMBAY,1,unknown
-0.233737,-0.240422,-0.212519,-0.12877,-0.175746,0.119157,-0.242106,-0.171459,0.960155,0.677739,0.38992,0.0722175,-0.0154711,-0.0491567,0.0315875,0.514983,SIRA,1,SIRA
2.6912,2.18413,1.15747,3.9819,-1.11561,-1.1611,2.68234,2.46173,-0.00862236,-0.233363,-0.154592,1.19278,-2.80659,-0.325354,1.20648,0.685132,BARBUNYA,1,unknown
-0.656521,-0.796783,-0.902386,-0.0865441,-1.13513,-1.19913,-0.662799,-0.653259,-0.0388165,0.8035,1.33521,1.22045,-0.0670726,1.18531,1.23679,0.724122,SEKER,1,SEKER
-0.294566,-0.298977,-0.301603,-0.142504,-0.285078,0.0102968,-0.29433,-0.238409,-0.801975,0.00475179,0.39141,0.189969,-0.00349738,0.0699419,0.150251,0.589745,BARBUNYA,1,SIRA
1.03324,1.18076,0.37212,1.94565,-0.864937,-0.725806,1.04883,1.08577,-0.412339,-1.21617,-1.14226,0.864394,-1.72972,-0.051467,0.851606,0.633538,BARBUNYA,1,unknown
-0.0879036,-0.19869,-0.547991,0.899693,-1.30017,-1.54981,-0.0935051,-0.0138686,-0.200387,0.373433,0.973489,1.44038,-0.965817,0.94423,1.47986,0.380499,SEKER,1,SEKER
0.848646,1.23847,0.669874,1.00908,0.0605598,0.33058,0.878471,0.916302,0.19263,-2.03718,-2.04779,-0.163741,-1.06159,-0.637323,-0.202807,0.64281,BARBUNYA,1,unknown
1.45418,1.738,1.20528,1.44321,0.355626,0.556426,1.47972,1.45835,0.0371779,-1.70261,-1.99985,-0.452272,-1.38002,-0.956839,-0.483277,0.331038,BARBUNYA,1,unknown
-1.36085,-1.49747,-1.25051,-1.7453,-0.300017,-0.00518157,-1.35745,-1.56418,0.672216,0.309582,0.743527,0.209132,2.17046,0.953817,0.169668,0.701448,DERMASON,1,DERMASON
7.0945,4.66317,3.64685,6.74379,-0.348745,-0.0567365,7.02631,5.3504,1.31662,0.696657,0.0927143,0.235308,-3.75585,-1.39055,0.196241,-0.254333,BOMBAY,1,unknown
1.54168,1.50162,1.48089,1.249,0.812408,0.841685,1.53627,1.53357,0.015678,-0.17577,-0.769525,-0.878475,-1.20467,-1.18804,-0.885194,-0.788017,CALI,1,CALI
-0.649492,-0.781406,-0.996719,0.12564,-1.39671,-1.78302,-0.655246,-0.644911,0.139633,0.747583,1.27551,1.59459,-0.286227,1.53683,1.65264,0.832258,SEKER,1,SEKER
1.43126,1.50375,1.05766,1.62487,0.0660244,0.335122,1.4415,1.43853,-0.541031,-0.940797,-1.14269,-0.174815,-1.51066,-0.80364,-0.213696,0.431128,BARBUNYA,1,CALI
5.61758,3.91142,2.7734,6.06767,-0.700647,-0.484869,5.57354,4.46846,0.881885,0.378385,0.0135908,0.655991,-3.5673,-1.07598,0.630935,0.401669,BOMBAY,1,unknown
-0.703752,-0.864282,-1.03343,0.0262878,-1.38296,-1.74835,-0.709277,-0.709675,0.066511,0.769513,1.47992,1.57624,-0.188963,1.57148,1.63197,0.894423,SEKER,1,SEKER
1.4976,1.58904,0.76976,2.27016,-0.634869,-0.396493,1.50689,1.49577,0.122228,-0.896358,-1.2776,0.568779,-1.91702,-0.39187,0.539637,0.085431,BARBUNYA,1,unknown
-0.234525,-0.0140345,0.231506,-0.736933,1.01239,0.947162,-0.225968,-0.172322,-0.905357,-0.690724,-0.912268,-1.06459,0.773037,-0.792278,-1.05608,-1.76558,HOROZ,1,HOROZ
6.23369,4.23033,2.99203,6.63751,-0.76503,-0.575678,6.20403,4.84488,1.2862,-0.0731694,0.055137,0.723565,-3.73096,-1.11189,0.702101,0.0451556,BOMBAY,1,unknown
1.51192,1.66615,0.743341,2.32393,-0.691555,-0.472396,1.53878,1.50807,-0.185745,-1.76017,-1.54147,0.652739,-1.96429,-0.344511,0.62752,0.66727,BARBUNYA,1,unknown
0.367069,0.333025,0.209803,0.699538,-0.263958,0.0319254,0.381347,0.454093,0.730347,-1.1465,0.232802,0.142156,-0.776975,-0.278142,0.101931,-0.320311,SIRA,1,SIRA
1.02897,1.08318,0.994971,0.950802,0.485537,0.644663,1.02359,1.0819,-0.583071,-0.0560345,-0.723358,-0.604976,-0.964555,-0.934382,-0.628977,-1.02471,CALI,1,CALI
-0.0618901,0.275383,0.615815,-0.877305,1.7413,1.25812,-0.0607767,0.0138268,-2.34188,-0.151793,-1.52157,-1.57406,0.91497,-1.13732,-1.50944,-0.734593,HOROZ,1,HOROZ
-0.307901,-0.412662,-0.633877,0.423303,-1.11856,-1.16682,-0.312146,-0.253185,0.478888,0.383303,1.03354,1.20183,-0.569618,0.890677,1.21639,0.853774,SEKER,1,SEKER
-0.760575,-0.920076,-1.09362,-0.0282026,-1.42857,-1.86532,-0.763953,-0.778314,0.650207,0.602414,1.46442,1.64036,-0.129561,1.6933,1.70428,0.782774,SEKER,1,SEKER
-1.18073,-1.29593,-1.13782,-1.33221,-0.508289,-0.237823,-1.17716,-1.31527,0.76688,0.146352,0.844356,0.440921,1.4986,0.968396,0.406906,0.741022,DERMASON,1,DERMASON
1.96834,1.91696,1.78023,1.63582,0.844509,0.859322,1.97297,1.8904,0.33137,-0.709415,-1.1411,-0.916899,-1.4707,-1.28491,-0.920704,-1.26051,CALI,1,CALI
-0.348826,-0.243625,-0.360334,-0.186961,-0.329487,-0.0361635,-0.339581,-0.298762,-0.501797,-0.729492,-0.260904,0.236355,0.0459279,0.135799,0.197306,0.534194,SIRA,1,SIRA
9.31524,6.02958,5.08711,7.29371,0.403128,0.589414,9.2592,6.56293,1.4338,0.142752,-0.722215,-0.51404,-3.90361,-1.79005,-0.54244,-0.372375,BOMBAY,1,unknown
1.28253,1.28166,0.957843,1.47844,0.0563808,0.327097,1.2776,1.30864,0.798952,-0.143297,-0.69614,-0.164876,-1.40853,-0.760425,-0.203923,0.448001,BARBUNYA,1,CALI
-0.424765,-0.533195,-0.907666,0.640877,-1.5864,-2.31978,-0.425566,-0.384267,0.501322,0.152248,1.09109,1.88665,-0.76551,1.61583,1.98515,0.931097,SEKER,1,SEKER
1.60021,1.39348,1.13195,1.83688,0.00472813,0.283326,1.57584,1.58348,-0.760803,0.738845,-0.0980929,-0.107236,-1.66045,-0.807842,-0.147089,0.686588,CALI,1,CALI
1.46436,1.55397,1.60036,0.986241,1.16702,1.02202,1.50134,1.46714,-0.313436,-2.26609,-1.24178,-1.1932,-0.959958,-1.32005,-1.17251,-2.11035,CALI,1,CALI
-0.483492,-0.415366,-0.396757,-0.478944,-0.140236,0.15292,-0.484503,-0.451253,0.331873,0.200801,-0.0410362,0.0227323,0.390363,0.0557803,-0.0179446,0.0551152,SIRA,1,SIRA
-0.771873,-0.904637,-1.20923,0.180574,-1.70559,-2.72716,-0.773895,-0.792065,0.70276,0.474485,1.26393,2.0792,-0.344804,2.16493,2.20818,0.975953,SEKER,1,SEKER
0.457853,0.797995,0.946874,0.00622881,1.25346,1.06157,0.557771,0.543624,0.473836,-6.50529,-1.66208,-1.36511,0.0857312,-1.17955,-1.32605,-6.38501,HOROZ,1,unknown
2.62032,2.24362,2.28211,2.05899,1.0579,0.969766,2.6061,2.40737,-1.71785,-0.00826597,-0.584196,-1.07863,-1.76061,-1.45537,-1.06885,-0.901522,CALI,1,CALI
-0.0904655,-0.0747471,-0.0964766,0.0650643,-0.175501,0.119393,-0.0974429,-0.0166028,0.709671,0.480969,0.208182,0.0591755,-0.199606,-0.131425,0.0185139,0.0497934,SIRA,1,SIRA
1.67576,1.56125,0.988153,2.273,-0.414476,-0.128975,1.68513,1.64743,-0.276569,-0.909022,-0.585778,0.307556,-1.90989,-0.595079,0.269873,-0.252646,BARBUNYA,1,CALI
-0.133821,-0.256359,-0.708518,1.08923,-1.59209,-2.33782,-0.141662,-0.0630566,0.750312,0.573072,1.07241,1.89431,-1.13183,1.38394,1.99397,0.890092,SEKER,1,SEKER
-1.07129,-1.13259,-0.989559,-1.23121,-0.363314,-0.072475,-1.07052,-1.16996,-0.257142,0.398445,0.555262,0.275736,1.35304,0.706766,0.237392,0.623821,DERMASON,1,DERMASON
2.22309,1.88779,1.18164,3.01138,-0.631797,-0.39247,2.21517,2.0962,0.814248,-0.193142,-0.270259,0.575277,-2.3402,-0.575587,0.546418,0.438816,BARBUNYA,1,unknown
-0.324718,-0.239288,-0.126664,-0.50087,0.262427,0.489133,-0.328672,-0.271872,1.36626,0.368397,-0.146093,-0.364155,0.403613,-0.30717,-0.39834,0.396893,SIRA,1,SIRA
-0.198658,-0.170759,-0.27311,0.0930287,-0.428732,-0.145069,-0.198081,-0.133182,0.803764,-0.0612462,0.171857,0.323751,-0.217895,0.115598,0.286436,-0.239492,SIRA,1,SIRA
-0.631296,-0.697092,-0.673297,-0.438627,-0.563993,-0.305889,-0.635428,-0.623359,0.73652,0.579313,0.813713,0.50019,0.324595,0.530779,0.468268,0.57805,DERMASON,1,DERMASON
1.25645,1.42257,0.546199,2.14088,-0.791791,-0.614754,1.27321,1.28563,-0.130047,-1.27272,-1.38896,0.76449,-1.84452,-0.194619,0.745381,0.325869,BARBUNYA,1,unknown
-0.0921078,0.0347045,0.0762166,-0.226754,0.299219,0.516116,-0.0895028,-0.0183561,-1.20077,-0.256202,-0.422218,-0.399866,0.0955855,-0.439697,-0.432837,0.344597,SIRA,1,SIRA
1.78894,1.94961,1.04529,2.37554,-0.416159,-0.130868,1.79603,1.74229,0.271738,-0.80815,-1.7919,0.329309,-1.98933,-0.61122,0.292125,0.455765,BARBUNYA,1,unknown
-0.253312,-0.253295,-0.175188,-0.248735,-0.0261776,0.256482,-0.262376,-0.192924,1.0197,0.747514,0.35432,-0.0750726,0.105996,-0.143601,-0.115257,0.731212,SIRA,1,SIRA
0.150487,0.24842,0.025886,0.476315,-0.329382,-0.0360515,0.152184,0.235527,-0.731039,-0.259049,-0.352219,0.216624,-0.585015,-0.135594,0.177268,-0.170053,SIRA,1,SIRA
-0.991477,-1.02476,-0.90417,-1.1333,-0.318403,-0.0244401,-0.988985,-1.06654,-0.253314,0.146782,0.42379,0.234021,1.2015,0.596888,0.194933,0.882437,DERMASON,1,DERMASON
2.5093,2.29961,1.58598,2.86875,-0.169162,0.125474,2.51876,2.32154,-0.274346,-0.946303,-1.09633,0.0584485,-2.26085,-0.913288,0.0177855,0.263565,BARBUNYA,1,unknown
1.73094,1.85914,1.12242,2.12977,-0.19121,0.104216,1.74439,1.69382,-0.564814,-1.10334,-1.62073,0.0841907,-1.83861,-0.734412,0.043602,0.36257,BARBUNYA,1,unknown
6.6909,4.49212,3.61493,6.2292,-0.156024,0.138002,6.60743,5.11617,0.69228,1.13086,-0.0175256,0.030907,-3.60499,-1.43678,-0.00977596,-0.242229,BOMBAY,1,unknown
2.25232,2.0135,1.93854,1.90011,0.816069,0.843711,2.22795,2.11949,-1.43704,0.505562,-0.698827,-0.880983,-1.66219,-1.31592,-0.887517,-0.767982,CALI,1,CALI
0.134984,0.207006,0.134815,0.263791,-0.0314052,0.251891,0.136304,0.2196,-0.941816,-0.227874,-0.205725,-0.10075,-0.379374,-0.342241,-0.140677,-0.407745,SIRA,1,SIRA
1.77134,2.15212,1.45979,1.66865,0.472306,0.635957,1.79964,1.72761,0.69715,-1.79321,-2.56828,-0.554577,-1.54135,-1.07665,-0.581099,0.454517,BARBUNYA,1,unknown
-1.05447,-1.11511,-1.01091,-1.14162,-0.477909,-0.201802,-1.05502,-1.14799,0.248891,0.537658,0.566674,0.404793,1.22135,0.806043,0.369641,0.68145,DERMASON,1,DERMASON
1.29639,1.36878,0.880975,1.6668,-0.153766,0.140145,1.30646,1.32084,1.40978,-0.925388,-1.02693,0.0247748,-1.51682,-0.657121,-0.0159042,-0.380285,BARBUNYA,1,unknown
-0.375825,-0.324169,-0.269861,-0.407523,-0.0224827,0.259717,-0.376118,-0.329021,0.513234,0.0850063,0.0599781,-0.0872357,0.294572,-0.0868423,-0.127305,0.419622,SIRA,1,SIRA
2.22703,2.01376,1.21156,3.12387,-0.661832,-0.432202,2.28611,2.09934,0.235332,-3.02943,-0.77238,0.513902,-2.31615,-0.61112,0.482506,-2.92587,BARBUNYA,1,unknown
1.52723,1.51467,1.14536,1.68058,0.123432,0.381961,1.52155,1.5212,1.42065,-0.159551,-0.872541,-0.231863,-1.54776,-0.857627,-0.269636,0.392092,BARBUNYA,1,CALI
-0.145777,-0.0556002,-0.0901501,-0.0591266,-0.0678235,0.219505,-0.15341,-0.0759279,-1.07837,0.563907,-0.203793,-0.0749184,-0.0429522,-0.197501,-0.115104,-0.807348,SIRA,1,SIRA
1.16672,1.70239,0.839923,1.45444,-0.0579399,0.228366,1.20859,1.20593,-1.15785,-2.60396,-2.76053,-0.0698687,-1.37133,-0.675656,-0.110099,-0.255579,BARBUNYA,1,unknown
1.27261,1.33688,0.900401,1.5504,-0.0557621,0.230311,1.27844,1.2999,-0.758796,-0.703528,-0.971904,-0.0524742,-1.45983,-0.694699,-0.0928415,0.464304,BARBUNYA,1,CALI
7.50848,5.16893,4.49005,5.98755,0.594444,0.714048,7.54939,5.58584,1.18925,-1.69895,-0.781793,-0.695364,-3.51887,-1.7499,-0.714326,-0.830947,BOMBAY,1,unknown
0.888586,1.27308,1.4243,0.053505,1.83586,1.29164,0.896287,0.953307,-2.76656,-0.768627,-2.04633,-1.62631,-0.178098,-1.40366,-1.55475,-0.241034,HOROZ,1,HOROZ
7.01863,4.51527,3.55081,6.85085,-0.458091,-0.178709,6.99429,5.30673,1.24419,-0.275521,0.440744,0.335185,-3.77266,-1.34537,0.298144,-0.99587,BOMBAY,1,unknown
-1.21325,-1.35177,-1.17818,-1.36502,-0.543747,-0.28084,-1.21421,-1.35927,0.762179,0.737494,0.987744,0.476816,1.55534,1.03802,0.444034,0.576416,DERMASON,1,DERMASON
1.067,1.35438,0.777103,1.32102,-0.0370845,0.246888,1.08685,1.11635,0.322242,-1.44735,-1.75466,-0.0751044,-1.29089,-0.650462,-0.115289,0.325618,BARBUNYA,1,unknown
-1.17029,-1.20363,-1.05197,-1.41019,-0.296001,-0.00100556,-1.1676,-1.30122,-1.24501,0.2478,0.235215,0.168164,1.67519,0.707637,0.128192,-0.617395,DERMASON,1,DERMASON
0.238907,0.363682,0.4856,0.010766,0.63822,0.74084,0.241267,0.325631,1.00602,-0.32858,-0.534265,-0.755731,-0.0842849,-0.785448,-0.770959,-1.70703,SIRA,1,SIRA
1.85128,1.74333,1.67072,1.56726,0.77715,0.821984,1.84367,1.79407,0.282542,-0.135293,-0.795253,-0.854847,-1.43008,-1.23572,-0.8633,-1.00607,CALI,1,CALI
8.37869,5.43862,4.3381,7.30635,-0.104294,0.186342,8.35165,6.06611,1.15235,-0.324837,-0.328015,-0.0216921,-3.9096,-1.57587,-0.0622417,-0.217869,BOMBAY,1,unknown
9.8604,6.15127,5.13045,7.92666,0.163926,0.41407,9.85922,6.84347,1.092,-0.867625,-0.381087,-0.310601,-4.0509,-1.75329,-0.346409,-1.09132,BOMBAY,1,unknown
-0.59556,-0.694228,-0.859344,0.0126409,-1.1439,-1.21643,-0.598181,-0.581271,0.601644,0.412838,1.04267,1.23593,-0.173332,1.14657,1.25377,0.841747,SEKER,1,SEKER
-0.27834,-0.463559,-0.683431,0.610425,-1.29455,-1.53692,-0.291425,-0.220478,0.49768,1.09798,1.5597,1.44661,-0.736472,1.08459,1.48679,0.848133,SEKER,1,SEKER
1.26539,1.48659,0.4045,2.4541,-1.10055,-1.13221,1.27179,1.29352,0.0773491,-0.732945,-1.62067,1.14784,-2.01998,0.0573677,1.15741,-0.137022,BARBUNYA,1,unknown
-0.240174,-0.226622,-0.145338,-0.243603,0.0104288,0.288223,-0.245786,-0.178509,0.510787,0.457285,0.268775,-0.128135,0.121711,-0.187446,-0.167727,0.124216,SIRA,1,SIRA
-0.973149,-1.10778,-1.31257,-0.273302,-1.57101,-2.27162,-0.972976,-1.04308,0.988776,0.391068,1.1885,1.8527,0.136897,2.16062,1.94615,0.618465,SEKER,1,SEKER
1.70013,1.68273,1.5112,1.53291,0.627889,0.734572,1.72108,1.66795,0.579224,-1.4573,-1.01658,-0.73984,-1.39357,-1.15281,-0.756079,-1.4351,CALI,1,CALI
-0.0774588,0.0107915,0.0559361,-0.16004,0.213363,0.45227,-0.0845968,-0.00273377,-1.00422,0.486144,-0.211873,-0.318329,0.0224008,-0.393026,-0.353918,0.381254,SIRA,1,SIRA
-1.01953,-1.11852,-1.09342,-0.87216,-0.831282,-0.673917,-1.01629,-1.10265,-0.410725,0.0809402,0.8837,0.818213,0.860716,1.1543,0.802403,0.493222,DERMASON,1,DERMASON
8.65399,5.56716,4.62507,7.22656,0.121551,0.380451,8.60263,6.21421,-0.0243182,0.125083,-0.31851,-0.260425,-3.87951,-1.67368,-0.297544,-0.739696,BOMBAY,1,unknown
-0.190184,0.193144,0.697843,-1.2471,2.33785,1.44946,-0.181362,-0.123971,0.46628,-0.718617,-1.74737,-1.97068,1.45197,-1.29995,-1.84778,-1.21727,HOROZ,1,HOROZ
-0.26264,-0.152428,-0.229653,-0.142584,-0.187749,0.107574,-0.258632,-0.203179,-0.868737,-0.316247,-0.296729,0.0562157,0.035224,-0.0452489,0.0155488,-0.521817,SIRA,1,SIRA
-0.280377,-0.169583,-0.167249,-0.314059,0.0402274,0.313553,-0.282323,-0.222726,-0.424457,0.178441,-0.29813,-0.15662,0.198153,-0.186777,-0.1958,0.163446,SIRA,1,SIRA
9.08328,5.80533,5.21043,6.83433,0.697124,0.775948,9.01248,6.44169,0.120149,0.442973,-0.415397,-0.771528,-3.77915,-1.85721,-0.785729,-0.37514,BOMBAY,1,unknown
8.22825,5.2214,4.10925,7.48437,-0.327098,-0.0336294,8.15167,5.98443,0.708745,0.680138,0.0901651,0.217079,-3.95825,-1.48067,0.17773,-0.0649315,BOMBAY,1,unknown
0.512574,0.592871,0.805413,0.0988638,0.978365,0.929933,0.495735,0.597026,-2.08299,0.835838,-0.463377,-0.991821,-0.233573,-1.00146,-0.989597,0.0528127,HOROZ,1,SIRA
0.296517,1.24436,0.340958,0.309192,0.19568,0.43873,0.320216,0.383683,1.01224,-1.77839,-4.03379,-0.314088,-0.433022,-0.541982,-0.349798,-0.0896458,BARBUNYA,1,unknown
-0.65409,-0.703961,-0.706407,-0.439599,-0.609881,-0.364021,-0.655698,-0.650371,0.192793,0.354463,0.701688,0.547299,0.333609,0.58721,0.517245,0.359346,DERMASON,1,DERMASON
7.65432,4.94392,3.69537,7.39531,-0.5682,-0.31114,7.56062,5.66767,-0.439709,1.14261,0.0871499,0.501533,-3.94425,-1.33099,0.469663,0.454241,BOMBAY,1,unknown
-0.454851,-0.43995,-0.457587,-0.306471,-0.367761,-0.0773097,-0.459134,-0.418488,0.877424,0.474037,0.290949,0.273648,0.182209,0.228761,0.235263,0.374535,DERMASON,1,DERMASON
1.43362,1.46909,0.62406,2.44438,-0.876339,-0.743702,1.46377,1.44057,-0.202975,-1.935,-0.989593,0.833343,-1.99423,-0.207205,0.818504,-0.916007,BARBUNYA,1,unknown
-1.03345,-0.973291,-0.736581,-1.50766,0.322949,0.533228,-1.02849,-1.12067,0.427449,-0.106232,-0.267909,-0.433359,1.80733,0.082733,-0.4651,-0.0914667,DERMASON,1,DERMASON
-1.19571,-1.32893,-1.18537,-1.30341,-0.610773,-0.36517,-1.19349,-1.33549,-0.21708,0.324544,0.967877,0.565522,1.4462,1.1031,0.53624,0.961502,DERMASON,1,DERMASON
1.12698,1.36867,1.58732,0.311824,1.77998,1.27199,1.11209,1.17036,0.995907,0.435787,-1.60712,-1.59557,-0.420956,-1.43683,-1.52811,-0.532905,HOROZ,1,HOROZ
0.136101,0.150638,0.222846,0.0883888,0.224707,0.460884,0.121198,0.220748,1.16939,0.933452,0.110063,-0.320949,-0.244406,-0.484544,-0.356461,0.686677,SIRA,1,SIRA
8.39767,5.2253,4.01701,7.86318,-0.529101,-0.262942,8.32835,6.07638,1.37699,0.508924,0.318127,0.445485,-4.05474,-1.40755,0.411621,0.0635644,BOMBAY,1,unknown
1.77915,1.64987,0.813902,2.77269,-0.860043,-0.718173,1.78338,1.73414,-0.130493,-0.673902,-0.631078,0.854833,-2.21536,-0.296471,0.841406,0.51666,BARBUNYA,1,unknown
2.02444,2.00134,0.981024,3.04048,-0.835941,-0.681017,2.03236,1.93616,-0.765853,-0.859989,-1.30578,0.782833,-2.32232,-0.406318,0.764824,-0.917404,BARBUNYA,1,unknown
2.01735,1.69594,1.4798,2.13872,0.171625,0.420091,1.98911,1.93039,-0.286553,0.756703,-0.0792079,-0.297138,-1.82623,-0.997669,-0.333318,-0.313699,CALI,1,CALI
-0.932421,-0.987277,-0.843114,-1.04883,-0.300217,-0.00538981,-0.936762,-0.991327,-0.707186,0.850948,0.623342,0.208361,1.0918,0.523794,0.168887,0.665914,DERMASON,1,DERMASON
1.55081,1.45264,0.746345,2.42715,-0.744897,-0.546805,1.55453,1.54138,1.35178,-0.626462,-0.527787,0.700767,-2.01049,-0.326216,0.67805,0.103731,BARBUNYA,1,unknown
8.30189,5.43739,4.52547,6.93665,0.178167,0.425185,8.22177,6.02448,1.66275,0.739032,-0.428935,-0.313774,-3.80174,-1.67108,-0.349493,-0.702073,BOMBAY,1,unknown
-1.24918,-1.35189,-1.11566,-1.59366,-0.222242,0.0737901,-1.24261,-1.40836,1.05822,-0.184731,0.654385,0.122709,1.91886,0.747974,0.0823317,0.576334,DERMASON,1,DERMASON
1.75406,1.50778,0.836777,2.6667,-0.782966,-0.601779,1.74574,1.71318,-0.530667,-0.0816669,-0.0962749,0.765356,-2.1625,-0.344496,0.746298,0.729571,BARBUNYA,1,unknown
11.2469,6.97811,6.08594,8.07219,0.713977,0.785799,11.2198,7.53126,-1.44519,-0.487159,-0.90146,-0.809242,-4.08253,-1.95804,-0.820911,-1.28858,BOMBAY,1,unknown
-0.511148,-0.686031,-0.813588,0.179436,-1.19261,-1.31511,-0.524591,-0.483067,0.588435,1.33971,1.57106,1.30284,-0.339164,1.13709,1.32739,0.838733,SEKER,1,SEKER
-0.762874,-0.76717,-0.579942,-0.977954,0.0381017,0.311761,-0.763243,-0.78111,1.16464,0.302605,0.361121,-0.145073,1.00083,0.108586,-0.184427,0.513353,DERMASON,1,DERMASON
6.1973,4.35271,3.25165,6.1316,-0.377859,-0.0883415,6.15846,4.823,-0.548074,0.155545,-0.395616,0.268972,-3.57605,-1.3002,0.230498,-0.188661,BOMBAY,1,unknown
1.19188,1.42385,1.57086,0.432079,1.63947,1.22048,1.1811,1.22836,-2.56912,0.191297,-1.61208,-1.48366,-0.55356,-1.39954,-1.43053,0.103973,HOROZ,1,HOROZ
1.78165,1.72633,1.00125,2.4511,-0.503368,-0.231936,1.7888,1.73622,0.533039,-0.810532,-0.940758,0.418823,-2.02579,-0.558015,0.3841,0.157403,BARBUNYA,1,unknown
0.111993,0.216822,0.16588,0.136592,0.110467,0.37152,0.115518,0.195907,0.602295,-0.379445,-0.372208,-0.224272,-0.276152,-0.412998,-0.262208,0.206267,SIRA,1,SIRA
-0.955544,-1.04963,-0.932835,-0.957463,-0.51803,-0.249534,-0.955676,-1.02065,-0.283641,0.411379,0.894611,0.442995,0.976748,0.747357,0.409048,0.421895,DERMASON,1,DERMASON
1.52795,1.51307,0.556959,2.72432,-1.08481,-1.10244,1.54789,1.52181,0.610416,-1.41968,-0.863404,1.14381,-2.18692,-0.0349733,1.15301,0.434546,BARBUNYA,1,unknown
7.94132,5.1342,4.20565,6.97289,-0.0568098,0.229375,7.87422,5.82711,1.76377,0.53187,-0.0616367,-0.078229,-3.81494,-1.56773,-0.118385,-0.520412,BOMBAY,1,unknown
-0.60791,-0.519588,-0.483362,-0.696871,-0.0752492,0.212813,-0.59902,-0.595781,0.791056,-0.653213,-0.187203,-0.030108,0.634478,0.0934071,-0.0706154,0.559457,HOROZ,1,SIRA
2.17251,1.99916,1.55346,2.26587,0.164706,0.414681,2.15527,2.05574,0.839843,0.220639,-0.87113,-0.25974,-1.93404,-1.00929,-0.296875,0.837857,BARBUNYA,1,CALI
1.19057,1.27506,1.42705,0.60065,1.30138,1.08283,1.17206,1.22719,-0.545963,0.606454,-0.990792,-1.22784,-0.719779,-1.28243,-1.20364,0.587997,HOROZ,1,HOROZ
2.80228,2.57294,1.8397,3.01968,-0.0148929,0.266341,2.82849,2.54625,0.389117,-1.59627,-1.34161,-0.117898,-2.32341,-1.05271,-0.157622,-0.429817,BARBUNYA,1,unknown
2.01419,1.7727,1.83663,1.59822,0.934885,0.907502,1.97994,1.92782,0.024088,1.02916,-0.417026,-0.964839,-1.47287,-1.31433,-0.964839,-0.258801,CALI,1,CALI
8.25033,5.20155,4.12995,7.47781,-0.310855,-0.016506,8.1618,5.99645,1.56923,0.916883,0.180293,0.19967,-3.95666,-1.48851,0.160077,-0.0595376,BOMBAY,1,unknown
-0.0578173,-0.0459091,0.100747,-0.178799,0.290478,0.509756,-0.0692977,0.0181519,1.20504,0.807504,0.217521,-0.392916,0.0453129,-0.450099,-0.426132,0.300088,SIRA,1,SIRA
0.213747,0.61917,0.876529,-0.589011,1.78816,1.2749,0.221191,0.300118,-1.12762,-0.674902,-1.88197,-1.61961,0.571874,-1.24132,-1.54894,-1.30771,HOROZ,1,HOROZ
0.9303,1.25464,1.25086,0.366569,1.29969,1.08208,0.936956,0.991755,-1.33109,-0.713259,-1.82381,-1.25225,-0.4749,-1.2384,-1.22553,-0.455855,HOROZ,1,HOROZ
-0.0829111,0.202994,0.440429,-0.730778,1.31301,1.08792,-0.0858879,-0.00854381,-1.08607,0.169032,-1.26385,-1.24099,0.682619,-0.950202,-1.21543,0.405968,HOROZ,1,HOROZ
1.08585,1.03489,1.01325,1.02424,0.44995,0.621106,1.07613,1.13337,1.22349,0.167335,-0.286002,-0.561603,-1.03696,-0.925761,-0.587786,-0.578904,CALI,1,CALI
-0.477645,-0.585358,-0.831034,0.354415,-1.32433,-1.60604,-0.480243,-0.44455,0.311554,0.338598,1.09624,1.45648,-0.471011,1.25098,1.4978,-0.227355,SEKER,1,SEKER
-0.574933,-0.730426,-0.864471,0.0883241,-1.2002,-1.33088,-0.584302,-0.557118,0.269024,1.02546,1.44239,1.3119,-0.247811,1.19916,1.33738,0.790305,SEKER,1,SEKER
-0.789347,-0.786802,-0.735635,-0.799668,-0.357119,-0.0657642,-0.789968,-0.8134,0.567058,0.345235,0.303334,0.269756,0.7607,0.459415,0.231296,0.652465,DERMASON,1,DERMASON
0.280752,0.283027,0.292416,0.324568,0.121581,0.380475,0.268057,0.367847,0.530438,0.690428,0.092891,-0.224098,-0.470492,-0.479977,-0.262037,0.614854,SIRA,1,SIRA
-0.485528,-0.644334,-1.04643,0.771332,-1.82452,-3.20934,-0.491668,-0.45359,0.612745,0.659564,1.45145,2.26685,-0.867506,2.05769,2.42842,0.635577,SEKER,1,SEKER
0.213747,0.198892,0.214631,0.297393,0.0441417,0.316847,0.20544,0.300118,-0.0937371,0.421224,0.229267,-0.1542,-0.437776,-0.409331,-0.193417,0.39635,SIRA,1,SIRA
-1.14138,-1.24898,-1.22245,-1.04157,-0.891381,-0.767564,-1.13584,-1.26254,1.06066,-0.116272,0.831529,0.898428,1.08214,1.36639,0.887979,0.656517,DERMASON,1,DERMASON
-0.712226,-0.862981,-0.968316,-0.135668,-1.19095,-1.31168,-0.71599,-0.719857,0.61977,0.603619,1.40707,1.30279,-0.021918,1.31366,1.32733,0.91346,SEKER,1,SEKER
1.72706,2.04074,1.10057,2.14352,-0.22216,0.0738708,1.75162,1.69057,-0.584706,-1.624,-2.3028,0.126512,-1.85647,-0.71008,0.0861628,0.717409,BARBUNYA,1,unknown
-0.878817,-0.919322,-0.94815,-0.683904,-0.765265,-0.576018,-0.881505,-0.923972,-0.235885,0.625741,0.55452,0.731444,0.627825,0.935962,0.710422,0.307182,DERMASON,1,DERMASON
-1.36815,-1.40927,-1.23631,-1.78844,-0.231224,0.0648704,-1.35584,-1.57454,0.204671,-0.895508,-0.0238236,0.129039,2.25677,0.886669,0.0887082,0.461655,DERMASON,1,DERMASON
0.958481,1.40514,1.59834,-0.0317747,2.15858,1.3967,0.961098,1.01761,-2.51592,-0.488769,-2.32716,-1.83327,-0.0958042,-1.50848,-1.73201,-0.0981689,HOROZ,1,HOROZ
1.5514,1.55014,1.25483,1.56975,0.319613,0.530836,1.5628,1.54188,-0.194046,-1.00187,-0.942783,-0.425743,-1.46257,-0.965053,-0.457771,0.0802854,BARBUNYA,1,CALI
2.28287,1.85656,1.71794,2.22823,0.356962,0.557366,2.24422,2.14376,1.00788,1.10704,0.0398576,-0.448975,-1.90261,-1.12196,-0.48011,0.502842,BARBUNYA,1,CALI
-0.662367,-0.600997,-0.471649,-0.847594,0.0793291,0.346118,-0.662218,-0.660211,0.7945,0.191387,-0.0336328,-0.203434,0.85325,-0.00222617,-0.241792,-0.147295,SIRA,1,DERMASON
1.66117,1.88772,0.871575,2.48701,-0.652506,-0.419771,1.69016,1.63513,-0.701835,-1.84097,-1.93654,0.555769,-2.01445,-0.445692,0.52607,-1.09212,BARBUNYA,1,unknown
0.428293,0.451821,0.501146,0.336339,0.377053,0.571412,0.421047,0.514601,-1.23322,0.254409,-0.117273,-0.462012,-0.484478,-0.677963,-0.492626,0.706091,SIRA,1,SIRA
1.70308,1.87846,1.00514,2.29029,-0.407303,-0.120937,1.71327,1.67044,0.0407351,-0.949002,-1.7773,0.305849,-1.92609,-0.603034,0.268128,-0.030574,BARBUNYA,1,unknown
-0.47042,-0.41888,-0.582305,-0.127273,-0.675813,-0.450998,-0.468042,-0.436276,-0.673591,-0.10563,0.062003,0.624115,-0.0104909,0.51802,0.597495,0.325113,DERMASON,1,DERMASON
1.40846,1.90114,0.861568,1.92793,-0.339297,-0.0466106,1.43685,1.41876,-0.254861,-1.85156,-2.73328,0.227642,-1.69683,-0.570433,0.188453,-0.160778,BARBUNYA,1,unknown
0.504428,0.820933,1.30178,-0.564213,2.36986,1.4585,0.493928,0.589103,0.779376,0.432961,-1.57556,-1.95293,0.478564,-1.46911,-1.83292,0.401104,HOROZ,1,HOROZ
0.638962,1.0073,0.218928,1.29756,-0.651395,-0.418296,0.668738,0.718809,-0.240405,-2.0859,-1.86011,0.606278,-1.28475,-0.0760841,0.578818,0.71393,BARBUNYA,1,unknown
0.416928,0.620035,0.901542,-0.238882,1.44055,1.142,0.409492,0.503411,0.171657,0.271541,-1.01037,-1.34007,0.114282,-1.15606,-1.30384,0.188645,HOROZ,1,HOROZ
-0.0157097,0.0762218,0.0884238,-0.0311766,0.147315,0.400989,-0.00784318,0.0626947,0.850336,-0.671453,-0.252629,-0.27733,-0.08454,-0.393313,-0.31403,-0.444299,SIRA,1,SIRA
0.802072,1.09911,1.53494,-0.259839,2.33267,1.44799,0.782932,0.872907,-1.54988,0.822175,-1.63752,-1.9347,0.136661,-1.52224,-1.81762,0.205029,HOROZ,1,HOROZ
1.49787,2.30712,1.06626,1.75998,-0.0149371,0.266303,1.53969,1.496,-1.22994,-2.49411,-3.81259,-0.103169,-1.59364,-0.780886,-0.143069,0.111145,BARBUNYA,1,unknown
0.943832,1.23258,0.643473,1.267,-0.151105,0.142666,0.938892,1.00418,0.768454,-0.0578898,-1.68444,0.0460372,-1.25568,-0.542275,0.0053576,0.4949,BARBUNYA,1,unknown
2.13487,2.27616,1.16773,2.90403,-0.588551,-0.336762,2.1785,2.0255,-0.467712,-2.40436,-2.01102,0.497492,-2.26048,-0.599113,0.465469,-0.515015,BARBUNYA,1,unknown
0.528536,0.784811,0.950019,0.0324261,1.23195,1.05188,0.575329,0.612526,-1.31078,-3.17057,-1.31418,-1.2611,-0.0664907,-1.14565,-1.23344,-2.86172,HOROZ,1,HOROZ
-1.11103,-1.24833,-1.1784,-1.02615,-0.836109,-0.681273,-1.10983,-1.22224,1.00236,0.379598,1.09548,0.833266,1.05514,1.26748,0.818423,0.803604,DERMASON,1,DERMASON
1.49984,1.77203,1.22721,1.50155,0.337888,0.543885,1.50844,1.49769,0.309349,-0.862637,-1.98826,-0.436866,-1.42069,-0.959228,-0.468472,0.297359,BARBUNYA,1,unknown
1.95323,1.74185,1.60112,1.83967,0.501998,0.655409,1.9332,1.87803,1.16011,0.407312,-0.474542,-0.606465,-1.6292,-1.13723,-0.630388,-0.523352,CALI,1,CALI
0.110219,0.280965,0.439943,-0.270157,0.838211,0.855884,0.109192,0.194075,0.203879,-0.0519784,-0.718587,-0.88305,0.159977,-0.814559,-0.88943,-0.133204,HOROZ,1,SIRA
2.90377,2.62013,1.74829,3.32372,-0.270003,0.0257652,2.91951,2.62276,0.705957,-1.19498,-1.25883,0.16416,-2.49294,-0.931687,0.124145,0.240904,BARBUNYA,1,unknown
3.05486,2.68707,2.33835,2.72082,0.64797,0.746725,3.05346,2.73547,-1.188,-0.562694,-1.12907,-0.749725,-2.14521,-1.37634,-0.765337,-1.15232,CALI,1,CALI
1.03626,1.03528,0.865584,1.17415,0.167232,0.416659,1.05347,1.08851,-0.0642082,-1.30541,-0.475482,-0.317879,-1.13414,-0.779828,-0.35348,-1.2449,CALI,1,CALI
-1.29109,-1.36893,-1.07534,-1.79643,0.058173,0.328592,-1.28832,-1.46625,0.685467,0.332983,0.395778,-0.16504,2.26889,0.534806,-0.204085,0.507385,DERMASON,1,DERMASON
2.06464,1.82672,1.54131,2.15549,0.223994,0.460344,2.06515,1.9688,-1.2157,-0.535871,-0.489577,-0.361619,-1.8219,-1.0391,-0.395885,-0.866297,CALI,1,CALI
7.58731,5.21221,4.58416,5.96578,0.674639,0.762672,7.57895,5.63015,1.01465,-0.659389,-0.79078,-0.771221,-3.50673,-1.77895,-0.785442,-1.10441,BOMBAY,1,unknown
1.22144,1.4804,0.790921,1.6393,-0.233733,0.0623693,1.22828,1.25463,1.00895,-0.751929,-1.74151,0.121301,-1.51095,-0.580293,0.0809144,0.0853673,BARBUNYA,1,unknown
-0.384431,-0.280618,-0.323744,-0.332639,-0.160998,0.133271,-0.370954,-0.338698,-0.617045,-1.08286,-0.252112,0.0463295,0.220076,0.0150545,0.00565006,0.131388,SIRA,1,SIRA
1.55048,1.89641,0.923244,2.09851,-0.37807,-0.0885725,1.59533,1.54109,-0.329137,-2.62433,-2.2964,0.284585,-1.81916,-0.575648,0.246416,0.361062,BARBUNYA,1,unknown
-0.746188,-0.768658,-0.730467,-0.67557,-0.454414,-0.174459,-0.745685,-0.760855,0.191765,0.205317,0.490875,0.373558,0.609881,0.512274,0.33751,0.511273,DERMASON,1,DERMASON
2.29318,2.26774,1.9776,1.89406,0.861845,0.868731,2.28992,2.15194,0.490193,-0.402664,-1.55627,-0.904871,-1.67295,-1.33297,-0.909601,-0.229704,CALI,1,CALI
8.95946,5.7539,4.63214,7.61958,-0.035689,0.248119,8.9092,6.3765,1.54934,0.0721288,-0.433982,-0.113634,-3.97595,-1.64202,-0.153411,-1.03904,BOMBAY,1,unknown
9.88241,6.11778,5.33576,7.57301,0.446152,0.618565,9.77208,6.85467,0.352658,1.0393,-0.265817,-0.54782,-3.97876,-1.82721,-0.574664,-0.182381,BOMBAY,1,unknown
-0.379044,-0.529805,-0.777042,0.503679,-1.34657,-1.659,-0.387867,-0.332639,0.156075,0.817103,1.3658,1.52233,-0.642895,1.23117,1.57144,0.871767,SEKER,1,SEKER
2.49689,2.57426,1.65355,2.72702,-0.0211691,0.260866,2.51793,2.31189,-0.137377,-1.41367,-2.1055,-0.0885631,-2.18802,-0.984903,-0.128619,0.419295,BARBUNYA,1,unknown
-0.181775,-0.240242,-0.317719,0.196758,-0.56304,-0.304703,-0.185622,-0.114846,1.23319,0.283848,0.691106,0.49308,-0.340378,0.233435,0.460892,0.366599,SIRA,1,SIRA
-1.57021,-1.66879,-1.44076,-2.13893,-0.225501,0.0705594,-1.55821,-1.87116,-1.29033,-0.814765,-0.0416716,0.0986016,2.95949,1.11842,0.0580779,-0.421352,DERMASON,1,unknown
-0.170805,-0.205165,-0.347349,0.283738,-0.662956,-0.433705,-0.17723,-0.10296,0.0999839,0.482942,0.538205,0.606905,-0.420305,0.314404,0.579474,0.257888,SIRA,1,SIRA
-0.660659,-0.814076,-0.976598,0.047437,-1.32132,-1.59895,-0.66764,-0.658179,1.00128,0.874558,1.43038,1.485,-0.208709,1.4405,1.52965,0.846269,SEKER,1,SEKER
-0.153923,-0.0700019,-0.12092,-0.0547749,-0.112465,0.178809,-0.14476,-0.0847127,0.345687,-0.750436,-0.166141,-0.00847823,-0.0739318,-0.147341,-0.0490825,-0.0407917,SIRA,1,SIRA
2.52369,2.27209,1.41398,3.17354,-0.498856,-0.226556,2.51818,2.33271,0.489754,-0.342013,-0.95399,0.427745,-2.4282,-0.722748,0.393303,0.654327,BARBUNYA,1,unknown
2.38633,2.36844,1.79015,2.31304,0.37412,0.569371,2.40935,2.22545,0.428588,-1.50082,-1.67286,-0.469166,-1.94913,-1.14958,-0.499489,0.331866,BARBUNYA,1,unknown
3.08804,2.81074,2.11789,3.05703,0.225219,0.461271,3.0929,2.76003,1.1811,-0.795592,-1.48245,-0.33899,-2.35383,-1.20096,-0.373966,0.0264818,BARBUNYA,1,unknown
0.0361201,0.349266,0.730148,-0.78998,1.80836,1.28203,0.0440575,0.117096,-0.213964,-0.684464,-1.41533,-1.63169,0.820793,-1.197,-1.5594,-1.2429,HOROZ,1,HOROZ
0.0773081,0.379868,-0.0415714,0.379504,-0.343383,-0.0509821,0.0985403,0.159999,-0.557452,-1.64742,-1.3714,0.254477,-0.522551,-0.0754451,0.215736,0.642234,BARBUNYA,1,unknown
1.68863,1.74149,1.81425,1.09959,1.31814,1.09015,1.72334,1.65828,-2.29578,-2.10582,-1.28957,-1.29832,-1.06052,-1.40696,-1.26669,-1.76854,CALI,1,unknown
2.67997,2.29937,1.21972,3.8588,-1.0071,-0.961302,2.66872,2.45314,1.19145,-0.137369,-0.640938,1.03557,-2.74293,-0.415529,1.0355,0.254891,BARBUNYA,1,unknown
9.03316,5.99579,5.02126,7.21423,0.393888,0.583064,9.11706,6.41534,0.284849,-2.41655,-0.981024,-0.569655,-3.83995,-1.79327,-0.595444,-2.79984,BOMBAY,1,unknown
10.0964,6.14037,4.89474,8.62964,-0.254238,0.0417804,10.0954,6.96308,0.308985,-0.875341,-0.0688512,0.0982065,-4.20657,-1.63316,0.0576808,-1.5317,BOMBAY,1,unknown
-1.07536,-1.04667,-0.970454,-1.27199,-0.295049,-1.80195e-05,-1.06916,-1.17529,-0.365953,-0.227735,-0.0961945,0.196575,1.42063,0.640787,0.156942,0.441725,DERMASON,1,DERMASON
-0.126333,0.069512,0.299168,-0.561741,0.9291,0.904481,-0.120424,-0.055008,1.35508,-0.502181,-0.790043,-1.00691,0.568741,-0.800334,-1.00342,-2.10489,HOROZ,1,HOROZ
-1.42655,-1.58262,-1.37791,-1.75004,-0.515886,-0.246949,-1.42472,-1.65831,-0.80816,0.592875,0.777355,0.443723,2.18614,1.2666,0.409801,0.534041,DERMASON,1,DERMASON
-0.477317,-0.571744,-0.670093,0.00496698,-0.888031,-0.762224,-0.480049,-0.444174,-0.071522,0.350387,1.00608,0.894604,-0.159732,0.749395,0.883889,0.67079,DERMASON,1,SEKER
1.20508,1.23589,0.953048,1.34093,0.147003,0.400742,1.20782,1.24011,1.43383,-0.532742,-0.767447,-0.263957,-1.29741,-0.795084,-0.30099,0.0436552,BARBUNYA,1,CALI
0.0359231,0.419511,0.814789,-0.904659,2.07421,1.37055,0.0403134,0.11689,0.212287,-0.424226,-1.75308,-1.79844,0.95797,-1.28056,-1.70242,-0.907265,HOROZ,1,HOROZ
-1.29622,-1.41361,-1.30525,-1.41842,-0.702787,-0.487818,-1.29058,-1.47337,1.07161,-0.0375285,0.698668,0.661478,1.64085,1.31658,0.6367,0.503094,DERMASON,1,DERMASON
9.13964,5.56735,4.33347,8.29729,-0.483585,-0.208475,9.08188,6.47126,0.946754,0.193487,0.325823,0.387093,-4.15342,-1.47821,0.351423,-0.172725,BOMBAY,1,unknown
0.896469,0.977511,0.49758,1.41246,-0.411118,-0.125208,0.910747,0.960588,-0.224938,-1.14448,-0.741003,0.322885,-1.36058,-0.35669,0.28555,0.426116,BARBUNYA,1,unknown
2.1593,1.99196,1.782,2.05997,0.537458,0.67824,2.20155,2.04515,0.112462,-2.33913,-0.880668,-0.704844,-1.70148,-1.22061,-0.723239,-3.097,CALI,1,CALI
-0.41859,-0.455279,-0.407635,-0.295969,-0.307173,-0.0126503,-0.426276,-0.377267,0.175741,0.747851,0.617105,0.211341,0.165999,0.158565,0.171909,0.50309,SIRA,1,DERMASON
2.00552,2.08033,1.25283,2.47349,-0.265404,0.0304537,2.00963,1.92076,1.01528,-0.689615,-1.65792,0.152885,-2.03501,-0.760264,0.112758,0.0111338,BARBUNYA,1,unknown
1.04526,1.21121,0.441044,1.85215,-0.739264,-0.538805,1.05935,1.09667,-0.482081,-1.1337,-1.23097,0.703867,-1.66397,-0.162592,0.681318,0.447335,BARBUNYA,1,unknown
9.07842,5.74083,4.9994,7.1726,0.397556,0.585589,9.05115,6.43914,1.21028,-0.367236,-0.24521,-0.521004,-3.86358,-1.7804,-0.549091,-0.829174,BOMBAY,1,unknown
-0.695607,-0.65987,-0.477781,-0.940114,0.157542,0.409058,-0.698497,-0.699904,1.71972,0.505968,0.120565,-0.270959,0.963637,-0.0313026,-0.307819,0.160592,DERMASON,1,DERMASON
-0.789478,-0.595049,-0.389179,-1.34155,0.71055,0.783802,-0.783965,-0.81356,1.0031,-0.274532,-0.920584,-0.763319,1.52739,-0.327772,-0.778056,0.387665,HOROZ,1,DERMASON
-0.288917,-0.337367,-0.44775,0.127668,-0.682254,-0.459723,-0.296395,-0.23216,-0.109242,0.640661,0.665042,0.642315,-0.283538,0.413422,0.616578,0.691415,DERMASON,1,DERMASON
1.16981,1.37685,0.90431,1.32536,0.103168,0.365607,1.1738,1.20869,0.887263,-0.594904,-1.4942,-0.208241,-1.30025,-0.754792,-0.246505,0.539037,BARBUNYA,1,unknown
1.92906,2.28175,1.38027,2.2535,-0.00372082,0.276037,1.98672,1.8582,-0.911985,-3.07959,-2.58128,-0.204877,-1.81929,-0.932718,-0.243207,-3.2151,BARBUNYA,1,unknown
-0.414845,-0.0300825,0.427968,-1.477,2.21539,1.41383,-0.413947,-0.373027,0.808487,0.00019141,-1.7962,-1.85713,1.73676,-1.16865,-1.75222,0.41457,HOROZ,1,HOROZ
1.8907,1.61592,0.747686,3.15199,-1.10867,-1.14775,1.88111,1.82663,1.36922,-0.0528621,-0.130503,1.171,-2.40818,-0.129308,1.18268,0.270573,BARBUNYA,1,unknown
-0.702176,-0.83976,-1.19897,0.399727,-1.81489,-3.16683,-0.708502,-0.707782,0.598636,0.846722,1.31203,2.25592,-0.546416,2.27701,2.4155,0.804133,SEKER,1,SEKER
0.0890667,0.495704,0.915835,-0.956605,2.29309,1.43663,0.0926014,0.172194,0.885725,-0.374576,-1.86673,-1.90142,0.968997,-1.34525,-1.78962,0.591285,HOROZ,1,HOROZ
-0.370176,-0.246212,-0.18173,-0.518377,0.199972,0.442029,-0.365855,-0.322677,0.98488,-0.309549,-0.37021,-0.31772,0.441426,-0.2522,-0.353326,-0.0728514,SIRA,1,SIRA
2.04632,1.88354,1.34943,2.42017,-0.137249,0.155726,2.04436,1.95394,-1.62014,-0.424853,-0.777359,0.000538345,-1.98718,-0.850499,-0.040095,-0.64152,BARBUNYA,1,CALI
8.05102,5.09508,4.10656,7.28753,-0.251988,0.0440528,7.9633,5.8875,0.789952,0.9376,0.213229,0.122134,-3.89833,-1.50327,0.0817531,-0.583448,BOMBAY,1,unknown
1.37542,1.33665,0.800055,1.93003,-0.405395,-0.118805,1.36752,1.39002,0.597789,-0.0124712,-0.61526,0.322868,-1.72016,-0.505057,0.285533,0.651824,BARBUNYA,1,CALI
10.5322,6.4444,5.50527,8.03931,0.357737,0.55791,10.4117,7.18113,1.36215,1.10458,-0.359892,-0.457863,-4.09912,-1.82913,-0.488645,0.192109,BOMBAY,1,unknown
0.417913,0.371609,0.110625,0.971745,-0.56836,-0.31134,0.403295,0.504382,-0.801817,0.743955,0.262242,0.498478,-1.02278,-0.0586571,0.466492,0.340285,SIRA,1,SIRA
-1.25805,-1.28964,-0.979151,-1.83701,0.271725,0.496005,-1.25559,-1.42055,0.237789,0.345596,0.0967612,-0.374917,2.34982,0.322311,-0.408747,0.319195,DERMASON,1,DERMASON
2.09177,1.88725,1.96772,1.56866,1.10151,0.990976,2.05786,1.99075,2.00963,0.981157,-0.657539,-1.10558,-1.44203,-1.38902,-1.09333,-0.619755,CALI,1,CALI
1.40951,2.22616,1.36852,1.12234,0.784718,0.826242,1.44621,1.41967,-0.67836,-2.26628,-3.80112,-0.833235,-1.13373,-1.13912,-0.843233,0.0864141,BARBUNYA,1,unknown
2.33831,2.28845,1.35773,2.94566,-0.429921,-0.146419,2.33621,2.18764,0.945841,-0.457206,-1.51099,0.331602,-2.29498,-0.735928,0.294473,-0.00736464,BARBUNYA,1,unknown
-0.517717,-0.596972,-0.849184,0.247141,-1.28131,-1.50687,-0.519878,-0.490649,0.642116,0.322958,0.907734,1.41384,-0.38981,1.24507,1.45031,0.39221,SEKER,1,SEKER
-0.476857,-0.633695,-0.911033,0.48635,-1.50303,-2.06936,-0.484632,-0.443647,0.456848,0.79918,1.43566,1.75665,-0.628443,1.53553,1.83629,0.906328,SEKER,1,SEKER
0.927409,1.22195,1.10189,0.658914,0.852152,0.86348,0.963616,0.989097,1.29544,-2.37635,-1.69876,-0.968324,-0.655714,-1.09771,-0.96804,-3.03156,HOROZ,1,unknown
0.367003,0.652297,0.938883,-0.380205,1.643,1.22182,0.369986,0.454028,-2.84154,-0.400312,-1.37685,-1.49295,0.284966,-1.21949,-1.43867,-0.179901,HOROZ,1,HOROZ
-0.217642,-0.364296,-0.790698,1.03851,-1.66091,-2.56678,-0.225645,-0.153868,-0.138574,0.637598,1.2713,1.98853,-1.07775,1.53852,2.10278,0.405172,SEKER,1,SEKER
-0.630507,-0.694283,-0.635317,-0.498424,-0.462573,-0.183904,-0.633104,-0.622427,0.203224,0.4333,0.799973,0.379817,0.400327,0.431213,0.343942,0.408223,DERMASON,1,DERMASON
-1.2078,-1.30371,-1.1544,-1.37566,-0.495394,-0.22244,-1.20375,-1.35186,0.0165762,0.107217,0.659276,0.407824,1.592,0.96677,0.372763,0.0882997,DERMASON,1,DERMASON
2.07056,2.2949,1.90937,1.61702,0.99961,0.940723,2.0851,1.97359,-0.249907,-1.15303,-2.24836,-1.02884,-1.47217,-1.35208,-1.02347,-0.747333,BARBUNYA,1,unknown
0.322334,0.283207,0.166685,0.644773,-0.27723,0.0183686,0.30653,0.409534,0.136658,0.878556,0.292367,0.171544,-0.746935,-0.240433,0.131608,0.228528,SIRA,1,SIRA
-0.192352,-0.136781,-0.064786,-0.26843,0.142283,0.397002,-0.198662,-0.126326,-1.06924,0.486142,0.0071428,-0.241838,0.128664,-0.289065,-0.27939,0.700161,SIRA,1,SIRA
0.621554,0.848387,0.418032,0.90614,-0.161575,0.132721,0.638785,0.702161,-0.594941,-1.32612,-1.22815,0.0655166,-0.984021,-0.423477,0.0248686,0.808775,BARBUNYA,1,unknown
2.14735,2.12725,1.07127,3.05077,-0.756137,-0.562869,2.16908,2.03554,0.363985,-1.46261,-1.43562,0.730514,-2.36588,-0.468121,0.70944,0.659765,BARBUNYA,1,unknown
-0.793288,-0.740913,-0.692012,-0.876228,-0.224933,0.0711227,-0.788032,-0.818223,-0.459043,-0.247137,-0.0306565,0.118674,0.872448,0.338708,0.0782694,0.327057,DERMASON,1,DERMASON
1.81541,1.79636,1.34317,1.94081,0.159638,0.410706,1.81055,1.76432,-0.281256,-0.25584,-1.12032,-0.269707,-1.71715,-0.942114,-0.306599,0.282649,BARBUNYA,1,CALI
0.0401929,0.00563819,-0.190271,0.555801,-0.653255,-0.420766,0.0321152,0.121351,-0.265024,0.492982,0.442305,0.599394,-0.67427,0.192383,0.571616,0.396775,SIRA,1,SIRA
8.54942,5.60746,4.68917,7.00685,0.259713,0.487121,8.46062,6.15816,-1.26561,0.868804,-0.568122,-0.396875,-3.81697,-1.7127,-0.429953,-0.930898,BOMBAY,1,unknown
1.44433,1.45029,0.569656,2.53024,-0.975016,-0.905703,1.45048,1.44984,1.1605,-0.736016,-0.874011,0.987256,-2.06821,-0.110987,0.983355,0.0343781,BARBUNYA,1,unknown
-0.304814,-0.433586,-0.556629,0.285619,-0.931557,-0.832739,-0.315761,-0.249761,0.0235381,0.940999,1.19093,0.951715,-0.437474,0.675693,0.945118,0.728312,SEKER,1,SEKER
0.439329,0.437759,0.384109,0.586788,0.0319411,0.306555,0.441575,0.525451,1.11229,-0.367892,0.00702611,-0.165186,-0.674624,-0.502153,-0.204229,-0.456389,SIRA,1,SIRA
-0.542482,-0.512477,-0.376187,-0.634562,0.0251855,0.300823,-0.524461,-0.519325,0.0666851,-1.48826,0.19157,-0.180274,0.625757,-0.0588488,-0.219061,-1.25982,SIRA,1,SIRA
2.33483,2.71287,1.71401,2.37353,0.25776,0.48567,2.38333,2.18489,-0.370602,-2.55731,-2.95105,-0.383788,-1.96323,-1.09997,-0.417318,-0.50736,BARBUNYA,1,unknown
-1.17351,-1.30159,-1.1693,-1.25509,-0.627818,-0.38727,-1.17115,-1.30554,0.647779,0.290775,0.954388,0.582858,1.37822,1.0949,0.554334,0.867883,DERMASON,1,DERMASON
8.74668,5.80901,4.79374,7.01746,0.326523,0.535785,8.66615,6.26367,1.00053,0.67559,-0.853504,-0.429425,-3.8395,-1.73406,-0.461315,0.182409,BOMBAY,1,unknown
10.1651,6.12886,4.68757,9.00483,-0.511699,-0.241914,10.1479,6.99767,-0.73404,-0.602287,0.0448013,0.407259,-4.30266,-1.5317,0.372182,-0.585046,BOMBAY,1,unknown
2.04264,2.2582,1.45409,2.23693,0.081996,0.348312,2.06334,1.95095,-0.667451,-1.42432,-2.19566,-0.216118,-1.881,-0.961794,-0.254224,-0.521341,BARBUNYA,1,unknown
-0.435932,-0.553199,-0.642811,0.0681943,-0.89586,-0.774726,-0.445448,-0.396946,0.534747,0.921321,1.15333,0.909719,-0.22963,0.732059,0.900068,0.84819,SEKER,1,SEKER
-0.727664,-0.865167,-1.17782,0.258656,-1.70967,-2.74229,-0.73187,-0.738455,0.280474,0.659162,1.30779,2.08642,-0.420511,2.12258,2.2166,0.993123,SEKER,1,SEKER
0.279241,0.263001,0.135274,0.627261,-0.303068,-0.00836135,0.267669,0.366328,0.719725,0.614096,0.195326,0.173142,-0.702089,-0.221375,0.133224,-0.711276,SIRA,1,SIRA
1.97892,1.73438,1.54535,2.02618,0.314263,0.526991,2.00951,1.89904,0.0980548,-1.86691,-0.363647,-0.470207,-1.71581,-1.07603,-0.500487,-1.78567,CALI,1,CALI
7.02756,4.66906,3.33551,7.25315,-0.756842,-0.563882,7.03199,5.31188,0.730568,-0.917842,-0.030819,0.683104,-3.88191,-1.20506,0.659445,-1.00624,BOMBAY,1,unknown
0.244031,0.214145,0.123048,0.524144,-0.243497,0.0525997,0.228357,0.330815,1.03761,0.918226,0.293993,0.138632,-0.644261,-0.229616,0.0983781,0.338174,SIRA,1,SIRA
1.74283,1.70234,1.61856,1.52116,0.754933,0.80939,1.79345,1.70378,-1.01049,-2.83092,-0.963276,-0.887893,-1.3396,-1.23118,-0.89391,-3.0137,CALI,1,CALI
1.92886,1.68082,1.59827,1.81693,0.515113,0.663903,1.91345,1.85804,0.923568,0.204132,-0.29102,-0.629733,-1.60177,-1.14381,-0.652419,-0.971543,CALI,1,CALI
0.621554,0.59247,0.507824,0.769005,0.0451412,0.317687,0.604185,0.702161,-0.863329,0.809563,0.012449,-0.151506,-0.862391,-0.557262,-0.190764,0.532817,SIRA,1,SIRA
0.309458,0.710519,0.180613,0.580576,-0.213695,0.0822298,0.325896,0.396654,0.416308,-1.2913,-1.88496,0.111347,-0.699119,-0.275084,0.0708951,0.491167,BARBUNYA,1,unknown
3.16489,2.45849,2.1406,3.16766,0.180643,0.427108,3.14138,2.81667,0.892574,0.231332,0.00265973,-0.304643,-2.40309,-1.19668,-0.340618,-0.272308,CALI,1,CALI
-0.342651,-0.484158,-0.833884,0.754419,-1.55978,-2.23706,-0.346101,-0.291863,0.53218,0.335951,1.29025,1.82686,-0.844578,1.48707,1.91652,0.353163,SEKER,1,SEKER
1.26112,1.21266,1.17127,1.15117,0.535111,0.676743,1.26185,1.28975,-0.941694,-0.435647,-0.462908,-0.641896,-1.13077,-1.01031,-0.663919,-0.763473,BARBUNYA,1,CALI
2.16712,2.08382,1.90275,1.74486,0.894056,0.886001,2.15559,2.05142,0.56136,-0.0261432,-1.2159,-0.911167,-1.59581,-1.31561,-0.915415,0.558461,BARBUNYA,1,CALI
1.38547,1.30006,1.01708,1.60787,0.033294,0.3077,1.38934,1.39877,-0.618029,-0.615174,-0.417347,-0.150191,-1.49098,-0.778706,-0.189469,0.147676,BARBUNYA,1,CALI
2.04664,2.22269,1.3903,2.36998,-0.06573,0.221386,2.05869,1.9542,1.44861,-1.04346,-2.06007,-0.0828474,-1.94776,-0.894161,-0.122959,-1.02013,BARBUNYA,1,unknown
2.70414,3.04711,1.36845,3.65425,-0.781178,-0.59916,2.74651,2.47162,0.402026,-2.22939,-3.112,0.731264,-2.63602,-0.594161,0.710233,-0.369638,BARBUNYA,1,unknown
-1.24215,-1.30555,-1.07403,-1.63886,-0.105955,0.184814,-1.23551,-1.39872,0.809161,-0.197594,0.36086,0.000513202,1.99603,0.63089,-0.0401201,0.532376,DERMASON,1,DERMASON
-1.02833,-1.0251,-0.779956,-1.41715,0.155935,0.407793,-1.02346,-1.11403,-0.875164,-0.0988549,0.131069,-0.283386,1.67525,0.197406,-0.319931,-0.361315,DERMASON,1,DERMASON
0.98364,1.14187,0.958733,0.845652,0.525601,0.670654,0.984338,1.04062,-0.604766,-0.385179,-1.15292,-0.594779,-0.93209,-0.917243,-0.619307,0.727132,BARBUNYA,1,CALI
0.270504,0.238708,0.0512901,0.723973,-0.472954,-0.195999,0.263086,0.357534,-0.424554,0.33317,0.287192,0.381228,-0.809207,-0.0755797,0.345392,0.0440261,SIRA,1,SIRA
2.3232,2.29772,1.0239,3.50961,-1.02193,-0.98751,2.34589,2.1757,0.257003,-1.49157,-1.58501,1.06131,-2.58766,-0.314989,1.06336,0.466781,BARBUNYA,1,unknown
-0.615267,-0.709328,-0.851473,-0.0678904,-1.0795,-1.09249,-0.617999,-0.604443,0.617118,0.435989,1.01004,1.15265,-0.0948829,1.08694,1.16265,0.968976,SEKER,1,SEKER
-1.15465,-1.33145,-1.43855,-0.655207,-1.5006,-2.06242,-1.15224,-1.28026,0.29812,0.268938,1.36625,1.74995,0.573679,2.28881,1.82865,0.810386,SEKER,1,SEKER
0.476509,0.808786,1.05864,-0.274635,1.69429,1.24095,0.47624,0.561878,-2.41117,-0.214361,-1.63438,-1.55202,0.201463,-1.27636,-1.49026,-1.15924,HOROZ,1,HOROZ
-0.394613,-0.439888,-0.830872,0.579148,-1.45733,-1.94211,-0.394,-0.350168,0.68878,0.0159499,0.668892,1.67823,-0.701736,1.38936,1.74715,0.614168,SEKER,1,SEKER
7.22207,4.89704,4.1245,6.12838,0.25902,0.486606,7.16684,5.42346,0.473572,0.387247,-0.419765,-0.375341,-3.57588,-1.62414,-0.409156,-0.144951,BOMBAY,1,unknown
2.13914,2.4874,1.22243,2.76883,-0.462945,-0.184337,2.16947,2.02894,0.84917,-1.83312,-2.71624,0.382695,-2.21275,-0.664351,0.3469,0.495522,BARBUNYA,1,unknown
1.10287,1.25075,1.44802,0.428785,1.48865,1.16161,1.09382,1.1487,-1.07919,0.125082,-1.19569,-1.38134,-0.544608,-1.33575,-1.34042,-0.0801137,HOROZ,1,HOROZ
1.26591,1.23054,0.386385,2.45129,-1.11721,-1.1642,1.26908,1.29398,0.170681,-0.563833,-0.526619,1.19746,-2.04154,0.0912548,1.2116,0.76872,BARBUNYA,1,unknown
-0.369716,-0.291824,-0.307831,-0.318032,-0.15108,0.14269,-0.362821,-0.322161,-0.939185,-0.527702,-0.0984358,0.0348308,0.205298,-0.00176039,-0.00585306,0.0872673,SIRA,1,SIRA
1.99784,1.7609,1.24076,2.49507,-0.290016,0.00519737,1.9986,1.91449,1.48042,-0.539225,-0.417461,0.169038,-2.03807,-0.749778,0.129075,-0.355103,BARBUNYA,1,CALI
-0.418721,-0.605833,-0.868668,0.575684,-1.50186,-2.06601,-0.43157,-0.377416,0.69606,1.19892,1.63188,1.75483,-0.707845,1.48278,1.83421,0.905351,SEKER,1,SEKER
-0.0882977,0.0154745,0.1738,-0.361695,0.556635,0.690411,-0.0946025,-0.0142891,-0.190711,0.427875,-0.295511,-0.635152,0.249544,-0.590714,-0.657544,0.222188,SIRA,1,SIRA
0.609139,1.04198,0.821554,0.349461,0.772057,0.81911,0.642723,0.690264,-0.702962,-2.32551,-2.11912,-0.87277,-0.412321,-0.965065,-0.879912,-1.8711,HOROZ,1,unknown
-0.762742,-0.82109,-0.730026,-0.72655,-0.411112,-0.1252,-0.766665,-0.78095,-0.669038,0.65864,0.732949,0.326013,0.672343,0.485484,0.288751,0.537953,DERMASON,1,DERMASON
0.231024,0.262766,0.275396,0.285809,0.130918,0.387953,0.224225,0.317648,0.848519,0.30805,-0.0374564,-0.273413,-0.384574,-0.491852,-0.310212,-0.886514,SIRA,1,SIRA
9.46981,5.88367,4.98942,7.62074,0.198248,0.440705,9.37992,6.64309,1.30926,0.739946,-0.140474,-0.320056,-3.99011,-1.7369,-0.355594,-0.221796,BOMBAY,1,unknown
-0.856483,-0.930902,-1.23789,-0.0400819,-1.61345,-2.40671,-0.849744,-0.896156,0.551612,-0.375066,0.80833,1.92672,-0.119533,2.09884,2.03132,0.847648,SEKER,1,SEKER
-0.118121,-0.0735435,-0.252275,0.247266,-0.515252,-0.246185,-0.116099,-0.0461947,0.39041,-0.203196,0.0498951,0.44097,-0.392235,0.158688,0.406956,0.462292,SIRA,1,SIRA
-1.40756,-1.51218,-1.2294,-1.93793,-0.0603046,0.226251,-1.40606,-1.63091,0.691401,0.618591,0.39462,-0.044929,2.52316,0.770511,-0.0853481,0.572531,DERMASON,1,DERMASON
0.831435,1.21116,1.52466,-0.149725,2.19194,1.4068,0.834252,0.900296,-2.02464,-0.479072,-1.9981,-1.87766,0.0631743,-1.50333,-1.76957,-1.10151,HOROZ,1,HOROZ
8.47945,5.65199,4.62029,7.02527,0.204592,0.445571,8.44215,6.12052,0.382292,-0.131223,-0.780611,-0.344359,-3.82243,-1.69153,-0.379171,-0.906673,BOMBAY,1,unknown
-0.0481608,0.0644279,0.221444,-0.297157,0.562563,0.694148,-0.0501254,0.0283947,-1.92844,0.0769268,-0.356053,-0.67163,0.220235,-0.629529,-0.691979,-0.983551,SIRA,1,SIRA
0.773299,1.00234,0.59804,0.969311,0.00526364,0.283787,0.780608,0.845966,-0.555202,-0.734434,-1.32564,-0.116419,-1.02164,-0.58581,-0.156162,0.366965,BARBUNYA,1,unknown
10.1457,6.31771,5.28096,7.99249,0.233654,0.46764,10.0436,6.98791,0.748723,0.853601,-0.478537,-0.363129,-4.07522,-1.78312,-0.397347,-0.581464,BOMBAY,1,unknown
-0.345805,-0.345384,-0.422643,-0.0790655,-0.49718,-0.224562,-0.345714,-0.295385,0.706791,0.0389129,0.371394,0.430255,-0.0778425,0.282229,0.395894,0.810617,DERMASON,1,DERMASON
-1.26554,-1.35652,-1.13423,-1.61319,-0.234071,0.0620325,-1.26392,-1.43087,0.73874,0.460027,0.53828,0.131527,1.95702,0.773472,0.0912158,0.442641,DERMASON,1,DERMASON
2.01104,2.00778,1.04026,2.88667,-0.701216,-0.485653,2.02158,1.92525,0.622092,-0.975654,-1.36899,0.628494,-2.24972,-0.494021,0.602084,-0.576185,BARBUNYA,1,unknown
8.08373,5.31311,4.30569,6.95239,0.0204512,0.296793,8.03198,5.90545,0.665191,0.19793,-0.378239,-0.137192,-3.8213,-1.59757,-0.17666,0.157643,BOMBAY,1,unknown
0.175121,0.492972,-0.0158479,0.578807,-0.454166,-0.174172,0.195693,0.260755,-0.0225531,-1.58573,-1.46755,0.379258,-0.704885,-0.033586,0.343368,0.723788,BARBUNYA,1,unknown
7.33375,4.62183,3.23316,7.80235,-1.01508,-0.975366,7.24231,5.48704,0.432957,1.1641,0.60173,1.0509,-4.04582,-1.07662,1.05208,0.418899,BOMBAY,1,unknown
-0.439742,-0.483065,-0.41973,-0.332816,-0.294073,0.000995326,-0.446094,-0.401278,-0.616288,0.646128,0.662647,0.196495,0.207981,0.160184,0.15686,0.476677,DERMASON,1,DERMASON
7.64229,5.33774,4.43591,6.34071,0.384602,0.57665,7.70838,5.66095,0.951586,-2.21472,-1.05912,-0.552224,-3.59733,-1.711,-0.578859,-2.45779,BOMBAY,1,unknown
1.18498,1.1112,0.807737,1.4985,-0.123143,0.168907,1.17787,1.22222,0.221964,-0.00331069,-0.273222,0.0295358,-1.4369,-0.623479,-0.0111465,0.948054,BARBUNYA,1,CALI
-0.143478,-0.113705,-0.0749977,-0.110982,-0.00494624,0.274977,-0.151216,-0.0734506,0.867811,0.570757,0.144384,-0.110931,-0.0231502,-0.223398,-0.15074,0.193414,SIRA,1,SIRA
0.809429,0.796197,0.599788,1.07685,-0.0694741,0.21802,0.80346,0.879779,-0.904359,0.0405608,-0.22202,-0.0627867,-1.08311,-0.565247,-0.103076,-0.424137,BARBUNYA,1,SIRA
-0.592144,-0.645794,-0.737808,-0.199737,-0.833665,-0.677545,-0.591726,-0.577264,0.824592,0.127924,0.734733,0.819689,0.0628987,0.771924,0.803973,0.442123,SIRA,1,DERMASON
-1.44908,-1.5462,-1.32616,-1.92366,-0.248701,0.047367,-1.43924,-1.69104,-0.230946,-0.531051,0.246502,0.153739,2.49151,1.00951,0.11362,0.684765,DERMASON,1,DERMASON
-0.275976,-0.225225,-0.187354,-0.279793,-0.0167187,0.264751,-0.279289,-0.217869,-1.04231,0.28882,0.0532357,-0.0916063,0.149222,-0.143478,-0.131631,0.471686,DERMASON,1,SIRA
-0.437049,-0.410794,-0.590117,-0.0253236,-0.760431,-0.569043,-0.434733,-0.398215,0.0719948,-0.113596,0.219318,0.733538,-0.125737,0.585025,0.712635,0.583302,SIRA,1,DERMASON
0.203237,0.131034,0.110142,0.43841,-0.196215,0.0993498,0.189173,0.289431,0.210681,0.830976,0.561338,0.0946611,-0.573752,-0.241688,0.054118,0.552483,SIRA,1,SIRA
2.95915,2.72282,2.72773,2.07106,1.51139,1.17074,2.97096,2.66424,0.609053,-1.04785,-1.48517,-1.4485,-1.73385,-1.64406,-1.39967,-2.17175,CALI,1,unknown
-0.341206,-0.53684,-0.741422,0.539148,-1.32354,-1.60418,-0.356817,-0.29025,1.06848,1.36571,1.66096,1.49242,-0.678058,1.17386,1.53795,0.98411,SEKER,1,SEKER
8.5393,5.30103,4.31905,7.49303,-0.191615,0.103824,8.4244,6.15272,1.16488,1.38435,0.291117,0.0906512,-3.97144,-1.54646,0.0500895,0.582018,BOMBAY,1,unknown
1.28102,1.93084,1.32134,0.968361,0.854915,0.86498,1.34816,1.30731,-0.00589546,-3.85075,-3.21055,-0.910488,-0.989411,-1.14955,-0.914787,-0.673937,BARBUNYA,1,unknown
1.70295,1.92073,0.873652,2.50884,-0.662351,-0.432896,1.73432,1.67033,-0.607524,-1.94611,-1.93606,0.607985,-2.06325,-0.425803,0.580604,0.320543,BARBUNYA,1,unknown
1.98871,2.07861,1.22943,2.48923,-0.297891,-0.00296936,1.9975,1.90704,0.434316,-0.897187,-1.69896,0.181903,-2.03878,-0.74072,0.142086,-0.196411,BARBUNYA,1,unknown
0.256315,0.150721,-0.343797,1.41738,-1.35188,-1.67183,0.252887,0.343227,0.518823,0.064704,0.716353,1.52687,-1.37387,0.802222,1.57652,0.767729,SEKER,1,SEKER
9.50068,5.93395,4.80532,7.99691,-0.0726155,0.21519,9.45144,6.65904,0.62313,0.00144078,-0.239037,-0.0709973,-4.07198,-1.65771,-0.111218,-0.84152,BOMBAY,1,unknown
0.674172,1.52417,0.283558,1.2975,-0.578351,-0.323874,0.723027,0.75236,-0.0379432,-3.21311,-3.70925,0.496718,-1.26032,-0.163803,0.464666,-0.127608,BARBUNYA,1,unknown
-0.89432,-0.980159,-0.869622,-0.878838,-0.489565,-0.215532,-0.895383,-0.943364,1.2933,0.465679,0.871374,0.411292,0.871345,0.665362,0.376337,0.44471,DERMASON,1,DERMASON
1.61243,1.68051,1.0324,2.06152,-0.242473,0.0536265,1.63323,1.59386,1.15635,-1.45578,-1.2827,0.124251,-1.78258,-0.683149,0.0838854,-0.142619,BARBUNYA,1,unknown
0.045711,0.0519699,0.00569921,0.252272,-0.187972,0.107358,0.0409589,0.127111,-0.161051,0.244827,0.203405,0.0624279,-0.371736,-0.193713,0.0217728,-0.304826,SIRA,1,SIRA
1.08139,0.999757,0.8889,1.17696,0.191909,0.435825,1.0689,1.12934,0.753212,0.320865,-0.136068,-0.302663,-1.17918,-0.78364,-0.338693,0.204094,BARBUNYA,1,CALI
0.225769,0.234869,0.211289,0.331098,0.0133688,0.290743,0.213316,0.312321,-0.484636,0.704649,0.0892922,-0.123261,-0.470033,-0.394253,-0.162917,0.41244,SIRA,1,SIRA
-0.284778,-0.347038,-0.301985,-0.113411,-0.308575,-0.0141169,-0.293555,-0.227586,0.257996,0.745547,0.751415,0.213434,-0.032,0.0818031,0.174032,0.523996,DERMASON,1,SIRA
0.288372,0.660114,0.878926,-0.468815,1.65615,1.22676,0.287616,0.375506,-0.0314421,-0.128888,-1.74764,-1.50213,0.387155,-1.20303,-1.44671,-0.181571,HOROZ,1,HOROZ
-0.745597,-0.825863,-1.01767,-0.139858,-1.25485,-1.44793,-0.745879,-0.760139,0.294228,0.282885,0.892379,1.39016,-0.0151955,1.42974,1.42401,0.847157,SEKER,1,SEKER
-0.1285,-0.159871,-0.224168,0.167909,-0.42082,-0.136118,-0.137853,-0.0573368,0.398243,0.688407,0.503419,0.336644,-0.317783,0.0869989,0.299638,0.532659,SIRA,1,SIRA
0.79524,0.920064,0.753523,0.801052,0.315571,0.527932,0.798489,0.866519,-0.530623,-0.498326,-0.868867,-0.435587,-0.859455,-0.777743,-0.467243,-0.433424,BARBUNYA,1,CALI
-0.529475,-0.551422,-0.419121,-0.581286,-0.0839033,0.204975,-0.533822,-0.504247,-0.502503,0.528275,0.527257,-0.0239829,0.496845,0.048829,-0.0645216,0.460804,DERMASON,1,DERMASON
0.734279,1.06339,1.42498,-0.257242,2.17862,1.40279,0.726577,0.809267,-1.3932,0.168242,-1.73825,-1.8397,0.135064,-1.46733,-1.73746,0.169461,HOROZ,1,HOROZ
-0.302974,-0.0349038,0.237032,-0.968724,1.27434,1.07089,-0.303819,-0.247722,-1.66763,0.0979593,-1.16841,-1.21578,0.99844,-0.854002,-1.19282,0.255163,HOROZ,1,HOROZ
-0.865482,-0.859834,-0.806858,-0.897434,-0.379095,-0.0896971,-0.860525,-0.907347,-0.780679,-0.186144,0.241455,0.285546,0.899298,0.533395,0.247396,0.355125,DERMASON,1,DERMASON
7.43274,5.01335,4.23399,6.30196,0.257663,0.485598,7.42105,5.54312,-0.330149,-0.581075,-0.447093,-0.402635,-3.60885,-1.64748,-0.435508,-1.21935,BOMBAY,1,unknown
-0.00605318,0.124124,-0.0408135,0.227209,-0.228589,0.0674919,0.0102317,0.0728656,-1.22342,-1.29669,-0.465027,0.0827276,-0.320696,-0.155671,0.0421332,-1.1127,SIRA,1,SIRA
0.974903,0.977186,0.857083,0.989032,0.294344,0.512573,0.972783,1.03264,-0.919203,-0.22504,-0.437485,-0.390124,-1.04264,-0.803202,-0.423437,0.541606,BARBUNYA,1,SIRA
1.17237,1.1302,0.936718,1.33137,0.135404,0.391532,1.15708,1.21097,-0.162212,0.440203,-0.407867,-0.275228,-1.26608,-0.792723,-0.311981,-0.793133,CALI,1,CALI
2.36741,2.01621,1.89245,2.20809,0.548958,0.685553,2.36629,2.21057,1.24853,-0.501702,-0.379786,-0.675568,-1.835,-1.24208,-0.69569,-1.5911,CALI,1,CALI
1.82842,1.59687,1.3571,1.93973,0.175016,0.422734,1.8112,1.77512,-1.13985,0.316345,-0.246814,-0.281696,-1.71923,-0.951044,-0.318284,0.385541,BARBUNYA,1,CALI
0.0676516,0.31044,0.666421,-0.674056,1.58059,1.19796,0.0674903,0.149966,-0.934011,-0.100184,-1.07333,-1.44746,0.631196,-1.11126,-1.39875,-0.108227,HOROZ,1,HOROZ
1.29015,1.37046,1.32314,0.971738,0.854241,0.864614,1.28503,1.31535,0.275634,-0.134794,-1.05549,-0.901885,-1.00173,-1.14731,-0.906843,-0.357096,CALI,1,CALI
1.02378,1.05199,0.603486,1.50772,-0.354597,-0.0630402,1.02823,1.07718,-0.531504,-0.601125,-0.599978,0.265284,-1.43336,-0.434264,0.22674,0.590978,BARBUNYA,1,unknown
-0.399736,-0.265974,-0.362416,-0.289866,-0.249709,0.0463519,-0.398196,-0.355949,-1.22112,-0.0615633,-0.428141,0.122691,0.193982,0.0805134,0.0823143,-0.476052,SIRA,1,SIRA
8.16664,5.1747,4.27092,7.12013,-0.0734324,0.214453,8.0782,5.95082,1.13311,0.930452,0.141066,-0.0442297,-3.86593,-1.57034,-0.0846534,0.108997,BOMBAY,1,unknown
0.997173,1.24654,0.470097,1.6907,-0.613465,-0.368643,1.01907,1.05297,-0.0980118,-1.56616,-1.55297,0.552947,-1.55514,-0.244213,0.52313,0.410304,BARBUNYA,1,unknown
1.4507,1.74209,0.859977,2.0191,-0.396256,-0.108632,1.46758,1.45535,-0.636079,-1.2727,-2.02608,0.290764,-1.75602,-0.545078,0.252722,-0.133318,BARBUNYA,1,unknown
-1.25089,-1.36108,-1.31414,-1.2429,-0.868964,-0.732108,-1.24662,-1.4107,-0.50411,0.108277,0.710762,0.865878,1.37479,1.4663,0.853191,0.511092,DERMASON,1,DERMASON
2.4082,2.0876,1.24073,3.32407,-0.735832,-0.533947,2.39573,2.24262,0.301907,-0.0361991,-0.552239,0.66777,-2.47187,-0.565429,0.643314,-0.657364,BARBUNYA,1,unknown
-0.830469,-1.03066,-1.19313,-0.0467536,-1.54969,-2.20641,-0.838189,-0.86394,0.818786,1.10846,1.75884,1.82394,-0.109651,1.95909,1.91317,0.759789,SEKER,1,SEKER
0.801086,1.14846,1.40914,-0.0355115,1.91065,1.31724,0.823536,0.871986,-1.91048,-1.62067,-1.84925,-1.71955,-0.0236923,-1.4276,-1.63504,-2.07051,HOROZ,1,HOROZ
1.97898,1.8732,1.25573,2.38908,-0.212583,0.0833253,1.97471,1.8991,-0.690579,-0.311083,-0.935914,0.113901,-2.00167,-0.775424,0.0734651,0.626394,BARBUNYA,1,unknown
1.58208,2.03806,1.07682,1.92487,-0.110519,0.180607,1.6127,1.56805,-0.805016,-1.93147,-2.70635,-0.0131448,-1.69545,-0.752072,-0.0537313,-0.138422,BARBUNYA,1,unknown
-0.64739,-0.592572,-0.430502,-0.894081,0.184983,0.430473,-0.649372,-0.642417,-0.815328,0.385891,0.0127354,-0.284741,0.884324,-0.0717828,-0.32125,0.628467,DERMASON,1,DERMASON
-0.50044,-0.603508,-0.749514,0.0857451,-1.04782,-1.03408,-0.507549,-0.470729,0.940107,0.757389,1.06775,1.10519,-0.245326,0.950404,1.11098,0.792884,SEKER,1,SEKER
0.652954,0.68034,0.688058,0.553093,0.432916,0.609669,0.641496,0.732161,0.441556,0.428234,-0.298075,-0.514502,-0.679444,-0.780119,-0.542882,0.636375,BARBUNYA,1,SIRA
-0.316244,-0.512685,-0.754425,0.645502,-1.40194,-1.79634,-0.329769,-0.262448,0.426595,1.16668,1.65515,1.60319,-0.767309,1.25575,1.66233,0.86049,SEKER,1,SEKER
7.67363,5.31384,4.55355,6.12318,0.573959,0.7013,7.67843,5.67847,1.29214,-0.938463,-0.950551,-0.685892,-3.55532,-1.75656,-0.705413,-1.15073,BOMBAY,1,unknown
-1.31954,-1.4862,-1.2771,-1.55384,-0.532162,-0.266668,-1.31808,-1.50594,-0.0544783,0.532564,1.06204,0.464773,1.85165,1.15062,0.431566,0.620433,DERMASON,1,DERMASON
1.64265,1.73176,1.02883,2.14205,-0.295183,-0.000156951,1.65956,1.61947,1.06188,-1.26848,-1.39302,0.172504,-1.8252,-0.663563,0.13258,-0.429821,BARBUNYA,1,unknown
-0.522118,-0.260932,-0.696024,-0.0616056,-0.875907,-0.743022,-0.506968,-0.495735,-0.382833,-1.22961,-1.17499,0.86487,-0.0743418,0.757301,0.852115,0.17795,DERMASON,1,SEKER
-1.08798,-1.22749,-1.15866,-0.986958,-0.837745,-0.683775,-1.08569,-1.19184,-0.137574,0.234524,1.13517,0.83647,1.00014,1.24504,0.821834,0.843494,DERMASON,1,DERMASON
1.97741,2.02036,1.32555,2.34228,-0.11406,0.177335,2.00292,1.89781,1.41921,-1.64197,-1.51325,-0.0340513,-1.93093,-0.853987,-0.074537,-1.03406,BARBUNYA,1,unknown
1.48072,1.46942,0.850104,2.07163,-0.437878,-0.155477,1.47449,1.48124,1.34466,-0.121948,-0.834138,0.355715,-1.80699,-0.515087,0.31919,0.534928,BARBUNYA,1,unknown
2.26677,1.97772,1.72793,2.19304,0.390699,0.580865,2.24487,2.13098,0.796715,0.395759,-0.512944,-0.485567,-1.87541,-1.13654,-0.515206,0.282438,BARBUNYA,1,CALI
1.3092,1.44323,0.689683,1.98203,-0.552334,-0.291421,1.31123,1.33209,-0.0366687,-0.510644,-1.29712,0.488623,-1.7533,-0.385306,0.456271,0.644366,BARBUNYA,1,unknown
-1.07366,-1.07231,-0.934639,-1.33505,-0.177566,0.117407,-1.07329,-1.17305,0.613045,0.448064,0.0982575,0.0800462,1.50332,0.537994,0.0394419,0.730864,DERMASON,1,DERMASON
1.45609,1.69258,0.632463,2.45494,-0.873509,-0.739245,1.47165,1.46,0.662388,-1.20683,-1.82009,0.84524,-2.01398,-0.206629,0.831178,-0.389131,BARBUNYA,1,unknown
0.930102,1.12945,0.525014,1.44671,-0.402478,-0.115551,0.943153,0.991574,-0.104654,-1.07503,-1.29522,0.30909,-1.38094,-0.376634,0.271441,0.275315,BARBUNYA,1,unknown
1.10793,1.24119,0.713868,1.52639,-0.244992,0.0510978,1.12074,1.15325,-0.817806,-1.06456,-1.13651,0.131756,-1.43075,-0.540982,0.0914458,0.0320963,BARBUNYA,1,unknown
1.03803,1.207,1.50582,0.206359,1.78306,1.27309,1.02475,1.09012,-2.04479,0.380963,-1.23878,-1.56963,-0.358814,-1.40818,-1.50559,0.642866,HOROZ,1,HOROZ
2.52001,2.21968,1.03037,3.90469,-1.19246,-1.31478,2.52064,2.32986,0.582687,-0.589808,-0.762855,1.28899,-2.7662,-0.225576,1.31212,0.387291,BARBUNYA,1,unknown
-0.372803,-0.350559,-0.349547,-0.262771,-0.254001,0.0420203,-0.37728,-0.325627,1.59344,0.44051,0.23982,0.148469,0.136876,0.0839723,0.108301,0.290313,SIRA,1,SIRA
0.39906,0.430412,0.288685,0.62818,-0.116092,0.175454,0.389804,0.485778,-1.30061,0.399268,-0.138776,-0.000751921,-0.728659,-0.383537,-0.0413815,0.105586,SIRA,1,SIRA
6.90025,4.52383,3.48392,6.73048,-0.456955,-0.177395,6.8342,5.23826,1.21697,0.683919,0.2217,0.364376,-3.75815,-1.32389,0.328079,0.0839905,BOMBAY,1,unknown
0.691974,0.754921,0.134662,1.59323,-0.92106,-0.815504,0.698948,0.769262,0.0117121,-0.705526,-0.501925,0.930241,-1.48943,0.127869,0.922064,0.454545,BARBUNYA,1,unknown
-0.616187,-0.721295,-0.958776,0.147704,-1.36098,-1.69399,-0.620452,-0.605526,0.598697,0.58096,1.08704,1.546,-0.312137,1.45803,1.59799,0.958679,SEKER,1,SEKER
0.119678,0.212256,-0.354507,1.06844,-1.17049,-1.26974,0.12675,0.203837,-0.213205,-0.634625,-0.309764,1.27021,-1.11208,0.671207,1.29144,0.769954,BARBUNYA,1,SEKER
-1.14204,-1.21259,-1.14665,-1.1769,-0.660122,-0.429915,-1.13797,-1.26341,0.688927,0.0607997,0.547751,0.606808,1.28432,1.08318,0.579372,0.371681,DERMASON,1,DERMASON
1.89871,1.89629,1.86245,1.38351,1.13428,1.00663,1.87924,1.83323,1.22685,0.398895,-1.26557,-1.13993,-1.29899,-1.37279,-1.12445,-0.981062,CALI,1,CALI
0.150881,0.51517,0.813621,-0.681163,1.80342,1.28029,0.143082,0.235931,-2.97043,0.416028,-1.68045,-1.601,0.639515,-1.2146,-1.53282,-0.0951453,HOROZ,1,HOROZ
0.19023,0.570826,0.16078,0.326758,-0.0473972,0.237758,0.199049,0.276181,-1.05091,-0.767464,-1.76401,-0.0616739,-0.466764,-0.339742,-0.101972,0.437052,BARBUNYA,1,unknown
1.61604,1.70332,1.38997,1.4776,0.535271,0.676845,1.62548,1.59692,-1.51168,-0.909316,-1.36267,-0.611579,-1.4068,-1.0731,-0.635234,0.408216,BARBUNYA,1,CALI
-0.939713,-1.02832,-0.888542,-0.992364,-0.42023,-0.135453,-0.945477,-1.00056,0.840483,1.01336,0.864501,0.339183,1.01517,0.642269,0.302239,0.646532,DERMASON,1,DERMASON
2.15799,1.95724,1.67495,2.0801,0.41247,0.595801,2.15159,2.04409,0.0443918,-0.247064,-0.746027,-0.508913,-1.80192,-1.12822,-0.537541,0.144994,BARBUNYA,1,CALI
10.327,6.42818,5.67159,7.72828,0.598104,0.716312,10.2968,7.07889,1.31616,-0.389126,-0.552743,-0.737519,-3.98113,-1.9022,-0.753904,-2.33311,BOMBAY,1,unknown
1.31971,1.43832,0.828566,1.77756,-0.281051,0.0144435,1.33693,1.34132,-0.798089,-1.29396,-1.2414,0.177048,-1.61003,-0.57541,0.137174,0.27947,BARBUNYA,1,unknown
-1.11918,-1.22443,-1.30046,-0.809888,-1.18848,-1.30656,-1.11745,-1.23303,0.225251,0.323295,0.837772,1.28959,0.776215,1.73954,1.31278,0.589353,DERMASON,1,DERMASON
0.474933,0.656281,-0.0171905,1.3359,-0.940663,-0.847811,0.486569,0.560337,0.0590827,-0.977314,-0.935728,0.963303,-1.31336,0.247941,0.957573,0.725029,BARBUNYA,1,unknown
-1.24301,-1.35255,-1.24439,-1.33866,-0.674604,-0.449365,-1.23939,-1.39989,-0.591849,0.185634,0.717061,0.621124,1.52782,1.2117,0.594361,0.271073,DERMASON,1,DERMASON
-0.304682,-0.46986,-0.63111,0.433007,-1.12121,-1.17194,-0.316988,-0.249615,0.679068,1.05457,1.43542,1.20042,-0.573134,0.887139,1.21484,0.686921,SEKER,1,SEKER
-0.213504,-0.25546,-0.285107,0.0560398,-0.416668,-0.13144,-0.218738,-0.149352,0.549063,0.411668,0.600461,0.325527,-0.198998,0.12516,0.288254,0.300857,SIRA,1,SIRA
-0.10564,-0.0800803,0.0280201,-0.187832,0.199473,0.441646,-0.113194,-0.0328223,-1.36751,0.534193,0.156249,-0.30389,0.0505595,-0.370917,-0.339885,0.428137,SIRA,1,SIRA
11.3057,6.86746,6.18549,7.9886,0.814547,0.842869,11.2215,7.55967,1.11993,0.408071,-0.571912,-0.891697,-4.0634,-1.98254,-0.897427,-1.23711,BOMBAY,1,unknown
1.77961,1.73926,1.55918,1.60566,0.626347,0.733634,1.80829,1.73452,0.292564,-1.8093,-0.999757,-0.733794,-1.44996,-1.16531,-0.750413,-1.25268,CALI,1,CALI
8.90027,5.94996,5.20048,6.63838,0.784463,0.826099,8.91752,6.34521,1.35415,-1.19154,-1.02745,-0.847201,-3.72191,-1.8711,-0.856204,-0.46915,BOMBAY,1,unknown
-0.288063,-0.32051,-0.385921,0.0191593,-0.522041,-0.254379,-0.29504,-0.231216,1.191,0.598504,0.564117,0.454671,-0.174242,0.266105,0.421116,0.672648,SIRA,1,DERMASON
1.07672,1.02044,0.871731,1.17476,0.173835,0.421814,1.06161,1.12513,-1.15696,0.4677,-0.25233,-0.271913,-1.19234,-0.765212,-0.308749,0.709717,BARBUNYA,1,CALI
-0.0327892,0.219872,0.498958,-0.663925,1.32541,1.09331,-0.0206892,0.0446653,0.69758,-0.985754,-1.10188,-1.27505,0.637343,-0.986305,-1.24592,-0.605499,HOROZ,1,HOROZ
0.33199,0.10515,-0.192888,1.30781,-1.12241,-1.17427,0.312598,0.419178,0.612598,1.11605,1.37193,1.207,-1.29632,0.503352,1.22205,0.85224,SEKER,1,SEKER
7.46677,4.83889,3.92143,6.77254,-0.169468,0.125181,7.41137,5.56233,0.277959,0.355237,0.125136,0.0528756,-3.7694,-1.48775,0.0122036,0.049152,BOMBAY,1,unknown
2.63898,2.26575,1.91201,2.56567,0.331517,0.539351,2.61579,2.42171,0.776764,0.345781,-0.62023,-0.422656,-2.10303,-1.16993,-0.454799,0.613752,BARBUNYA,1,CALI
-1.24051,-1.19154,-0.865892,-1.93319,0.585084,0.70824,-1.22912,-1.39647,0.692128,-0.796994,-0.459848,-0.678833,2.56397,0.058654,-0.698767,-0.506233,DERMASON,1,DERMASON
-0.792303,-0.802794,-0.651659,-0.943428,-0.103218,0.187331,-0.793648,-0.817017,-0.124858,0.420625,0.390571,-0.00535887,0.957975,0.238613,-0.0459739,0.420058,DERMASON,1,DERMASON
6.10947,4.16144,3.13008,6.30361,-0.536629,-0.272118,6.09042,4.77002,-0.208005,-0.32002,0.064948,0.405452,-3.60133,-1.23553,0.37032,-1.64742,BOMBAY,1,unknown
-0.795193,-0.832988,-0.769142,-0.750357,-0.448638,-0.167804,-0.793325,-0.820556,-0.939733,0.0965175,0.577327,0.362966,0.708841,0.541858,0.326631,0.364898,DERMASON,1,DERMASON
1.8679,1.65434,1.17629,2.31757,-0.249983,0.0460758,1.85948,1.80781,-0.223423,-0.101668,-0.369374,0.14406,-1.95062,-0.733748,0.103852,0.285374,BARBUNYA,1,CALI
6.46604,4.442,3.38463,6.27251,-0.340662,-0.0480692,6.41829,4.98356,0.290244,0.331002,-0.228249,0.2385,-3.62588,-1.33671,0.199486,0.175337,BOMBAY,1,unknown
-1.11819,-1.14266,-0.905746,-1.50277,0.0368066,0.310668,-1.11854,-1.23172,-0.910832,0.570256,0.234142,-0.157662,1.79558,0.37631,-0.196825,-0.000260004,DERMASON,1,DERMASON
-1.06669,-1.11956,-0.994481,-1.20796,-0.392394,-0.104352,-1.06632,-1.16394,0.192555,0.441404,0.497497,0.307695,1.31912,0.730787,0.270015,0.623281,DERMASON,1,DERMASON
1.547,1.54362,0.91227,2.11553,-0.39956,-0.112302,1.5535,1.53812,0.740114,-0.762194,-0.929772,0.304804,-1.82647,-0.562969,0.267061,0.237479,BARBUNYA,1,unknown
0.0568783,0.123916,0.203173,-0.0509835,0.317193,0.529098,0.0474143,0.138754,-1.41261,0.586102,-0.143264,-0.423507,-0.0820277,-0.517448,-0.45562,0.0802448,SIRA,1,SIRA
1.34625,1.43407,0.805973,1.90683,-0.385067,-0.0962618,1.35197,1.36456,0.624639,-0.704962,-1.13441,0.267267,-1.67303,-0.529783,0.22876,-0.532062,BARBUNYA,1,unknown
-1.11727,-1.23059,-1.09579,-1.20241,-0.557581,-0.297918,-1.11667,-1.2305,0.350163,0.456141,0.902053,0.503078,1.29826,0.95917,0.471266,0.940499,DERMASON,1,DERMASON
2.86574,2.28114,2.0268,2.80313,0.293623,0.512048,2.83075,2.59417,1.18939,0.742331,-0.0731782,-0.397034,-2.22539,-1.1939,-0.430105,0.255013,CALI,1,CALI
1.54378,1.99502,1.17678,1.70797,0.138779,0.394219,1.5952,1.53537,-0.157939,-2.9429,-2.66678,-0.275603,-1.53639,-0.884785,-0.312346,-0.68602,BARBUNYA,1,unknown
1.28299,1.56375,0.461896,2.45794,-1.04522,-1.02935,1.32563,1.30904,0.380809,-2.60344,-1.8698,1.0228,-1.97774,-0.033502,1.0217,-1.85504,BARBUNYA,1,unknown
0.746957,1.51055,0.583657,0.979485,-0.0189415,0.262812,0.796811,0.821212,-1.45905,-3.23132,-3.42299,-0.125061,-0.993241,-0.582543,-0.164694,-0.842353,BARBUNYA,1,unknown
-0.693964,-0.820129,-0.926767,-0.154044,-1.12238,-1.17421,-0.697141,-0.697936,-0.273423,0.532696,1.23039,1.20209,0.00531489,1.20168,1.21667,0.689649,SEKER,1,SEKER
6.56339,4.39776,3.58532,6.06977,-0.107758,0.183153,6.5055,5.04117,0.173893,0.555404,0.0721455,-0.00589943,-3.56474,-1.4405,-0.0465127,0.229995,BOMBAY,1,unknown
-1.24741,-1.35933,-1.20689,-1.43235,-0.528936,-0.262741,-1.24397,-1.40592,0.849907,0.212098,0.729474,0.462705,1.65526,1.06324,0.429427,0.677905,DERMASON,1,DERMASON
-1.10959,-1.13614,-0.97297,-1.38663,-0.189796,0.105588,-1.10763,-1.22033,-0.832798,0.28978,0.25919,0.0949636,1.57889,0.584114,0.0544219,0.808156,DERMASON,1,DERMASON
-0.732525,-0.754761,-0.601936,-0.862713,-0.101886,0.188555,-0.735937,-0.744324,0.364144,0.584335,0.493982,0.003388,0.836956,0.20282,-0.0372532,0.790482,DERMASON,1,DERMASON
-0.416553,-0.431483,-0.526776,-0.0760209,-0.638991,-0.401906,-0.420337,-0.374961,0.24381,0.406916,0.47747,0.58181,-0.0659486,0.447212,0.553239,0.371055,SIRA,1,SIRA
1.59561,1.51074,1.55504,1.25666,0.890503,0.884109,1.61179,1.57957,1.21519,-1.2344,-0.630869,-0.949474,-1.2022,-1.23221,-0.950714,-1.06797,CALI,1,CALI
-1.11649,-1.24306,-1.14574,-1.09556,-0.728069,-0.523007,-1.11583,-1.22946,-0.207279,0.44943,1.00588,0.69069,1.16506,1.1355,0.667432,0.460237,DERMASON,1,DERMASON
5.60188,3.95752,3.30812,5.21304,0.0801905,0.346827,5.56877,4.45869,1.31053,0.0951218,-0.168048,-0.229423,-3.25372,-1.44412,-0.267249,-1.07995,BOMBAY,1,unknown
-0.786062,-0.824604,-0.797489,-0.665686,-0.560188,-0.301155,-0.782028,-0.809383,0.30322,-0.126923,0.586292,0.483331,0.61157,0.636699,0.450785,0.139433,DERMASON,1,DERMASON
1.58018,1.48921,1.05065,1.93954,-0.147389,0.14618,1.57526,1.56643,0.614489,-0.208024,-0.588981,0.041099,-1.72099,-0.721578,0.000416212,0.455239,BARBUNYA,1,CALI
0.690004,1.1903,1.24848,-0.128331,1.79514,1.27737,0.68862,0.767393,0.597481,-0.199808,-2.42318,-1.58827,-0.00518855,-1.34374,-1.52178,0.204285,HOROZ,1,HOROZ
9.52163,5.70531,4.45695,8.5414,-0.49276,-0.219316,9.42465,6.66986,0.559959,0.860497,0.427391,0.40904,-4.21518,-1.49379,0.374016,0.236863,BOMBAY,1,unknown
0.777766,0.956393,0.607588,0.972415,0.0142228,0.291474,0.798296,0.850155,0.680541,-1.51135,-1.103,-0.131581,-1.01718,-0.596263,-0.171126,0.136347,BARBUNYA,1,unknown
-1.16602,-1.25633,-1.04871,-1.43234,-0.269357,0.0264243,-1.16728,-1.29548,-0.389641,0.726344,0.669468,0.171058,1.6621,0.705948,0.131117,0.514827,DERMASON,1,DERMASON
-0.615727,-0.562019,-0.386713,-0.855719,0.214133,0.452856,-0.611156,-0.604984,0.169085,-0.248574,0.0281973,-0.330545,0.860113,-0.124412,-0.365776,-0.0501141,DERMASON,1,DERMASON
0.942584,0.960945,0.82638,0.95956,0.280612,0.502539,0.932501,1.00304,-1.13422,0.235069,-0.485752,-0.371284,-1.02594,-0.783722,-0.405234,0.770047,BARBUNYA,1,SIRA
1.50535,1.91649,0.933104,1.99437,-0.304849,-0.0102204,1.54046,1.50243,-0.126521,-2.16451,-2.50183,0.20017,-1.74901,-0.612457,0.160584,0.191315,BARBUNYA,1,unknown
2.17192,1.90276,1.36185,2.61705,-0.241338,0.054765,2.1623,2.05527,0.98993,-0.110351,-0.483792,0.125809,-2.11541,-0.810899,0.0854539,-0.0428374,BARBUNYA,1,CALI
-0.264283,-0.196422,-0.0990443,-0.387558,0.199312,0.441522,-0.26257,-0.204986,0.781566,-0.128462,-0.0500964,-0.305354,0.273669,-0.297197,-0.341309,0.367455,SIRA,1,SIRA
9.64599,6.05982,5.33586,7.34379,0.547408,0.68457,9.56518,6.73385,1.30988,0.55118,-0.39803,-0.655826,-3.90785,-1.84879,-0.677074,-0.88474,BOMBAY,1,unknown
-0.102684,-0.304704,-0.518321,0.782976,-1.19675,-1.32371,-0.120488,-0.0296593,0.576396,1.33071,1.57067,1.30627,-0.881148,0.839214,1.33117,0.762274,SEKER,1,SEKER
0.328837,0.544976,0.304503,0.410069,0.0693087,0.337844,0.33829,0.41603,-0.792453,-0.824907,-1.03253,-0.166599,-0.557585,-0.462115,-0.205618,0.856268,BARBUNYA,1,SIRA
8.52301,5.41686,4.40839,7.42613,-0.10573,0.185021,8.51213,6.14397,1.05713,-0.648922,-0.0695631,-0.0406157,-3.9279,-1.59139,-0.0810623,-0.962764,BOMBAY,1,unknown
1.48676,1.60496,1.00875,1.80285,-0.104461,0.186188,1.49921,1.48645,-0.784055,-1.05225,-1.37694,0.00655825,-1.64135,-0.717401,-0.0340909,0.809923,BARBUNYA,1,unknown
-0.345148,-0.454587,-0.809357,0.679396,-1.48822,-2.0274,-0.352428,-0.294651,0.267273,0.661358,1.07657,1.72902,-0.792878,1.39627,1.80483,0.744293,SEKER,1,SEKER
0.531952,0.900744,1.33895,-0.539102,2.39231,1.46477,0.526979,0.615838,-0.663095,0.0694248,-1.81718,-1.9776,0.466223,-1.486,-1.85357,-0.0782856,HOROZ,1,HOROZ
1.66656,1.88308,1.3428,1.64023,0.365612,0.563432,1.68584,1.63967,-0.495888,-1.37998,-1.90318,-0.455122,-1.52511,-1.00519,-0.486014,0.570333,BARBUNYA,1,unknown
1.2221,1.638,0.84917,1.55228,-0.113261,0.178073,1.24726,1.25522,-0.938808,-1.71436,-2.34978,-0.0103032,-1.44419,-0.656862,-0.0509007,-0.137312,BARBUNYA,1,unknown
2.21008,1.87093,1.68232,2.22283,0.324157,0.534093,2.20652,2.08581,-0.156878,-0.37799,-0.238313,-0.463765,-1.85447,-1.11602,-0.494309,-1.19898,CALI,1,CALI
1.13256,1.12074,0.858107,1.37961,0.0134654,0.290825,1.14598,1.17537,0.976577,-1.09754,-0.510892,-0.160249,-1.29705,-0.717663,-0.199371,-0.94942,CALI,1,CALI
-0.845841,-0.900238,-0.728817,-0.973372,-0.193252,0.102233,-0.851681,-0.882953,0.890502,0.927852,0.670593,0.0881172,0.997986,0.353894,0.0475445,0.427538,DERMASON,1,DERMASON
0.916899,1.17887,1.41843,0.116245,1.76257,1.26578,0.910876,0.979425,-2.49782,0.0114528,-1.55555,-1.5774,-0.240101,-1.38735,-1.51234,-0.267567,HOROZ,1,HOROZ
1.61952,1.33164,1.09247,1.97225,-0.12413,0.167989,1.59559,1.59988,-0.179147,0.709479,0.252518,0.00274474,-1.72788,-0.752443,-0.0378948,-0.0684562,CALI,1,CALI
1.59574,2.0664,1.45476,1.39873,0.666593,0.757884,1.6402,1.57968,-2.16292,-2.59089,-2.7651,-0.761698,-1.30955,-1.14263,-0.77654,-1.00057,BARBUNYA,1,unknown
2.00927,2.231,1.46226,2.14772,0.147703,0.401297,2.08226,1.92381,-1.02554,-3.71497,-2.19072,-0.272107,-1.83387,-0.983442,-0.308938,-0.235439,BARBUNYA,1,unknown
-0.115362,-0.130874,-0.233689,0.229449,-0.478429,-0.202412,-0.121715,-0.0432362,0.845855,0.446231,0.402673,0.392831,-0.367686,0.121412,0.357326,0.236529,SIRA,1,SIRA
9.57662,6.20039,5.41388,7.13951,0.693145,0.77361,9.48624,6.69819,-1.72229,0.732834,-0.847155,-0.777954,-3.856,-1.88176,-0.791732,-0.756155,BOMBAY,1,unknown
9.05563,5.47603,4.23443,8.30458,-0.548337,-0.286488,8.94393,6.42716,0.970781,1.21533,0.480869,0.484761,-4.16867,-1.43721,0.452267,0.670421,BOMBAY,1,unknown
0.639093,0.897603,1.26424,-0.260491,1.96149,1.33419,0.621097,0.718934,-0.482146,0.839032,-1.38075,-1.69033,0.124163,-1.37968,-1.60995,0.580248,HOROZ,1,HOROZ
-0.838024,-0.887102,-0.783534,-0.86014,-0.376398,-0.0867412,-0.840513,-0.873276,-0.659105,0.572143,0.636833,0.288001,0.842854,0.513132,0.249902,0.548977,DERMASON,1,DERMASON
4.598,3.85283,2.22077,5.50723,-0.889396,-0.764398,4.64346,3.81472,-0.122396,-2.04751,-1.68089,0.853265,-3.36188,-0.855645,0.839734,-0.79742,BARBUNYA,1,unknown
7.02211,4.65323,3.55167,6.84199,-0.454007,-0.17399,6.95279,5.30874,0.242141,0.735574,0.00961356,0.336045,-3.77362,-1.34532,0.299024,-0.803636,BOMBAY,1,unknown
3.30731,3.10959,2.00124,3.63511,-0.207766,0.0880578,3.32729,2.9207,-0.0030599,-1.34038,-1.97481,0.0879797,-2.63266,-1.03546,0.0474064,-0.130124,BARBUNYA,1,unknown
1.52821,1.38702,1.16561,1.65214,0.164802,0.414756,1.50741,1.52204,-0.898017,0.590766,-0.314259,-0.272861,-1.52715,-0.879707,-0.309674,0.350002,BARBUNYA,1,CALI
1.85384,1.90282,1.78809,1.47056,0.981504,0.931534,1.92772,1.79619,0.290499,-3.83584,-1.42361,-1.06176,-1.31463,-1.33054,-1.05349,-2.62053,CALI,1,CALI
-0.0361394,-0.00666759,-0.0736813,0.146087,-0.208839,0.087005,-0.04225,0.0411227,-0.164416,0.385707,0.1071,0.110248,-0.299861,-0.122179,0.0697892,0.636868,SIRA,1,SIRA
0.338034,0.488656,0.521136,0.125073,0.5832,0.707067,0.330221,0.425206,-1.74028,0.330076,-0.714183,-0.663094,-0.259134,-0.765268,-0.683931,0.0381627,SIRA,1,SIRA
-0.146237,0.234627,0.550903,-0.987071,1.77486,1.27017,-0.137014,-0.0764235,-0.696029,-0.756175,-1.73295,-1.5947,1.05863,-1.12107,-1.52736,-0.642187,HOROZ,1,HOROZ
-0.526519,-0.614548,-0.726011,-0.0259672,-0.940799,-0.848037,-0.533693,-0.500826,0.744324,0.783217,0.967753,0.954981,-0.120069,0.83862,0.948626,0.436365,SEKER,1,DERMASON
9.27267,5.52039,4.14562,8.83308,-0.782002,-0.600367,9.19768,6.54077,0.48027,0.495521,0.641189,0.729607,-4.26799,-1.35997,0.708482,-0.461417,BOMBAY,1,unknown
8.26563,5.12004,3.89998,7.88684,-0.613124,-0.368202,8.1924,6.00478,1.05579,0.606728,0.447684,0.545893,-4.06236,-1.35991,0.515782,0.177307,BOMBAY,1,unknown
0.348019,0.805542,1.05692,-0.510984,1.95652,1.33255,0.357721,0.435154,-3.12701,-0.843179,-2.14174,-1.74759,0.503274,-1.3383,-1.65905,-1.98317,HOROZ,1,HOROZ
1.09972,1.49117,1.37121,0.522962,1.30409,1.08401,1.10705,1.14586,-0.569816,-0.767516,-2.18733,-1.2454,-0.631041,-1.27184,-1.21939,-0.0439811,BARBUNYA,1,HOROZ
-0.0161695,0.0600908,-0.502238,1.02334,-1.31661,-1.58792,-0.0156541,0.06221,0.634843,-0.121978,-0.165421,1.45198,-1.05331,0.906719,1.49279,-0.01132,SEKER,1,SEKER
-0.586298,-0.638122,-0.816607,-0.0451965,-1.04832,-1.03497,-0.588885,-0.570412,0.969912,0.403827,0.722837,1.10869,-0.115646,1.0227,1.11478,0.888558,SEKER,1,SEKER
-0.616712,-0.490903,-0.149991,-1.22086,0.958254,0.919617,-0.615933,-0.606146,-0.870534,0.107009,-0.420281,-0.968569,1.34953,-0.561227,-0.968265,0.33769,HOROZ,1,DERMASON
5.3962,3.8554,3.04841,5.28696,-0.157164,0.136919,5.33915,4.32994,0.661415,0.768631,-0.207962,0.0302603,-3.29543,-1.32086,-0.0104224,-0.308783,BOMBAY,1,unknown
0.99218,1.2462,1.73574,-0.131088,2.45579,1.48222,0.970394,1.04842,1.49059,0.878486,-1.56926,-2.0166,0.00861864,-1.59185,-1.88613,-0.109399,HOROZ,1,HOROZ
1.59903,1.49696,1.11167,1.86608,-0.035864,0.247965,1.59875,1.58247,-0.808938,-0.437673,-0.560152,-0.0655803,-1.68054,-0.784923,-0.105847,0.721674,BARBUNYA,1,CALI
2.36078,2.28148,1.64355,2.47846,0.120627,0.379708,2.36313,2.20535,-0.580455,-0.645539,-1.42544,-0.220487,-2.05584,-1.02522,-0.258503,0.71505,BARBUNYA,1,unknown
0.643823,1.14974,0.680844,0.542798,0.432387,0.609312,0.676678,0.72345,0.32695,-2.27031,-2.42936,-0.513072,-0.671471,-0.776537,-0.541515,0.672857,BARBUNYA,1,unknown
0.638699,0.845786,1.14073,-0.0978775,1.61776,1.21224,0.62723,0.718558,-1.46658,0.435058,-1.14753,-1.46314,-0.0414945,-1.27272,-1.41253,0.325378,HOROZ,1,HOROZ
0.391703,0.408284,0.455059,0.334775,0.31986,0.531013,0.385285,0.478505,-1.27774,0.214623,-0.0561384,-0.417659,-0.472914,-0.639084,-0.449988,0.395106,SIRA,1,SIRA
11.787,6.8713,5.4632,9.59941,-0.256257,0.0397384,11.7555,7.79012,0.720119,-0.443359,-0.0692772,0.128515,-4.42471,-1.70424,0.0881804,-0.516794,BOMBAY,1,unknown
1.51403,1.48746,1.2614,1.49675,0.379096,0.572832,1.49921,1.50987,-0.920589,0.297323,-0.800539,-0.487492,-1.40338,-0.988513,-0.51705,-0.192484,CALI,1,CALI
0.231287,0.212671,0.0996327,0.526227,-0.274025,0.0216528,0.224612,0.317915,-0.683052,0.299279,0.239282,0.176141,-0.651832,-0.198907,0.136257,0.518145,SIRA,1,SIRA
-0.478499,-0.289728,-0.12992,-0.850649,0.593626,0.713542,-0.467397,-0.445529,-0.657347,-0.872481,-0.755757,-0.700366,0.892219,-0.455441,-0.71903,-1.05124,SIRA,1,HOROZ
-0.706643,-0.632623,-0.514312,-0.921137,0.0841541,0.350084,-0.707792,-0.713146,0.32432,0.343694,-0.130339,-0.192341,0.927434,0.0347213,-0.23091,0.440185,SIRA,1,DERMASON
-1.29477,-1.31877,-1.21128,-1.58776,-0.389206,-0.100826,-1.28612,-1.47136,0.551113,-0.430573,-0.0198579,0.307737,1.90163,0.970005,0.270058,0.75056,DERMASON,1,DERMASON
-0.831258,-0.787874,-0.691046,-1.00174,-0.109512,0.181536,-0.830959,-0.864913,-0.995036,0.278797,0.00751592,0.00955751,1.02465,0.279283,-0.0310984,0.72993,SIRA,1,DERMASON
2.75998,2.3861,2.17931,2.4764,0.655333,0.75115,2.78873,2.51416,0.0673573,-1.69721,-0.762349,-0.769032,-1.99368,-1.34373,-0.783397,-1.65625,CALI,1,CALI
1.31479,1.42331,0.900022,1.63537,-0.112538,0.178741,1.32795,1.337,0.61663,-1.08608,-1.19525,0.00824209,-1.52171,-0.671535,-0.032411,0.56802,BARBUNYA,1,unknown
-0.640032,-0.634629,-0.534264,-0.703681,-0.143714,0.149647,-0.639366,-0.633697,1.03099,0.129888,0.334602,0.0404854,0.642493,0.168489,-0.000197578,0.571707,DERMASON,1,DERMASON
-1.06971,-1.13714,-1.05531,-1.1095,-0.575446,-0.32022,-1.0658,-1.16789,0.748614,0.0342511,0.60226,0.513882,1.17936,0.920495,0.482485,0.593481,DERMASON,1,DERMASON
2.24969,2.21863,1.38374,2.77118,-0.308257,-0.0137842,2.26662,2.1174,0.92838,-1.25319,-1.49367,0.17259,-2.17846,-0.802407,0.132666,-0.931401,BARBUNYA,1,unknown
-0.403941,-0.534094,-0.647763,0.175892,-0.975515,-0.906556,-0.411945,-0.360696,0.280022,0.764826,1.23289,1.00768,-0.331248,0.79255,1.00538,0.703804,DERMASON,1,SEKER
-0.208708,-0.24256,-0.318291,0.141528,-0.523638,-0.256313,-0.217318,-0.144125,-0.549212,0.680826,0.548699,0.434077,-0.270148,0.204006,0.399839,-0.118703,SIRA,1,SIRA
-0.767341,-0.843011,-0.7995,-0.624504,-0.596404,-0.346749,-0.768214,-0.786545,0.176979,0.355987,0.853349,0.543445,0.537459,0.673043,0.513232,0.776093,DERMASON,1,DERMASON
-0.42818,-0.58645,-0.719241,0.246105,-1.11386,-1.15773,-0.438025,-0.388142,0.945328,0.943863,1.43296,1.1897,-0.39766,0.969259,1.20312,0.661273,SEKER,1,SEKER
0.568805,0.629346,0.0133853,1.51612,-1.01033,-0.966977,0.580494,0.651472,0.145871,-0.984649,-0.402472,1.05089,-1.44037,0.26927,1.05208,0.629127,BARBUNYA,1,SEKER
0.330808,0.64565,1.01574,-0.483244,1.86614,1.3021,0.353267,0.417998,0.803022,-1.68975,-1.50054,-1.69749,0.485174,-1.31007,-1.6161,-2.38129,HOROZ,1,HOROZ
-0.908444,-0.996284,-0.902127,-0.877113,-0.539876,-0.276092,-0.910812,-0.961093,0.594746,0.616331,0.878018,0.480315,0.853249,0.738046,0.44766,0.856707,DERMASON,1,DERMASON
1.46469,1.75082,0.625231,2.48395,-0.895918,-0.774818,1.5078,1.46743,-0.00116936,-2.5672,-2.01597,0.876024,-2.033,-0.189592,0.864025,-0.303195,BARBUNYA,1,unknown
10.8349,6.54066,5.65223,8.21228,0.379362,0.573017,10.7373,7.3305,1.20847,0.678858,-0.265256,-0.497973,-4.12711,-1.85381,-0.527081,-0.581524,BOMBAY,1,unknown
-0.588071,-0.586762,-0.584064,-0.466263,-0.415951,-0.130634,-0.591984,-0.57249,1.43887,0.528207,0.37063,0.328619,0.361613,0.359942,0.291419,0.439422,SIRA,1,DERMASON
-0.179213,-0.179433,-0.14742,-0.10043,-0.111013,0.180151,-0.190206,-0.112068,0.800324,0.852105,0.334099,0.0100208,-0.0513773,-0.121653,-0.0306361,0.690491,SIRA,1,SIRA
-0.0263516,0.0705842,0.176606,-0.167246,0.383271,0.575729,-0.0261117,0.051467,-1.0998,-0.0978094,-0.276655,-0.519784,0.0881011,-0.544076,-0.547926,-1.27452,SIRA,1,SIRA
0.365164,0.634077,0.709991,-0.0578907,1.00049,0.941166,0.379217,0.452202,-2.01766,-1.13167,-1.29955,-1.03109,-0.0441855,-0.979625,-1.02553,-0.809017,HOROZ,1,HOROZ
0.802663,1.08236,0.58253,1.04976,-0.0703736,0.21721,0.820308,0.873459,-0.658891,-1.34105,-1.56363,-0.0329284,-1.09353,-0.54514,-0.0734204,0.637954,BARBUNYA,1,unknown
-1.11576,-1.06099,-0.940109,-1.41918,-0.104208,0.186421,-1.10473,-1.2285,-1.03754,-0.777536,-0.324548,-0.0360008,1.69434,0.476954,-0.0764752,-0.737504,DERMASON,1,DERMASON
1.62557,1.77943,0.897162,2.28675,-0.514839,-0.245688,1.64614,1.605,-0.339672,-1.44398,-1.63218,0.447386,-1.94313,-0.500449,0.413585,0.705733,BARBUNYA,1,unknown
-0.945493,-0.458336,-0.799239,-1.14879,-0.139788,0.153342,-0.910618,-1.00788,-1.18485,-3.34804,-2.69647,0.0254802,1.25201,0.38159,-0.0151994,0.172252,DERMASON,1,unknown
-0.691731,-0.718639,-1.00344,0.014781,-1.33601,-1.63371,-0.679002,-0.695261,-0.382549,-1.0048,0.537711,1.49621,-0.164583,1.48099,1.54218,0.518808,SEKER,1,SEKER
1.09223,1.29093,0.920719,1.19158,0.217679,0.455554,1.12106,1.13911,0.629038,-1.93045,-1.40421,-0.355977,-1.1584,-0.816062,-0.390424,-0.878203,BARBUNYA,1,CALI
7.84068,5.10132,4.1178,6.97748,-0.118928,0.172824,7.834,5.77144,0.552316,-0.705083,-0.109826,-0.0119797,-3.81813,-1.53746,-0.0525709,-0.410895,BOMBAY,1,unknown
1.95271,1.77172,1.7029,1.67505,0.730983,0.795654,1.91661,1.8776,0.485375,1.14034,-0.601074,-0.795532,-1.52759,-1.22642,-0.808134,-0.196841,CALI,1,CALI
-0.7454,-0.818815,-0.854827,-0.428755,-0.827139,-0.667623,-0.742393,-0.7599,-0.278734,-0.0433403,0.844094,0.796115,0.337283,0.876001,0.77892,-0.0882451,DERMASON,1,DERMASON
0.871835,0.913278,0.565728,1.23658,-0.21877,0.077224,0.868788,0.93781,-0.880845,-0.147374,-0.536678,0.117484,-1.2336,-0.476138,0.0770711,0.519731,BARBUNYA,1,CALI
-0.0948011,-0.139908,-0.273562,0.346724,-0.613231,-0.36834,-0.096991,-0.0212326,0.319441,0.113669,0.572086,0.554794,-0.486995,0.231426,0.525054,0.484598,SIRA,1,SIRA
1.62156,1.89539,1.42773,1.43488,0.609073,0.72307,1.64504,1.6016,-0.631374,-1.58358,-2.08233,-0.677761,-1.37425,-1.10691,-0.697756,0.338902,BARBUNYA,1,unknown
-1.10709,-1.10458,-0.796787,-1.65372,0.381648,0.574603,-1.10757,-1.21703,0.313926,0.575417,0.0525865,-0.47075,2.021,0.111865,-0.501008,0.532968,DERMASON,1,DERMASON
6.0964,4.15195,3.027,6.38829,-0.644228,-0.408808,6.04084,4.76211,1.48324,0.584344,0.073218,0.567653,-3.65112,-1.16548,0.538463,-0.338437,BOMBAY,1,unknown
1.94246,2.31098,1.57434,1.81296,0.492411,0.649162,1.98265,1.8692,-0.97597,-2.30024,-2.64393,-0.568546,-1.64247,-1.11692,-0.594389,0.605661,BARBUNYA,1,unknown
1.14524,1.02654,0.840523,1.3843,-0.00943886,0.271083,1.131,1.18672,0.640059,0.393466,-0.021309,-0.102549,-1.33759,-0.688365,-0.142455,0.336956,BARBUNYA,1,CALI
6.1454,4.20657,3.01347,6.43359,-0.671615,-0.445334,6.08913,4.79172,-0.330404,0.592876,-0.0196702,0.624994,-3.68046,-1.14573,0.598416,0.529763,BOMBAY,1,unknown
0.614525,0.574423,0.338387,1.04239,-0.349223,-0.05725,0.603797,0.695428,0.874873,0.399425,0.075108,0.25252,-1.07898,-0.301749,0.213745,0.343719,BARBUNYA,1,SIRA
1.77974,1.60186,1.54885,1.60555,0.615155,0.7268,1.77124,1.73463,-1.51746,-0.0785631,-0.424679,-0.714242,-1.46075,-1.15598,-0.732068,-0.869201,CALI,1,CALI
-0.875861,-0.398246,-0.545792,-1.30164,0.414935,0.597481,-0.829927,-0.920282,-0.804394,-4.39937,-2.57035,-0.552092,1.5419,-0.121343,-0.578733,-1.41434,DERMASON,1,unknown
8.15705,5.5137,4.67196,6.53291,0.462578,0.629516,8.17975,5.94558,1.2319,-1.30407,-0.834642,-0.578264,-3.68559,-1.74951,-0.603627,-0.78431,BOMBAY,1,unknown
0.11843,0.167689,0.124887,0.21768,-0.00781939,0.272488,0.116615,0.202549,0.450774,0.00171676,-0.0734173,-0.107193,-0.355964,-0.339467,-0.147046,0.225376,SIRA,1,SIRA
0.578921,0.901754,1.22627,-0.287577,1.93953,1.32691,0.581397,0.661222,0.11358,-0.411935,-1.63645,-1.70926,0.204213,-1.37493,-1.62621,-0.834054,HOROZ,1,HOROZ
1.95639,1.71841,1.19282,2.51426,-0.348721,-0.056711,1.94966,1.88061,-0.500824,-0.196717,-0.365675,0.220141,-2.0378,-0.712407,0.180838,-0.796123,BARBUNYA,1,CALI
-0.0924362,0.215141,-0.466102,0.739612,-1.10788,-1.14623,-0.0487698,-0.0187068,-0.984792,-3.36508,-1.3721,1.15813,-0.817297,0.708281,1.16863,-0.123223,SEKER,1,unknown
0.25684,0.613775,0.821419,-0.422439,1.52429,1.17587,0.289036,0.343757,-0.453297,-2.35971,-1.6715,-1.43981,0.379136,-1.16279,-1.39202,-1.43805,CALI,1,unknown
11.511,6.84536,5.85751,8.67628,0.319226,0.530558,11.4748,7.65844,-0.192189,-0.357478,-0.298136,-0.450894,-4.2272,-1.86736,-0.481953,-0.884406,BOMBAY,1,unknown
2.08323,1.98255,1.26388,2.70536,-0.387483,-0.0989247,2.10375,1.98385,0.332789,-1.41386,-1.06328,0.224958,-2.11175,-0.73844,0.185728,-2.13267,BARBUNYA,1,unknown
-0.433896,-0.48247,-0.641048,0.0742415,-0.897713,-0.777695,-0.435249,-0.394632,0.991729,0.204972,0.696118,0.909032,-0.232209,0.730002,0.899331,0.74451,SIRA,1,DERMASON
1.48959,1.39823,0.670776,2.42827,-0.821108,-0.658499,1.49476,1.48888,-0.396945,-0.691477,-0.495471,0.798466,-2.01488,-0.246741,0.781416,0.249189,BARBUNYA,1,unknown
-1.20931,-1.32861,-1.12222,-1.45387,-0.369577,-0.079288,-1.21066,-1.35392,1.38112,0.782373,0.84023,0.285152,1.68747,0.854243,0.246994,0.715131,DERMASON,1,DERMASON
9.01148,5.70147,4.6351,7.61358,-0.0313344,0.251954,8.95748,6.40393,0.390425,0.137014,-0.222861,-0.0911751,-3.99117,-1.63743,-0.131204,-0.052924,BOMBAY,1,unknown
7.09831,5.00102,4.01412,6.25796,0.11944,0.378754,7.14076,5.35259,0.705314,-1.75588,-0.90414,-0.295854,-3.57832,-1.58772,-0.332069,-2.13126,BOMBAY,1,unknown
3.26908,3.33539,1.95028,3.62857,-0.249773,0.0462865,3.28656,2.89289,0.325108,-1.25309,-2.74877,0.146509,-2.64137,-1.0013,0.106324,0.381973,BARBUNYA,1,unknown
-0.538409,-0.522023,-0.302678,-0.78849,0.275225,0.498582,-0.540342,-0.514599,-0.0164732,0.314299,0.27881,-0.377511,0.758084,-0.202926,-0.411254,0.344768,HOROZ,1,DERMASON
1.05209,1.15039,0.851422,1.17411,0.15104,0.403934,1.0587,1.10286,-0.932205,-0.723425,-0.94006,-0.263444,-1.17712,-0.753696,-0.300489,0.20794,BARBUNYA,1,CALI
1.11561,1.54144,0.703635,1.54412,-0.267745,0.028069,1.14688,1.16015,-0.288191,-2.05628,-2.32799,0.167265,-1.45474,-0.522078,0.127284,0.440074,BARBUNYA,1,unknown
-1.35954,-1.39913,-1.19128,-1.74818,-0.194515,0.101004,-1.34054,-1.56232,-0.414154,-1.79409,-0.0189616,-0.00313215,2.33856,0.753816,-0.0437545,-2.92373,DERMASON,1,unknown
2.57979,2.07524,1.78947,2.67526,0.142487,0.397164,2.54297,2.37613,1.40568,0.912942,-0.018572,-0.258608,-2.15102,-1.08263,-0.29577,0.0809971,CALI,1,CALI
-0.14847,-0.300526,-0.636224,0.902487,-1.40615,-1.8071,-0.161738,-0.0788312,0.741488,1.01066,1.27051,1.60037,-0.973747,1.12693,1.65915,0.567117,SEKER,1,SEKER
0.324567,0.179552,-0.129747,1.16873,-0.969969,-0.897094,0.313115,0.411766,0.39965,0.582203,0.891472,1.00175,-1.18882,0.349277,0.998977,0.746376,SEKER,1,SEKER
1.19293,1.1484,1.18034,0.992116,0.670362,0.760129,1.20078,1.2293,-0.108665,-0.802997,-0.416254,-0.752974,-1.01261,-1.05127,-0.768378,-0.537505,CALI,1,CALI
0.656896,0.654455,0.598516,0.711303,0.198249,0.440705,0.645434,0.735917,1.03085,0.426777,-0.151562,-0.305446,-0.807175,-0.660642,-0.341398,0.326066,CALI,1,SIRA
-0.459581,-0.598964,-0.686806,0.0855722,-0.965497,-0.889496,-0.470172,-0.423886,0.397582,1.03591,1.31015,0.99692,-0.244689,0.82425,0.99377,0.779043,SEKER,1,SEKER
0.813765,1.48697,0.612377,1.03418,-0.0245777,0.257884,0.86627,0.883826,-0.221431,-3.34639,-3.11847,-0.0854008,-1.07448,-0.580144,-0.125488,0.409718,BARBUNYA,1,unknown
1.41667,1.4393,1.04047,1.60986,0.0574678,0.328004,1.416,1.42589,-1.00106,-0.389178,-0.919866,-0.157827,-1.50918,-0.790731,-0.196988,0.749376,BARBUNYA,1,CALI
0.899031,0.924754,0.261076,1.85382,-0.931381,-0.832449,0.915137,0.962953,0.511365,-1.24842,-0.484359,0.940393,-1.66245,0.0510654,0.932957,0.351011,BARBUNYA,1,unknown
10.246,6.29967,5.4964,7.7384,0.479609,0.64077,10.1267,7.03832,1.37633,1.13364,-0.31456,-0.572993,-4.0231,-1.8509,-0.598618,-0.00188476,BOMBAY,1,unknown
-0.618749,-0.577085,-0.563429,-0.584347,-0.288845,0.00640818,-0.614642,-0.608546,0.410069,-0.204002,0.104271,0.18484,0.507965,0.266794,0.145059,0.259098,SIRA,1,DERMASON
1.95028,2.58837,1.59319,1.82033,0.507285,0.658841,1.98711,1.87561,-1.18467,-2.14898,-3.5071,-0.595006,-1.63341,-1.13117,-0.619522,0.0959273,BARBUNYA,1,unknown
2.17211,2.20763,1.68804,2.09885,0.413257,0.596338,2.17515,2.05542,-0.872213,-0.657372,-1.66455,-0.517403,-1.80574,-1.13483,-0.545652,-0.151544,BARBUNYA,1,CALI
1.58727,1.54626,1.28909,1.56908,0.357627,0.557833,1.57061,1.57247,0.124779,0.365148,-0.809661,-0.448585,-1.47504,-0.984726,-0.479736,0.540816,BARBUNYA,1,CALI
-1.10847,-1.13695,-0.90694,-1.48397,0.015562,0.292619,-1.10389,-1.21886,-0.73335,-0.0210936,0.274486,-0.122809,1.74381,0.396888,-0.162471,0.509846,DERMASON,1,DERMASON
-0.29969,-0.240021,-0.237183,-0.245131,-0.114207,0.177199,-0.292845,-0.244082,0.677613,-0.539122,0.0038222,-0.00572541,0.127953,-0.0698441,-0.0463392,-0.0054748,SIRA,1,SIRA
-0.481587,-0.585129,-0.838435,0.321948,-1.31386,-1.58151,-0.486569,-0.449068,0.0856695,0.553403,1.06846,1.47285,-0.474051,1.26953,1.51607,0.800057,SEKER,1,SEKER
1.76588,1.58608,1.4733,1.76555,0.417885,0.599489,1.79855,1.72306,0.258887,-1.99551,-0.401179,-0.587308,-1.52032,-1.09166,-0.612216,-2.65059,CALI,1,CALI
1.02713,1.38176,0.830521,1.13616,0.15453,0.406687,1.0434,1.08023,1.01543,-1.25411,-2.00164,-0.254197,-1.16189,-0.74155,-0.291464,0.679235,BARBUNYA,1,unknown
-0.389554,-0.426766,-0.364098,-0.285071,-0.25593,0.0400699,-0.398518,-0.344467,-0.246631,0.837104,0.616191,0.151681,0.159978,0.09619,0.111543,0.332204,SIRA,1,DERMASON
1.83637,1.93452,1.43617,1.82054,0.339751,0.545208,1.81778,1.78171,1.09042,0.37744,-1.59641,-0.429157,-1.64883,-1.02747,-0.461057,0.655008,BARBUNYA,1,CALI
1.0672,1.153,0.658007,1.5318,-0.309967,-0.015575,1.08582,1.11653,0.902904,-1.38039,-0.896494,0.201629,-1.43494,-0.48668,0.162062,0.0453117,BARBUNYA,1,unknown
1.50595,1.55485,1.48036,1.17273,0.872774,0.874621,1.49695,1.50294,-0.964623,0.00975042,-1.11024,-0.9222,-1.15336,-1.20179,-0.925594,-0.561115,CALI,1,CALI
9.70432,5.77962,4.17313,9.36939,-0.93497,-0.838374,9.6196,6.76377,1.22109,0.613083,0.448602,0.914387,-4.37632,-1.31823,0.905068,-0.687451,BOMBAY,1,unknown
-1.22809,-1.36658,-1.287,-1.21987,-0.845216,-0.695232,-1.22351,-1.37949,0.00957189,0.0527366,0.967835,0.841827,1.33308,1.41343,0.827541,0.707219,DERMASON,1,DERMASON
1.89792,1.62892,0.947609,2.78322,-0.736284,-0.534587,1.88853,1.83258,0.756429,-0.0635044,-0.164236,0.695791,-2.21554,-0.425393,0.672806,0.292726,BARBUNYA,1,unknown
0.0780307,0.104126,0.134046,0.123701,0.0794792,0.346241,0.0734291,0.160749,1.16274,0.219415,0.0751383,-0.209131,-0.244623,-0.389005,-0.247377,-0.353307,SIRA,1,SIRA
0.125525,0.489479,0.378704,-0.160722,0.651376,0.748774,0.141274,0.209862,0.189554,-1.25188,-1.674,-0.714725,0.0253276,-0.721623,-0.732521,0.317997,BARBUNYA,1,HOROZ
0.625955,0.660024,0.644489,0.642174,0.30802,0.522489,0.634524,0.706374,0.712011,-0.7957,-0.311245,-0.460411,-0.68584,-0.740959,-0.491091,-1.63348,CALI,1,CALI
3.01505,3.34341,2.07198,2.97338,0.23231,0.466627,3.04474,2.70591,-0.964643,-1.70797,-3.29935,-0.328831,-2.32579,-1.18545,-0.364112,0.660492,BARBUNYA,1,unknown
-0.103472,0.0461248,0.032777,-0.111008,0.140146,0.395306,-0.0620032,-0.0305026,0.811423,-3.20865,-0.544489,-0.311742,0.0527871,-0.377072,-0.347519,-1.98172,SIRA,1,unknown
7.79246,5.17499,4.26014,6.65472,0.117369,0.377088,7.72323,5.74468,1.33177,0.599659,-0.393617,-0.235796,-3.73555,-1.61321,-0.273482,0.0264764,BOMBAY,1,unknown
2.90956,2.59639,1.60613,3.57154,-0.528224,-0.261876,2.8973,2.6271,0.79571,-0.137864,-1.15958,0.455385,-2.61635,-0.783769,0.421855,0.448221,BARBUNYA,1,unknown
-0.177703,-0.126059,-0.0646868,-0.205703,0.0885449,0.353684,-0.182136,-0.11043,0.0606888,0.328458,0.0263392,-0.210985,0.0880965,-0.275183,-0.249194,-0.0934021,SIRA,1,SIRA
2.0224,1.89436,1.18147,2.58888,-0.40253,-0.115609,2.02642,1.9345,-0.310914,-0.686717,-0.891821,0.327434,-2.12404,-0.668298,0.290206,0.928238,BARBUNYA,1,unknown
-0.668345,-0.412489,-0.120133,-1.34059,1.14437,1.0114,-0.646531,-0.667329,-0.401996,-1.86527,-1.20735,-1.16521,1.61251,-0.6612,-1.14728,-1.683,HOROZ,1,unknown
0.374952,0.390749,0.373838,0.41659,0.151291,0.404132,0.357269,0.461914,-0.278407,0.972858,-0.0408459,-0.253566,-0.554892,-0.533449,-0.290848,0.586221,SIRA,1,SIRA
9.09327,5.67895,4.71435,7.63441,0.0122521,0.289786,9.06761,6.44694,1.25235,-0.39811,-0.0537997,-0.153872,-3.98445,-1.66296,-0.193094,-0.758726,BOMBAY,1,unknown
1.74335,2.2642,1.65916,1.35708,0.927842,0.903823,1.77221,1.70422,-1.79129,-1.82264,-3.02077,-0.961157,-1.29826,-1.26528,-0.961456,-0.337514,BARBUNYA,1,unknown
-0.145777,-0.139375,-0.505217,0.634711,-1.09113,-1.11436,-0.14121,-0.0759279,0.666255,-0.393159,0.283258,1.16246,-0.755287,0.746187,1.17335,0.774552,SEKER,1,SEKER
1.50299,1.23896,0.78434,2.2659,-0.617648,-0.374051,1.48462,1.5004,0.497924,0.478426,0.279362,0.541619,-1.9081,-0.409955,0.51133,-0.157449,BARBUNYA,1,CALI
0.351106,0.571905,0.855838,-0.299769,1.44143,1.14236,0.342099,0.438227,0.414133,0.40447,-1.0648,-1.35449,0.201464,-1.14548,-1.31664,-0.376913,HOROZ,1,HOROZ
-1.39725,-1.53893,-1.33019,-1.73819,-0.444942,-0.16356,-1.39122,-1.61609,-0.602422,-0.0237253,0.716599,0.372605,2.15133,1.15726,0.33653,0.854861,DERMASON,1,DERMASON
2.44072,2.01361,1.62419,2.67869,-0.0208997,0.261101,2.41399,2.26809,-1.06552,0.546412,-0.158946,-0.0935199,-2.15707,-0.977025,-0.133524,0.246549,BARBUNYA,1,CALI
9.52971,6.05142,4.94457,7.78388,0.101849,0.364536,9.48127,6.67403,0.522713,-0.0153448,-0.51746,-0.23512,-4.02581,-1.71279,-0.272821,-0.508796,BOMBAY,1,unknown
-0.0943412,-0.0635343,-0.0876141,0.0517424,-0.153343,0.140546,-0.0976365,-0.0207414,0.876671,0.198711,0.121652,0.0267964,-0.174628,-0.152106,-0.0138842,-0.290769,SIRA,1,SIRA
-0.400985,-0.485189,-0.726664,0.332535,-1.17846,-1.28598,-0.404586,-0.357358,0.0989508,0.381971,0.924256,1.28609,-0.488256,1.03409,1.30892,0.932395,SEKER,1,SEKER
0.0225879,0.530381,0.646534,-0.714602,1.59751,1.20449,0.0443803,0.102937,-0.632818,-1.69753,-2.32031,-1.48597,0.723471,-1.11757,-1.43256,-1.20895,HOROZ,1,HOROZ
-0.182367,-0.36025,-0.701809,0.934835,-1.50148,-2.06492,-0.194789,-0.115487,0.797232,0.968801,1.45948,1.75048,-1.0065,1.28789,1.82926,0.78464,SEKER,1,SEKER
-0.71873,-0.879354,-1.07623,0.0748144,-1.46945,-1.97521,-0.722704,-0.727684,0.993388,0.62925,1.47909,1.6992,-0.231314,1.70972,1.77094,0.700722,SEKER,1,SEKER
-0.666506,-0.717484,-0.739885,-0.403752,-0.684645,-0.462972,-0.667124,-0.665138,-1.01135,0.267354,0.70704,0.624609,0.306222,0.662204,0.598012,-0.0238399,DERMASON,1,DERMASON
-0.227102,0.00207581,0.147835,-0.647102,0.797289,0.83328,-0.223321,-0.164201,-0.639888,-0.308317,-0.959112,-0.851767,0.602538,-0.666995,-0.860442,-0.23098,SIRA,1,HOROZ
6.29827,4.35837,3.36536,6.11815,-0.289348,0.00588781,6.2691,4.88359,1.10491,-0.092515,-0.244457,0.157389,-3.56136,-1.35427,0.117306,-0.748313,BOMBAY,1,unknown
1.55016,1.54401,0.582774,2.75043,-1.07259,-1.07961,1.56235,1.54081,0.68081,-1.04073,-0.921118,1.10949,-2.18621,-0.0648669,1.11565,-0.167899,BARBUNYA,1,unknown
-0.266516,-0.201118,-0.204216,-0.213087,-0.0956218,0.194295,-0.265604,-0.207445,-0.353256,-0.0621999,-0.0352091,-0.0237937,0.0917886,-0.100437,-0.0643333,0.0295671,SIRA,1,SIRA
-0.937348,-1.01316,-1.32434,-0.13127,-1.67445,-2.61433,-0.93418,-0.997561,0.559578,0.0401282,0.77213,2.02692,-0.0270006,2.30785,2.14732,0.925952,SEKER,1,SEKER
8.03677,5.54587,5.00459,6.04867,0.941052,0.910712,8.07975,5.87967,0.744935,-1.71375,-1.08172,-1.04424,-3.49271,-1.88751,-1.03752,-3.19851,BOMBAY,1,unknown
3.64739,3.02371,2.69134,3.109,0.730956,0.795639,3.61591,3.16449,-1.59713,0.401996,-0.93704,-0.785571,-2.38445,-1.46477,-0.798843,0.191224,CALI,1,unknown
-0.458135,-0.380524,-0.328553,-0.509207,-0.0172751,0.264266,-0.446223,-0.422236,0.379152,-0.945143,-0.0972741,-0.113425,0.440858,-0.0594289,-0.153205,-0.35289,SIRA,1,SIRA
2.43974,2.32947,1.36979,3.0818,-0.491685,-0.218042,2.44078,2.26732,-0.0312462,-0.59913,-1.39151,0.424591,-2.3859,-0.706992,0.390049,0.830771,BARBUNYA,1,unknown
9.79668,5.8519,4.8049,8.3534,-0.208521,0.0873178,9.73322,6.81099,0.835924,0.225455,0.359628,0.0729167,-4.15768,-1.62571,0.0322888,-0.704488,BOMBAY,1,unknown
1.36143,1.36639,1.22745,1.29697,0.488292,0.646469,1.36591,1.37781,1.21123,-0.643522,-0.793685,-0.619942,-1.21966,-1.02207,-0.643155,-1.50361,CALI,1,CALI
-1.04094,-1.09113,-1.09382,-0.939664,-0.777458,-0.593725,-1.03546,-1.13039,-0.46,-0.161119,0.502608,0.749443,0.953184,1.11119,0.729452,0.413709,DERMASON,1,DERMASON
6.0288,4.05946,2.97781,6.36832,-0.671554,-0.445252,5.95854,4.72113,1.20099,0.966055,0.260435,0.603028,-3.64712,-1.14334,0.575418,-0.232475,BOMBAY,1,unknown
-0.517848,-0.489194,-0.552372,-0.263464,-0.532237,-0.266759,-0.499544,-0.490801,-0.854263,-1.50994,0.202412,0.409063,0.195711,0.376332,0.37404,-1.34462,SIRA,1,SIRA
0.258483,0.309914,0.367818,0.174325,0.341495,0.546445,0.257147,0.345414,0.813488,-0.0798917,-0.159104,-0.447166,-0.307423,-0.609494,-0.478372,0.0325358,SIRA,1,SIRA
1.38061,1.67274,2.0059,0.24202,2.38891,1.46382,1.37766,1.39454,0.360697,-0.266661,-1.98049,-1.97116,-0.375666,-1.63758,-1.84818,0.11203,HOROZ,1,HOROZ
0.77573,1.0753,1.19432,0.136468,1.44983,1.14582,0.768859,0.848246,-1.76653,0.104552,-1.6339,-1.36449,-0.251075,-1.25729,-1.32551,-0.537744,HOROZ,1,HOROZ
-0.688578,-0.653596,-0.655925,-0.583709,-0.422445,-0.137953,-0.677,-0.691487,-0.801292,-0.894592,0.127847,0.290514,0.560378,0.400601,0.252466,-1.17238,DERMASON,1,SIRA
-0.328725,-0.352405,-0.506738,0.151516,-0.775857,-0.59139,-0.325186,-0.276333,-0.861953,-0.256939,0.518834,0.732765,-0.280831,0.51144,0.711818,-0.0936867,SIRA,1,SIRA
6.04923,4.54402,3.6043,5.61924,0.112632,0.373269,6.24296,4.73353,0.36646,-5.46422,-1.21305,-0.367032,-3.31568,-1.5346,-0.401122,-5.00311,BOMBAY,1,unknown
1.70801,1.51993,1.16387,2.01537,-0.076729,0.211476,1.69003,1.67458,1.07376,0.389583,-0.301411,-0.0343464,-1.76658,-0.793761,-0.0748304,0.348635,BARBUNYA,1,CALI
1.87775,2.16344,1.73625,1.48458,0.913081,0.896073,1.90454,1.81595,-0.269809,-1.71004,-2.31368,-0.942315,-1.39838,-1.28071,-0.944126,-0.0634319,BARBUNYA,1,unknown
9.96038,6.12193,5.13616,8.00826,0.134585,0.390879,9.87188,6.89427,1.81162,0.64451,-0.182941,-0.271312,-4.07742,-1.7458,-0.308164,-0.676679,BOMBAY,1,unknown
-0.723394,-0.839144,-0.992917,-0.104705,-1.24466,-1.42564,-0.724447,-0.733305,1.08263,0.345042,1.15076,1.36236,-0.0370519,1.38137,1.39318,0.404682,SEKER,1,SEKER
0.303349,0.816554,1.04987,-0.656333,2.11811,1.38427,0.306982,0.390534,-2.34893,-0.430183,-2.36978,-1.80455,0.604086,-1.35422,-1.70762,0.0312779,HOROZ,1,HOROZ
0.184975,0.215127,0.163784,0.325794,-0.0428329,0.241806,0.183686,0.270819,0.940372,-0.0589052,-0.00294683,-0.079368,-0.450157,-0.349133,-0.119513,-0.0442995,SIRA,1,SIRA
-0.240634,-0.295324,-0.425312,0.245596,-0.736188,-0.534451,-0.247464,-0.179013,-0.278254,0.556774,0.689252,0.685876,-0.373871,0.418008,0.662363,-0.0463648,SIRA,1,DERMASON
2.11023,3.25409,1.43674,2.40173,-0.0385318,0.24561,2.14771,2.00566,-0.270062,-2.14548,-4.95956,-0.10101,-1.97535,-0.916631,-0.140933,-0.680405,BARBUNYA,1,unknown
1.07607,1.18533,0.506343,1.79197,-0.634641,-0.396194,1.08272,1.12454,0.36749,-0.727824,-1.00729,0.586269,-1.63131,-0.249557,0.557898,0.706147,BARBUNYA,1,unknown
12.8326,7.5617,6.42065,9.26792,0.425643,0.604754,12.7657,8.27811,1.4262,0.014127,-0.685734,-0.556139,-4.34781,-1.94454,-0.582586,-1.20181,BOMBAY,1,unknown
1.07475,1.17828,1.33261,0.508876,1.26924,1.06863,1.06748,1.12335,-1.41168,0.0358658,-0.981011,-1.2073,-0.633978,-1.24851,-1.18519,0.444315,HOROZ,1,HOROZ
8.76409,5.63603,4.83221,7.0315,0.346567,0.550037,8.68784,6.27294,1.45472,0.590575,-0.364343,-0.469013,-3.82921,-1.74768,-0.499342,-0.618993,BOMBAY,1,unknown
-0.0632039,-0.00468234,-0.018605,0.0212184,-0.0378783,0.246187,-0.0707824,0.012431,-1.58741,0.512,-0.0486574,-0.0943132,-0.139549,-0.250137,-0.134309,-0.410262,SIRA,1,SIRA
1.87775,1.76209,0.956702,2.73447,-0.70186,-0.48654,1.8804,1.81595,0.749009,-0.610958,-0.79098,0.647989,-2.18349,-0.448557,0.622533,0.0732771,BARBUNYA,1,unknown
1.00703,1.06807,0.498203,1.65339,-0.560542,-0.301595,1.01887,1.06195,-0.160104,-1.00944,-0.736537,0.497829,-1.53593,-0.282975,0.465819,0.635239,BARBUNYA,1,unknown
1.64941,1.90402,1.43198,1.50171,0.563825,0.694942,1.67202,1.62519,-1.01491,-1.53951,-2.03188,-0.651241,-1.40794,-1.09957,-0.672746,-0.155885,BARBUNYA,1,unknown
-1.04646,-1.06696,-0.858533,-1.37465,-0.0153977,0.265902,-1.04657,-1.13756,-1.09696,0.480118,0.282231,-0.0872087,1.56568,0.372549,-0.127278,0.682802,DERMASON,1,DERMASON
2.4329,2.32758,1.68463,2.5508,0.116351,0.376268,2.41948,2.26197,1.01796,-0.00218592,-1.40264,-0.219334,-2.09434,-1.03778,-0.257373,0.603307,BARBUNYA,1,unknown
6.26772,4.33471,3.38019,6.0181,-0.235411,0.0606945,6.25942,4.8653,-0.589217,-0.59362,-0.22114,0.113944,-3.53963,-1.36882,0.0735078,-0.244986,BOMBAY,1,unknown
0.81764,1.24274,1.47593,-0.131831,2.10594,1.38049,0.820954,0.887442,-1.73945,-0.505773,-2.17532,-1.81302,0.0287144,-1.47242,-1.71482,-0.663547,HOROZ,1,HOROZ
0.924453,1.18894,0.614576,1.28788,-0.197952,0.0976575,0.943282,0.986378,-0.410667,-1.40136,-1.57082,0.0840301,-1.25978,-0.513335,0.0434407,0.100212,BARBUNYA,1,unknown
1.20935,1.29991,0.906382,1.40447,0.0502267,0.321952,1.21079,1.2439,0.741706,-0.464383,-1.03244,-0.156015,-1.35838,-0.736131,-0.195204,0.551725,BARBUNYA,1,CALI
-0.75302,-0.791526,-0.789782,-0.599618,-0.602314,-0.354303,-0.752979,-0.769139,-0.373002,0.255448,0.598446,0.551292,0.506087,0.668148,0.521405,0.809382,DERMASON,1,DERMASON
1.37371,1.7082,2.10053,0.132262,2.63475,1.52921,1.3612,1.38853,0.558783,0.225,-2.1368,-2.12466,-0.25781,-1.69672,-1.97569,-0.213469,HOROZ,1,HOROZ
0.0112234,0.208936,0.474439,-0.522455,1.13928,1.00899,0.0033245,0.0910219,0.477419,0.49527,-0.828282,-1.14079,0.475284,-0.92675,-1.12523,-0.861155,HOROZ,1,HOROZ
1.75235,1.6755,1.42956,1.71976,0.403197,0.589461,1.76039,1.71175,-1.20411,-0.850479,-0.822844,-0.519146,-1.5478,-1.05525,-0.547317,-0.564345,BARBUNYA,1,CALI
2.66841,2.59685,1.86215,2.74203,0.172181,0.420524,2.69415,2.44429,0.437425,-1.58931,-1.75738,-0.300175,-2.17562,-1.11737,-0.336273,-0.407384,BARBUNYA,1,unknown
0.189902,0.210437,0.228245,0.217587,0.125428,0.383561,0.180394,0.275846,0.154653,0.51749,0.0471594,-0.233018,-0.362342,-0.450198,-0.270766,0.421087,SIRA,1,SIRA
1.28417,1.47342,1.52304,0.654098,1.36972,1.11235,1.28044,1.31008,0.927713,-0.20629,-1.50488,-1.28089,-0.763238,-1.32566,-1.25113,0.491751,HOROZ,1,HOROZ
-0.813455,-0.798845,-0.523379,-1.21484,0.36006,0.559541,-0.81792,-0.842972,-0.820893,0.755832,0.209978,-0.448205,1.32847,-0.0861579,-0.479371,0.640026,DERMASON,1,DERMASON
8.45101,5.45451,4.36076,7.41326,-0.132237,0.160423,8.42221,6.10519,0.346555,-0.2953,-0.274693,-0.0139852,-3.92423,-1.57769,-0.0545684,-0.982537,BOMBAY,1,unknown
-0.749473,-0.72815,-0.534579,-1.0131,0.141097,0.396061,-0.749493,-0.764836,0.613214,0.259376,0.19498,-0.24496,1.04758,0.0233359,-0.282441,0.54069,DERMASON,1,DERMASON
1.50535,1.66492,2.01041,0.465912,2.15509,1.39564,1.49205,1.50243,-2.43336,0.224939,-1.5573,-1.83335,-0.574737,-1.60175,-1.73207,-0.196255,HOROZ,1,HOROZ
-0.155302,-0.0486553,-0.0670568,-0.149458,0.0378152,0.311519,-0.146503,-0.0862016,0.185757,-0.721857,-0.294797,-0.157223,0.0225238,-0.249362,-0.196393,0.0528749,SIRA,1,SIRA
9.5512,6.09018,5.26925,7.46758,0.448229,0.619955,9.55369,6.6851,1.50693,-0.926471,-0.593166,-0.621247,-3.90482,-1.83407,-0.64439,-2.9089,BOMBAY,1,unknown
-0.159178,-0.114099,-0.174698,0.0319039,-0.252612,0.0434234,-0.1527,-0.0903869,-0.265848,-0.539516,0.0595518,0.129281,-0.152509,-0.0472818,0.0889518,-0.349438,SIRA,1,SIRA
0.683435,0.820946,0.722887,0.578326,0.455307,0.624681,0.675709,0.761159,-1.31314,0.187618,-0.852141,-0.54312,-0.691459,-0.805419,-0.570186,0.311118,CALI,1,SIRA
-0.0298332,0.395432,0.292073,-0.0522189,0.436977,0.612405,0.0902775,0.0477895,-1.67344,-8.77121,-1.94411,-0.804026,0.287738,-0.716937,-0.816052,-10.1655,HOROZ,1,unknown
-0.340681,-0.133329,-0.116473,-0.530944,0.304537,0.519971,-0.338678,-0.289663,-0.424688,-0.124086,-0.842204,-0.426469,0.471106,-0.34139,-0.45847,-0.474481,DERMASON,1,SIRA
7.16788,4.71931,3.39557,7.2447,-0.713369,-0.502465,7.10804,5.39248,-0.589148,0.497804,0.033418,0.67522,-3.90646,-1.22074,0.651149,0.538631,BOMBAY,1,unknown
-1.16786,-1.16207,-1.15253,-1.2376,-0.616505,-0.372572,-1.15269,-1.29795,0.380177,-1.26536,-0.0465607,0.539807,1.39497,1.04766,0.509444,-0.174028,DERMASON,1,DERMASON
-0.983791,-1.04055,-0.878419,-1.13367,-0.277799,0.0177847,-0.977366,-1.05669,0.0552729,-0.293033,0.599663,0.170908,1.22999,0.535949,0.130966,0.183654,DERMASON,1,DERMASON
2.91803,2.50939,2.35719,2.45666,0.846212,0.86025,2.9281,2.63346,0.13497,-0.981811,-0.820082,-0.911064,-1.99982,-1.42588,-0.91532,-0.97659,CALI,1,CALI
1.30914,1.29294,0.258783,2.82312,-1.41976,-1.84227,1.32124,1.33204,0.361517,-1.03117,-0.652705,1.62096,-2.24418,0.375479,1.68237,0.579825,BARBUNYA,1,unknown
10.0523,6.32245,5.3182,7.89348,0.298426,0.51554,10.002,6.94079,0.20645,-0.0288562,-0.599557,-0.450007,-4.03473,-1.80538,-0.481102,-1.57547,BOMBAY,1,unknown
-0.909364,-0.267226,-0.628118,-1.27452,0.254769,0.483446,-0.861364,-0.962249,-1.40309,-4.66201,-3.41594,-0.402778,1.49739,0.0139044,-0.435646,-1.32635,DERMASON,1,unknown
9.1426,5.84522,5.18797,6.96675,0.619436,0.729419,9.03578,6.47281,1.67042,1.10695,-0.448064,-0.716929,-3.80775,-1.84364,-0.734591,-0.830545,BOMBAY,1,unknown
-0.693307,-0.710518,-0.725114,-0.532001,-0.563522,-0.305303,-0.694171,-0.69715,-0.49633,0.307456,0.471854,0.502051,0.430637,0.579134,0.470201,0.6627,DERMASON,1,DERMASON
1.78204,1.91134,1.17284,2.14499,-0.148623,0.145013,1.78505,1.73655,0.907682,-0.617643,-1.66803,0.0419006,-1.85001,-0.769616,0.00121821,0.437822,BARBUNYA,1,unknown
2.61158,2.16842,1.82174,2.67162,0.176238,0.423685,2.59448,2.40065,-0.254674,0.108863,-0.310059,-0.285129,-2.15451,-1.10072,-0.321628,0.300724,BARBUNYA,1,CALI
6.75659,4.85008,3.48595,6.8083,-0.486268,-0.211637,6.92535,5.15462,0.00563228,-4.60589,-0.986657,0.269407,-3.69809,-1.34946,0.230941,-4.42319,BOMBAY,1,unknown
0.315239,0.696616,1.09227,-0.698323,2.23109,1.41849,0.305175,0.40244,0.736335,0.49282,-1.79859,-1.86399,0.636923,-1.38506,-1.75803,0.542406,HOROZ,1,HOROZ
1.02286,1.30339,0.783424,1.22627,0.0361275,0.310095,1.03734,1.07635,1.57364,-1.15511,-1.69885,-0.155394,-1.21237,-0.684072,-0.194593,0.0588197,BARBUNYA,1,unknown
0.409308,0.60196,0.869502,-0.205393,1.36211,1.10911,0.403876,0.495897,0.0778497,0.142777,-0.956287,-1.28819,0.0857277,-1.12755,-1.25765,-0.0354713,HOROZ,1,HOROZ
7.28757,4.68785,3.62313,7.04423,-0.483836,-0.20877,7.20874,5.46079,0.330219,0.89626,0.318362,0.390525,-3.84249,-1.3455,0.354954,-0.0612432,BOMBAY,1,unknown
0.14175,0.261334,0.432402,-0.200547,0.761521,0.813139,0.132495,0.226556,-2.01484,0.524697,-0.46329,-0.808679,0.0690701,-0.782549,-0.820386,0.290528,SIRA,1,SIRA
-1.0883,-1.16973,-1.12101,-1.06006,-0.719574,-0.511108,-1.08898,-1.19227,-0.160453,0.581689,0.688467,0.693354,1.09778,1.10773,0.670238,0.908534,DERMASON,1,DERMASON
-0.534665,-0.502883,-0.435092,-0.56982,-0.116823,0.174776,-0.536275,-0.510258,0.558375,0.282796,0.18112,0.0102054,0.482421,0.0776767,-0.0304519,0.478782,DERMASON,1,DERMASON
2.43225,2.65774,1.35143,3.19379,-0.567575,-0.310359,2.45169,2.26146,0.770043,-1.35203,-2.54038,0.455043,-2.39511,-0.688839,0.421501,-1.1526,BARBUNYA,1,unknown
0.762723,0.854516,0.44766,1.17823,-0.314339,-0.0201634,0.774605,0.836038,-0.610691,-1.00356,-0.691457,0.22849,-1.19885,-0.370416,0.189315,0.841699,BARBUNYA,1,unknown
-0.887226,-0.885981,-0.817303,-0.94956,-0.349256,-0.057286,-0.885378,-0.934481,-0.521942,0.151964,0.25801,0.25656,0.963584,0.526816,0.217857,0.487267,DERMASON,1,DERMASON
-1.3355,-1.47342,-1.37631,-1.41377,-0.823175,-0.661621,-1.32711,-1.52835,-0.657971,-0.378505,0.798972,0.795417,1.65236,1.50386,0.778178,0.0564994,DERMASON,1,DERMASON
10.2734,6.27235,4.93377,8.70567,-0.257796,0.0381799,10.1684,7.05206,-1.21319,0.883148,-0.21066,0.130378,-4.2396,-1.63166,0.0900573,-0.508613,BOMBAY,1,unknown
-0.934523,-0.976009,-0.926102,-0.906814,-0.550919,-0.289673,-0.93205,-0.993986,-0.509038,0.113606,0.526001,0.484113,0.904449,0.764732,0.451596,0.5429,DERMASON,1,DERMASON
-0.511213,-0.668081,-0.801559,0.15904,-1.16389,-1.25639,-0.520136,-0.483143,0.953631,0.929762,1.44303,1.25963,-0.315318,1.09773,1.27981,0.719786,SEKER,1,SEKER
-0.635434,-0.753537,-0.899183,-0.0322652,-1.16706,-1.2628,-0.640076,-0.628254,-0.20907,0.630687,1.17776,1.26875,-0.128616,1.21171,1.28984,0.877932,SEKER,1,SEKER
-0.632544,-0.726788,-0.904212,0.0132124,-1.20367,-1.33814,-0.634395,-0.624835,0.741182,0.364058,1.01024,1.29541,-0.148264,1.23409,1.31919,0.0852398,SEKER,1,SEKER
9.19522,5.80422,4.85159,7.53285,0.144149,0.398482,9.16567,6.50034,1.28936,-0.33264,-0.269899,-0.279734,-3.96067,-1.70973,-0.316372,-0.647414,BOMBAY,1,unknown
1.64679,1.39661,1.24384,1.80024,0.148373,0.401826,1.62942,1.62297,0.545579,0.380211,0.046077,-0.280297,-1.60321,-0.910754,-0.316921,-0.51703,CALI,1,CALI
7.97147,5.36329,4.32655,6.95041,0.0356117,0.309659,8.02553,5.84374,0.563996,-1.94046,-0.674581,-0.226899,-3.77155,-1.62151,-0.264779,-2.59849,BOMBAY,1,unknown
-0.91613,-0.974875,-0.894358,-0.905146,-0.504422,-0.233195,-0.912555,-0.970766,-0.584352,-0.0153641,0.662,0.430376,0.902988,0.701003,0.396018,0.523585,DERMASON,1,DERMASON
0.706295,0.874299,0.667882,0.727264,0.269808,0.494591,0.716055,0.782829,-0.310223,-0.874427,-1.00874,-0.384065,-0.807733,-0.721796,-0.417586,-0.0934117,BARBUNYA,1,SIRA
-0.499455,-0.492141,-0.436,-0.458707,-0.212875,0.083038,-0.498253,-0.469595,1.25008,0.0112885,0.338996,0.0995887,0.365281,0.123373,0.0590701,0.0960478,SIRA,1,SIRA
1.44801,1.3211,1.27336,1.31917,0.523404,0.669243,1.42407,1.45302,0.567494,0.780741,-0.294188,-0.597427,-1.29601,-1.02997,-0.621818,0.55051,BARBUNYA,1,CALI
-1.27007,-1.38344,-1.26112,-1.40699,-0.640848,-0.404351,-1.26714,-1.43713,-0.630986,0.295595,0.707394,0.586778,1.62454,1.21031,0.558429,0.4681,DERMASON,1,DERMASON
0.572812,0.546691,0.420081,0.836717,-0.109538,0.181512,0.562483,0.655336,-1.40089,0.392182,0.0358721,-0.0223222,-0.889066,-0.461126,-0.0628689,-0.437056,BARBUNYA,1,SIRA
2.57158,2.33759,2.22098,2.08397,0.975817,0.928632,2.58997,2.36979,0.261997,-1.30446,-1.07347,-1.02717,-1.7621,-1.42709,-1.02194,-1.43049,CALI,1,CALI
-1.33018,-1.42498,-1.18124,-1.75892,-0.166009,0.12849,-1.32653,-1.52087,-0.250142,0.250715,0.462495,0.0684961,2.19209,0.786652,0.0278556,0.74914,DERMASON,1,DERMASON
2.84991,3.39243,2.28432,2.39483,0.816577,0.843991,2.90047,2.58224,-1.68071,-2.5101,-3.77506,-0.856809,-1.99401,-1.39391,-0.865119,0.197739,BARBUNYA,1,unknown
-1.1377,-1.19868,-0.943145,-1.51586,-0.0119397,0.268911,-1.1363,-1.25764,0.893506,0.376706,0.480939,-0.0965751,1.79678,0.44544,-0.136547,0.465027,DERMASON,1,DERMASON
2.50819,2.53703,1.72372,2.63908,0.100399,0.363357,2.51295,2.32067,0.170437,-0.756456,-1.95062,-0.211488,-2.13683,-1.0474,-0.249687,0.317713,BARBUNYA,1,unknown
-1.00271,-0.992652,-0.794398,-1.334,0.0478631,0.319972,-1.00022,-1.08097,-1.07791,0.153848,0.107158,-0.16071,1.51991,0.275668,-0.199825,0.291171,DERMASON,1,DERMASON
-0.641543,-0.70607,-0.688771,-0.439418,-0.585174,-0.332484,-0.646596,-0.635487,-0.099285,0.674375,0.80377,0.523234,0.327405,0.557592,0.492203,0.525411,DERMASON,1,DERMASON
-0.13704,-0.200475,-0.199179,0.10555,-0.34143,-0.0488913,-0.145083,-0.0665193,0.257429,0.590895,0.703071,0.24647,-0.252936,0.0256328,0.207589,0.431226,HOROZ,1,SIRA
-0.0562407,-0.042077,-0.144324,0.219996,-0.356415,-0.0650038,-0.0594856,0.0198253,1.02435,0.177673,0.203749,0.264276,-0.366731,-0.00317285,0.225714,0.48362,SIRA,1,SIRA
1.49721,1.6764,0.783503,2.22651,-0.596255,-0.346559,1.51006,1.49543,-0.472342,-1.0722,-1.62816,0.535421,-1.90151,-0.41206,0.50488,0.500581,BARBUNYA,1,unknown
0.570184,0.504123,0.404226,0.877407,-0.157531,0.13657,0.571521,0.652803,0.738464,-0.338892,0.24776,0.0120199,-0.905809,-0.438744,-0.028641,-0.985905,SIRA,1,SIRA
-0.213964,-0.317356,-0.696801,0.83588,-1.44078,-1.89764,-0.217834,-0.149854,0.577943,0.302092,0.988242,1.6543,-0.921474,1.22377,1.72005,0.643225,SEKER,1,SEKER
2.53939,2.22405,2.20163,2.05741,0.975418,0.928428,2.5595,2.34489,0.172599,-1.37431,-0.727168,-1.02766,-1.74445,-1.42274,-1.02239,-1.46258,CALI,1,CALI
-0.0701671,0.163704,0.218406,-0.370438,0.627068,0.734073,-0.0573554,0.00502788,-1.36011,-1.03778,-0.999048,-0.707361,0.274808,-0.642645,-0.725605,-0.20613,HOROZ,1,HOROZ
2.92558,2.78998,1.68928,3.45737,-0.394715,-0.106923,2.93371,2.63912,-0.762518,-0.909173,-1.79424,0.303983,-2.56127,-0.864942,0.266222,0.399154,BARBUNYA,1,unknown
8.10548,5.52909,4.30795,6.99818,0.00264896,0.281536,8.04276,5.91736,1.00291,0.41793,-0.9452,-0.128401,-3.82802,-1.59589,-0.167989,-0.171542,BOMBAY,1,unknown
-0.294303,-0.284181,-0.349275,-0.0578909,-0.415125,-0.129705,-0.294136,-0.238118,-0.13489,0.0103539,0.302042,0.330449,-0.09052,0.174916,0.293293,0.537372,SIRA,1,SIRA
1.20029,1.1151,0.605185,1.89924,-0.592676,-0.342001,1.19362,1.23584,0.0472536,-0.0311784,-0.234885,0.531762,-1.69664,-0.32475,0.501072,0.518453,BARBUNYA,1,CALI
0.911052,0.923751,0.782865,1.05759,0.156767,0.408448,0.936246,0.97404,-1.10865,-1.76191,-0.432553,-0.32284,-1.0264,-0.747508,-0.358298,-1.80235,CALI,1,CALI
-0.185388,-0.100708,-0.125968,-0.116634,-0.0689263,0.218513,-0.16716,-0.118765,-1.16169,-1.45968,-0.163132,-0.0622007,0.00277871,-0.169116,-0.102494,-0.382304,SIRA,1,SIRA
-0.301792,-0.347038,-0.32409,-0.129718,-0.325547,-0.0319868,-0.307305,-0.246411,-0.117091,0.485357,0.648335,0.238943,-0.0236433,0.110454,0.199936,0.780875,SIRA,1,SIRA
8.19495,5.50842,4.82266,6.36269,0.651131,0.748626,8.15606,5.96627,0.939971,-0.0737397,-0.769472,-0.745852,-3.63313,-1.80469,-0.761711,-0.8977,BOMBAY,1,unknown
-0.903649,-0.982062,-0.847919,-0.952141,-0.393515,-0.105593,-0.90526,-0.955067,-0.750838,0.531431,0.81196,0.310167,0.960042,0.586179,0.272542,0.667401,DERMASON,1,DERMASON
0.618532,0.913797,1.25269,-0.248561,1.93234,1.32451,0.610188,0.699267,-0.360287,0.249707,-1.5337,-1.69926,0.153151,-1.37922,-1.61763,-0.611502,HOROZ,1,HOROZ
-0.182564,-0.133177,-0.0986246,-0.178896,0.019695,0.296148,-0.181426,-0.115701,-1.2061,-0.111817,0.040815,-0.13038,0.0425706,-0.217726,-0.169941,0.381796,SIRA,1,SIRA
1.84438,2.444,1.42384,1.91263,0.263573,0.489983,1.90415,1.78836,-0.765741,-3.20826,-3.33041,-0.395116,-1.67142,-1.01202,-0.428255,-0.72901,BARBUNYA,1,unknown
0.846019,0.892907,0.325339,1.60997,-0.722623,-0.51537,0.861816,0.91386,-0.457089,-1.23224,-0.541949,0.679407,-1.49662,-0.106756,0.655554,0.29707,BARBUNYA,1,unknown
8.1087,5.28491,4.10136,7.41516,-0.305533,-0.0109355,8.10854,5.91913,-0.0536102,-0.846588,-0.262877,0.161802,-3.92073,-1.49275,0.121763,-1.2133,BOMBAY,1,unknown
9.53307,6.11507,5.04572,7.66712,0.215788,0.454116,9.52548,6.67575,0.360074,-0.746629,-0.679921,-0.359778,-3.98707,-1.75265,-0.394103,-1.08749,BOMBAY,1,unknown
1.36786,1.83254,0.910566,1.72781,-0.161311,0.132973,1.40877,1.38343,0.654628,-2.48843,-2.61123,0.0595319,-1.58551,-0.656516,0.0188709,0.600579,BARBUNYA,1,unknown
0.846413,1.0455,0.245715,1.77174,-0.901984,-0.784558,0.858007,0.914226,0.457184,-0.989753,-1.23891,0.893038,-1.59885,0.0388275,0.882213,0.0145328,BARBUNYA,1,unknown
8.36857,5.35869,4.30258,7.36572,-0.151964,0.141853,8.29988,6.06063,0.542094,0.500568,-0.114158,0.0217407,-3.92155,-1.55999,-0.0189352,-0.422824,BOMBAY,1,unknown
0.0216025,0.0836163,-0.0862563,0.351344,-0.379262,-0.0898804,0.018559,0.101905,-1.15562,0.129036,-0.10061,0.264317,-0.462179,-0.0417867,0.225754,-0.4099,SIRA,1,SIRA
-0.85149,-0.947136,-1.18386,-0.146239,-1.47541,-1.99167,-0.851487,-0.889958,0.846597,0.322795,0.964402,1.71802,-0.0142536,1.8715,1.79232,1.01604,SEKER,1,SEKER
6.44331,4.56873,3.54681,6.00274,-0.106279,0.184515,6.4017,4.97007,-0.00168008,0.188051,-0.652668,-0.0253413,-3.53138,-1.43809,-0.0658733,-0.425499,BOMBAY,1,unknown
-1.28295,-1.38459,-1.26134,-1.4585,-0.594453,-0.344263,-1.27773,-1.45494,-0.69788,0.00898241,0.594828,0.540234,1.69359,1.18013,0.509889,0.743188,DERMASON,1,DERMASON
-0.189658,-0.224519,-0.341989,0.213112,-0.606107,-0.359167,-0.196532,-0.123401,0.590364,0.529614,0.548223,0.548061,-0.361968,0.280009,0.51804,0.540686,SIRA,1,SIRA
-0.472456,-0.419655,-0.351703,-0.499092,-0.0589939,0.227423,-0.457778,-0.438606,0.974535,-1.18635,0.0541079,-0.0813309,0.442225,-0.027721,-0.121457,-0.715084,SIRA,1,SIRA
0.300524,0.356045,0.339278,0.317767,0.186613,0.431735,0.301043,0.387702,-1.01477,-0.218899,-0.204965,-0.302794,-0.44438,-0.536489,-0.338819,0.0101106,SIRA,1,SIRA
0.168421,0.168152,0.12431,0.32529,-0.0925991,0.197057,0.156444,0.253903,0.493266,0.704063,0.174813,-0.00921019,-0.473191,-0.296044,-0.0498118,0.677056,SIRA,1,SIRA
-0.361833,-0.272615,-0.961083,0.996077,-1.83802,-3.2701,-0.35133,-0.31332,-0.00650819,-0.833408,-0.166189,2.26781,-1.0306,1.93952,2.42955,-0.0459578,SEKER,1,SEKER
-0.10137,-0.34811,-0.828665,1.46714,-1.9156,-3.6494,-0.120101,-0.0282541,0.600391,1.40198,1.8699,2.42798,-1.40876,1.87144,2.61982,0.74018,SEKER,1,SEKER
1.93596,1.85049,1.17862,2.46384,-0.33372,-0.0406634,1.94631,1.86386,-0.253454,-0.964969,-0.973362,0.225135,-2.02829,-0.704936,0.185908,-0.0335285,BARBUNYA,1,unknown
-1.0234,-1.12476,-0.968989,-1.11198,-0.43878,-0.156507,-1.02765,-1.10766,0.944479,0.93182,0.898402,0.356933,1.1849,0.733629,0.320439,0.542381,DERMASON,1,DERMASON
7.76343,5.0496,4.3437,6.50928,0.241175,0.473292,7.70005,5.72854,-0.00150496,0.481319,-0.0690012,-0.364304,-3.68645,-1.65546,-0.398484,-0.359778,BOMBAY,1,unknown
-1.06879,-1.18699,-1.16148,-0.902762,-0.909409,-0.796546,-1.06587,-1.16669,-0.402928,0.147435,0.987298,0.912164,0.906749,1.29777,0.902686,0.344652,DERMASON,1,DERMASON
1.49642,1.53818,1.5263,1.08954,0.993661,0.937713,1.48082,1.49475,0.974897,0.342579,-1.0721,-1.01921,-1.08922,-1.24575,-1.01467,-0.551841,CALI,1,CALI
-0.232817,-0.194644,-0.275114,-0.0184893,-0.346579,-0.0544096,-0.24017,-0.170452,-0.483754,0.594468,0.119391,0.253084,-0.128811,0.0821226,0.214318,0.467267,SIRA,1,SIRA
-0.736466,-0.794805,-1.11158,0.088547,-1.52418,-2.13054,-0.735485,-0.749088,0.553757,0.152436,0.74114,1.78645,-0.249082,1.8172,1.87029,0.82163,SEKER,1,SEKER
-0.21173,-0.402445,-0.687133,0.82805,-1.42485,-1.85558,-0.226743,-0.147418,-0.0710524,1.2008,1.56201,1.62538,-0.909943,1.19582,1.68737,0.477692,SEKER,1,SEKER
0.917293,0.831495,-0.115205,2.70535,-1.72963,-2.81773,0.923399,0.979788,1.6906,-0.680631,0.0404895,2.08309,-2.16221,0.905137,2.21271,-0.136893,BARBUNYA,1,unknown
-1.2815,-1.42202,-1.26489,-1.43297,-0.623544,-0.381703,-1.27754,-1.45294,0.778147,0.17035,0.907536,0.559207,1.67566,1.197,0.529655,0.216,DERMASON,1,DERMASON
1.83519,2.01814,1.53332,1.68316,0.541455,0.680787,1.83663,1.78073,0.425883,-0.551008,-1.91225,-0.618252,-1.54863,-1.1204,-0.641554,0.360533,BARBUNYA,1,unknown
1.10773,1.34396,0.667538,1.58266,-0.332046,-0.0388823,1.12487,1.15307,0.695135,-1.29833,-1.57152,0.240619,-1.48581,-0.475506,0.20164,0.58755,BARBUNYA,1,unknown
-0.730291,-0.789202,-0.762153,-0.567346,-0.588348,-0.336505,-0.734646,-0.741627,1.35275,0.6759,0.746884,0.522545,0.483396,0.625363,0.491488,0.371699,DERMASON,1,DERMASON
-0.293384,-0.247658,-0.153579,-0.37815,0.114785,0.375006,-0.297041,-0.2371,-0.992009,0.32646,0.0861984,-0.222597,0.260923,-0.225949,-0.260568,0.424915,DERMASON,1,SIRA
2.06609,2.12358,1.43131,2.27391,0.0353934,0.309474,2.06612,1.96997,-0.657207,-0.515015,-1.6483,-0.14256,-1.93027,-0.928988,-0.181952,0.507148,BARBUNYA,1,unknown
7.29177,4.64124,3.75865,6.89448,-0.331949,-0.0387793,7.22991,5.46318,-1.18349,0.522331,0.472933,0.187699,-3.77927,-1.42423,0.147952,-1.30579,BOMBAY,1,unknown
1.54615,1.68836,1.0738,1.86029,-0.0723051,0.21547,1.54795,1.53739,-0.347335,-0.531681,-1.52173,-0.0545854,-1.65087,-0.766078,-0.0949374,-0.228774,BARBUNYA,1,CALI
1.77882,2.01443,1.08691,2.29672,-0.328136,-0.0347304,1.795,1.73386,-0.285083,-1.23005,-2.0602,0.223892,-1.93437,-0.668306,0.184646,0.139218,BARBUNYA,1,unknown
1.44433,1.484,0.857732,1.97958,-0.37478,-0.0849701,1.45441,1.44984,0.408142,-0.933259,-1.01685,0.286976,-1.74991,-0.545549,0.248856,0.575927,BARBUNYA,1,unknown
-0.197672,-0.0936796,0.12827,-0.577336,0.699379,0.777271,-0.206602,-0.13211,0.204981,0.699398,-0.271094,-0.744231,0.480981,-0.612921,-0.760192,0.763199,SIRA,1,SIRA
2.16889,1.90339,1.19921,2.86569,-0.537975,-0.273764,2.16224,2.05284,0.704081,-0.237953,-0.495334,0.469994,-2.26673,-0.622459,0.43697,0.569555,BARBUNYA,1,unknown
0.684026,0.72912,0.252663,1.33956,-0.639424,-0.402476,0.691848,0.76172,-0.259637,-0.755836,-0.408913,0.59519,-1.31879,-0.101456,0.56722,0.82088,BARBUNYA,1,unknown
11.7824,6.91403,5.66743,9.32241,-0.0395758,0.244688,11.7439,7.78794,0.737978,-0.336653,-0.181913,-0.120086,-4.35561,-1.78064,-0.159783,-1.41886,BOMBAY,1,unknown
0.988042,0.972642,0.508911,1.59064,-0.510509,-0.240484,0.993181,1.04464,0.713503,-0.634583,-0.365393,0.440978,-1.4932,-0.312803,0.406964,0.653646,BARBUNYA,1,unknown
-0.517979,-0.583358,-0.560081,-0.283903,-0.527039,-0.260436,-0.518329,-0.490953,0.330739,0.159593,0.81447,0.432949,0.180932,0.395558,0.398673,-0.295308,SIRA,1,DERMASON
1.59391,1.91353,0.907376,2.26236,-0.49046,-0.216591,1.60715,1.57812,-0.541871,-1.09237,-2.23045,0.38045,-1.89218,-0.531323,0.344593,-0.68202,BARBUNYA,1,unknown
2.00684,1.72076,1.16983,2.62579,-0.434752,-0.151912,1.99246,1.92183,-0.35801,0.136688,-0.219093,0.333348,-2.11795,-0.661389,0.296262,-0.136561,BARBUNYA,1,CALI
2.43244,2.1936,1.95952,2.19748,0.624955,0.732786,2.42658,2.26161,-0.180927,-0.314056,-0.900907,-0.725131,-1.84518,-1.27497,-0.742288,-0.964066,CALI,1,CALI
5.48101,3.77761,2.75022,5.89352,-0.647541,-0.413187,5.43043,4.38322,1.00017,0.576988,0.213416,0.593851,-3.51314,-1.08845,0.565821,0.439182,BOMBAY,1,unknown
-0.029439,-0.0218925,-0.046393,0.118869,-0.152106,0.141718,-0.0365693,0.0482059,0.775353,0.459397,0.230864,0.0498005,-0.271601,-0.167359,0.00912453,0.594309,SIRA,1,SIRA
1.5788,1.45468,1.28676,1.57559,0.350428,0.552763,1.56757,1.56525,0.563855,0.100857,-0.443091,-0.454785,-1.46593,-0.986045,-0.48569,0.0546472,CALI,1,CALI
3.09717,2.42663,2.15832,3.10468,0.234613,0.468362,3.10594,2.76678,0.394797,-0.938941,-0.0453871,-0.401559,-2.32932,-1.23049,-0.434471,-1.98847,CALI,1,CALI
-0.186965,0.0979419,0.524442,-1.06628,1.83132,1.29006,-0.194789,-0.120476,1.3436,0.603984,-1.25266,-1.61584,1.13957,-1.11883,-1.54568,0.0713589,HOROZ,1,HOROZ
-0.511082,-0.666774,-0.784408,0.129316,-1.12225,-1.17396,-0.521492,-0.482991,1.29779,1.06437,1.4347,1.19911,-0.281988,1.04283,1.21341,0.596126,SEKER,1,SEKER
6.65549,4.60891,3.91059,5.72585,0.292307,0.51109,6.6257,5.09539,0.502152,-0.116309,-0.434972,-0.418302,-3.43899,-1.59965,-0.450607,-0.594217,BOMBAY,1,unknown
1.94535,2.18599,1.24383,2.34741,-0.199617,0.0960324,1.98155,1.87157,0.516842,-2.12218,-2.20696,0.0973135,-1.97438,-0.776862,0.0567834,0.519137,BARBUNYA,1,unknown
-1.3374,-1.33134,-1.07103,-1.95556,0.243594,0.475104,-1.33092,-1.53104,-0.598856,-0.123325,-0.318374,-0.342898,2.55803,0.427389,-0.377754,0.531405,DERMASON,1,DERMASON
-1.02235,-1.10611,-1.00911,-1.04568,-0.559055,-0.299748,-1.01849,-1.1063,-0.302076,0.0115942,0.767149,0.501552,1.08111,0.862492,0.469682,0.826795,DERMASON,1,DERMASON
1.47987,1.41365,0.551878,2.61469,-1.03534,-1.0115,1.48094,1.48051,0.347903,-0.486716,-0.59615,1.08588,-2.13277,-0.0576532,1.09,0.699189,BARBUNYA,1,unknown
0.726396,1.10562,1.61446,-0.456825,2.68185,1.54106,0.721413,0.80183,-2.0228,0.00737468,-1.94549,-2.16856,0.401199,-1.60662,-2.0118,-0.948812,HOROZ,1,HOROZ
0.351435,0.71579,0.900167,-0.359534,1.56656,1.1925,0.351524,0.438554,-0.435067,-0.204082,-1.733,-1.442,0.265543,-1.1899,-1.39395,-0.29232,HOROZ,1,HOROZ
0.865726,0.890707,0.0441351,2.23163,-1.35389,-1.6767,0.872403,0.93215,0.967762,-0.707486,-0.453582,1.49914,-1.88544,0.470053,1.54547,-0.230271,BARBUNYA,1,unknown
1.67477,1.684,1.43836,1.62033,0.483872,0.643571,1.72044,1.6466,0.442873,-2.62339,-1.10125,-0.632045,-1.43563,-1.09529,-0.654607,-2.11521,CALI,1,CALI
-0.370701,-0.538106,-0.784502,0.56501,-1.39201,-1.77111,-0.381735,-0.323267,0.83151,1.00039,1.47721,1.57114,-0.679248,1.26954,1.62624,0.296539,SEKER,1,SEKER
1.90626,2.31944,1.19386,2.3962,-0.278924,0.0166296,1.92668,1.83946,0.376546,-1.41952,-2.76813,0.154852,-1.97838,-0.736703,0.114744,-0.438253,BARBUNYA,1,unknown
-0.0926333,0.327622,0.614049,-0.885047,1.74786,1.26049,-0.0756239,-0.0189173,-2.7162,-1.35667,-1.92045,-1.62618,1.00326,-1.15484,-1.55463,-2.72107,HOROZ,1,HOROZ
1.46555,1.55339,1.08649,1.65176,0.0791685,0.345986,1.46403,1.46816,0.932492,-0.354932,-1.23555,-0.189928,-1.52685,-0.820268,-0.228541,0.348538,BARBUNYA,1,CALI
-0.34679,-0.223814,-0.193834,-0.446083,0.118088,0.377667,-0.347973,-0.296486,-1.16967,0.146808,-0.364595,-0.232085,0.347203,-0.204964,-0.269853,0.19074,SIRA,1,SIRA
1.46134,1.39981,1.23247,1.40899,0.410823,0.594678,1.44996,1.46454,-0.0081908,0.141451,-0.598399,-0.498002,-1.36031,-0.982122,-0.527108,0.504431,BARBUNYA,1,CALI
-0.202336,-0.180629,-0.382321,0.302732,-0.720797,-0.512817,-0.199243,-0.137185,-0.679396,-0.260788,0.209747,0.641735,-0.399215,0.360063,0.61597,-0.930896,SIRA,1,SIRA
1.4172,1.26434,0.813528,1.99095,-0.427922,-0.14415,1.408,1.42634,1.04735,0.0431742,-0.143418,0.351063,-1.7622,-0.500108,0.314418,0.764833,BARBUNYA,1,unknown
-0.624989,-0.49571,-0.293167,-1.00628,0.504537,0.657058,-0.618773,-0.615909,-1.38108,-0.399455,-0.444128,-0.612638,1.08618,-0.318515,-0.636237,-0.673938,HOROZ,1,DERMASON
7.38794,5.01311,4.03617,6.52341,0.0171848,0.294006,7.32319,5.51777,-0.528434,0.569832,-0.512281,-0.156711,-3.68467,-1.55833,-0.195889,-0.682913,BOMBAY,1,unknown
1.1321,1.60845,1.72218,0.143458,2.12966,1.38783,1.13662,1.17495,-1.11513,-0.618286,-2.52653,-1.81695,-0.269822,-1.5332,-1.71816,-0.185264,HOROZ,1,HOROZ
-0.210219,-0.340805,-0.510404,0.469478,-0.993467,-0.937489,-0.223773,-0.145771,0.663222,1.08139,1.16245,1.02788,-0.603378,0.676099,1.02719,0.5969,SEKER,1,SEKER
1.96282,1.85763,1.7166,1.7553,0.686309,0.769581,1.99317,1.88588,-0.066901,-1.85871,-0.921647,-0.808806,-1.52671,-1.23438,-0.820504,-2.17779,CALI,1,CALI
-0.516074,-0.558194,-0.792913,0.133801,-1.13626,-1.20135,-0.516973,-0.488753,0.152354,0.208121,0.659815,1.21579,-0.283801,1.06193,1.23168,0.517814,SEKER,1,SEKER
0.378499,0.812583,1.24534,-0.72648,2.49075,1.49165,0.379992,0.465431,0.137377,-0.304322,-2.04847,-2.04104,0.702507,-1.48063,-1.90647,-0.263707,HOROZ,1,HOROZ
1.11115,1.43859,1.73856,0.0707021,2.23056,1.41833,1.10092,1.15614,-0.427543,0.186782,-1.94312,-1.87033,-0.212186,-1.55194,-1.76339,0.254588,HOROZ,1,HOROZ
7.03564,4.52279,3.32658,7.20972,-0.74708,-0.549914,6.95692,5.31653,1.04125,0.945243,0.44398,0.702925,-3.88942,-1.19751,0.680324,0.0867335,BOMBAY,1,unknown
9.36647,5.85281,4.81396,7.81235,0.00569265,0.284156,9.2827,6.58956,-0.303621,0.643786,-0.185961,-0.147689,-4.02841,-1.6758,-0.187005,-0.77101,BOMBAY,1,unknown
-0.629259,-0.835464,-1.04948,0.301665,-1.57037,-2.26966,-0.639689,-0.620952,0.673645,1.1759,1.81883,1.8608,-0.45848,1.78302,1.95544,0.907759,SEKER,1,SEKER
1.08599,1.28859,0.669832,1.57856,-0.326924,-0.0334452,1.12196,1.13349,0.326646,-2.31628,-1.41625,0.202189,-1.44974,-0.492108,0.16263,-0.592252,BARBUNYA,1,unknown
-0.573619,-0.494347,-0.409803,-0.696685,0.0321719,0.30675,-0.562677,-0.555583,-0.772074,-0.847727,-0.122789,-0.160015,0.664911,-0.0252475,-0.199141,-0.256794,SIRA,1,SIRA
1.96473,2.49969,1.04636,2.78545,-0.642089,-0.405986,2.01551,1.88744,0.981876,-2.76288,-3.19782,0.555088,-2.19233,-0.525188,0.525361,-0.688594,BARBUNYA,1,unknown
0.402805,0.716517,0.210605,0.742955,-0.293819,0.00125855,0.422403,0.489477,0.500152,-1.49241,-1.52167,0.20538,-0.84889,-0.250768,0.165864,0.806783,BARBUNYA,1,unknown
1.16146,1.47703,0.7903,1.48833,-0.135642,0.157234,1.17425,1.20124,-0.638729,-1.06418,-1.9273,0.0348006,-1.42182,-0.61373,-0.00588329,0.668947,BARBUNYA,1,unknown
-0.525665,-0.687283,-0.85737,0.229541,-1.28084,-1.50581,-0.537308,-0.499837,0.0228822,1.18977,1.47932,1.422,-0.382463,1.25946,1.45939,0.682268,SEKER,1,SEKER
-0.23216,-0.142716,-0.0766717,-0.329019,0.178733,0.425625,-0.228679,-0.169733,0.829707,-0.282659,-0.181425,-0.295396,0.220505,-0.306109,-0.331623,0.00554848,SIRA,1,SIRA
1.31833,1.33215,0.891914,1.6593,-0.137017,0.155944,1.32576,1.34011,-0.558395,-0.790419,-0.793125,0.0314133,-1.53604,-0.659268,-0.00926985,0.493311,BARBUNYA,1,CALI
5.29011,3.62592,2.61991,5.82341,-0.715879,-0.505956,5.27111,4.26291,0.444635,-0.241035,0.375678,0.67828,-3.49257,-1.02819,0.654368,0.539954,BOMBAY,1,unknown
-0.0566349,-0.0427618,-0.0551181,0.0950773,-0.144837,0.148589,-0.0585173,0.019407,0.595058,0.0741495,0.2056,0.0172186,-0.217255,-0.176918,-0.0234512,-0.319109,SIRA,1,SIRA
-1.06847,-1.10987,-0.960309,-1.25722,-0.292663,0.00245716,-1.06077,-1.16626,-1.02177,-0.402979,0.411692,0.183817,1.41376,0.623185,0.144024,0.0746179,DERMASON,1,DERMASON
1.36451,1.27423,1.17992,1.31494,0.421242,0.60177,1.34564,1.38051,1.14951,0.555842,-0.374404,-0.519928,-1.27775,-0.971322,-0.548064,0.0270683,CALI,1,CALI
-0.718073,-0.729333,-0.511017,-0.954503,0.12082,0.379864,-0.722833,-0.726893,-0.795543,0.706132,0.424426,-0.231934,0.977711,0.0124011,-0.269706,0.295052,DERMASON,1,DERMASON
-0.593721,-0.727459,-0.894449,0.089181,-1.24004,-1.4156,-0.602764,-0.579113,0.525728,1.01184,1.28868,1.36919,-0.250465,1.26901,1.40075,0.844112,SEKER,1,SEKER
0.93319,1.18526,1.33349,0.286219,1.48183,1.15886,0.923851,0.994411,-2.15005,0.195875,-1.52366,-1.40181,-0.377141,-1.30992,-1.35852,-1.1226,HOROZ,1,HOROZ
1.2845,1.31437,0.882314,1.60496,-0.111813,0.179411,1.28186,1.31037,-1.01755,-0.26338,-0.832984,0.00482759,-1.498,-0.6653,-0.0358173,0.4703,BARBUNYA,1,CALI
-0.646404,-0.606538,-0.524179,-0.736141,-0.100179,0.190121,-0.64679,-0.641249,0.170479,0.233275,0.108879,-0.00645736,0.686052,0.136549,-0.0470687,0.493782,DERMASON,1,DERMASON
0.47802,0.810349,0.339088,0.716073,-0.11931,0.172469,0.492572,0.563354,-1.03491,-1.16347,-1.63523,0.0133636,-0.816656,-0.404325,-0.0272998,0.500762,BARBUNYA,1,unknown
8.06442,5.20928,4.16247,7.13693,-0.153865,0.14005,7.95859,5.89485,-0.0390248,1.30692,-0.106238,0.0504781,-3.87814,-1.53004,0.00980298,0.552441,BOMBAY,1,unknown
1.80957,1.8697,0.897209,2.68248,-0.732276,-0.528928,1.84031,1.75946,0.416087,-1.89979,-1.42677,0.696682,-2.1653,-0.401381,0.673744,0.491591,BARBUNYA,1,unknown
1.94666,1.82468,1.65984,1.70775,0.660195,0.754062,1.9241,1.87264,1.0274,0.524738,-0.837008,-0.723573,-1.56276,-1.19168,-0.740827,0.267542,CALI,1,CALI
1.07856,1.12407,0.597466,1.62521,-0.435306,-0.152543,1.08672,1.12679,-0.197326,-0.81029,-0.725019,0.364543,-1.52538,-0.390392,0.32825,0.951582,BARBUNYA,1,unknown
1.96966,2.33403,1.42312,2.1247,0.122278,0.381034,1.99666,1.89147,0.283045,-1.70903,-2.64904,-0.241729,-1.8254,-0.959998,-0.279283,-0.0174348,BARBUNYA,1,unknown
-0.984382,-0.985742,-0.75275,-1.35008,0.131444,0.388374,-0.97969,-1.05745,-1.01724,-0.101354,0.203268,-0.237646,1.53713,0.199049,-0.275292,0.465609,DERMASON,1,DERMASON
1.3226,1.69349,1.95744,0.185959,2.38836,1.46367,1.3226,1.34385,0.800997,-0.407189,-2.24101,-1.96362,-0.331861,-1.62547,-1.84187,0.426351,HOROZ,1,HOROZ
1.33541,1.43859,0.962809,1.56485,0.00298893,0.281829,1.33383,1.35507,-0.987217,-0.327999,-1.18982,-0.101594,-1.48021,-0.738937,-0.141511,0.831021,BARBUNYA,1,CALI
-0.0995965,-0.0795408,-0.0441785,-0.0404473,-0.0216882,0.260412,-0.102478,-0.0263575,0.422594,0.169147,0.186223,-0.10149,-0.0875841,-0.237931,-0.141408,-0.0762099,SIRA,1,SIRA
-0.178491,-0.107417,-0.08093,-0.203332,0.0643839,0.33376,-0.176327,-0.111285,0.742561,-0.194593,-0.0863334,-0.16928,0.0620811,-0.246398,-0.208255,0.576793,SIRA,1,SIRA
0.0766512,0.0649882,0.0599691,0.222088,-0.0949038,0.194952,0.0705888,0.159317,-1.01899,0.326563,0.290198,-0.019968,-0.359267,-0.263445,-0.0605255,0.196504,SIRA,1,SIRA
0.366412,0.766535,1.17805,-0.663473,2.31329,1.44245,0.370051,0.453441,0.581787,-0.443648,-1.89674,-1.94025,0.634747,-1.43238,-1.82227,-0.551357,HOROZ,1,HOROZ
8.37028,5.57009,4.81107,6.55569,0.550132,0.686298,8.31466,6.06156,1.78738,0.240856,-0.703221,-0.641813,-3.70192,-1.78144,-0.663841,-0.253885,BOMBAY,1,unknown
8.19074,5.20921,4.08029,7.47352,-0.342095,-0.0496029,8.11642,5.96398,0.955132,0.640495,0.0730668,0.237847,-3.95822,-1.4705,0.198822,0.0959865,BOMBAY,1,unknown
-0.767406,-0.81546,-0.736813,-0.724566,-0.422752,-0.138299,-0.774024,-0.786625,0.983274,0.933848,0.659505,0.335121,0.674974,0.496676,0.298078,0.401874,DERMASON,1,DERMASON
0.764825,1.04713,1.28787,0.0217675,1.68908,1.23902,0.777832,0.838012,-0.676644,-1.07002,-1.55363,-1.55331,-0.107472,-1.34404,-1.49139,-1.36244,HOROZ,1,HOROZ
-0.46523,-0.584106,-0.910232,0.527218,-1.5255,-2.13443,-0.470495,-0.430341,0.183653,0.567633,1.17028,1.78563,-0.659426,1.55331,1.86935,0.729994,SEKER,1,SEKER
0.431774,0.752514,0.195451,0.84126,-0.380501,-0.0912405,0.464104,0.518026,-0.0126261,-2.30637,-1.56481,0.297686,-0.928681,-0.201049,0.259789,0.734074,BARBUNYA,1,unknown
-1.42792,-1.58682,-1.40065,-1.71388,-0.590099,-0.338726,-1.42491,-1.6603,0.466303,0.425803,0.798115,0.528665,2.12431,1.35464,0.497851,0.515038,DERMASON,1,DERMASON
-0.166404,-0.0729556,-0.139957,-0.0493852,-0.142224,0.151051,-0.16361,-0.0981975,-0.687678,-0.248211,-0.217506,0.0170644,-0.0731528,-0.123178,-0.0236053,-0.226371,SIRA,1,SIRA
1.63917,1.71231,1.20953,1.80161,0.1108,0.371788,1.65169,1.61652,0.46372,-1.05831,-1.3265,-0.219283,-1.62945,-0.876907,-0.257323,0.404171,BARBUNYA,1,unknown
1.42272,1.65238,0.758439,2.14513,-0.57553,-0.320326,1.43989,1.43113,-0.698209,-1.28817,-1.76897,0.48884,-1.83084,-0.418836,0.456495,-0.289484,BARBUNYA,1,unknown
-0.206015,-0.328714,-0.463123,0.398822,-0.888142,-0.762401,-0.217705,-0.14119,-0.513775,0.927493,1.10923,0.885582,-0.531213,0.556573,0.87424,0.357975,SEKER,1,SEKER
1.32635,1.45311,0.861738,1.7139,-0.20498,0.0907891,1.34196,1.34713,-0.555706,-1.21172,-1.28069,0.110849,-1.58179,-0.615768,0.0703941,0.806185,BARBUNYA,1,unknown
1.97747,2.19008,1.55921,1.92721,0.396365,0.584769,1.97936,1.89786,-1.40234,-0.587368,-2.13338,-0.498461,-1.70038,-1.08956,-0.527547,-0.0126123,BARBUNYA,1,unknown
1.50345,1.9486,1.67609,1.03668,1.21211,1.04285,1.57403,1.50079,-0.767364,-3.88431,-2.62118,-1.27935,-0.936274,-1.36614,-1.24976,-4.19224,BARBUNYA,1,unknown
2.26382,2.67173,1.75368,2.14856,0.447203,0.619268,2.31697,2.12863,-0.662324,-2.76996,-2.99437,-0.536639,-1.84807,-1.16019,-0.564008,0.281079,BARBUNYA,1,unknown
-0.856023,-0.744053,-0.726582,-1.01564,-0.15116,0.142614,-0.846259,-0.895585,-0.398855,-0.688784,-0.45546,0.0520217,1.04436,0.332383,0.0113484,0.711158,DERMASON,1,DERMASON
1.02391,1.17543,0.915797,0.99392,0.35936,0.55905,1.02223,1.0773,0.509031,-0.26067,-1.15285,-0.444806,-1.05261,-0.846634,-0.476105,0.74489,BARBUNYA,1,CALI
-0.782515,-0.972758,-1.25261,0.244926,-1.79789,-3.09341,-0.787386,-0.805048,0.796949,0.770732,1.69258,2.23092,-0.405084,2.34327,2.38602,0.92211,SEKER,1,SEKER
-0.788493,-0.943408,-1.22344,0.162201,-1.71346,-2.75645,-0.794293,-0.812355,0.313651,0.870391,1.42409,2.08627,-0.320854,2.19181,2.21642,0.79344,SEKER,1,SEKER
1.14425,1.2914,1.11449,0.960405,0.618456,0.72882,1.14333,1.18584,-1.01019,-0.326755,-1.22383,-0.68767,-1.01155,-1.00631,-0.707087,0.269129,CALI,1,CALI
-0.804456,-0.774032,-0.740546,-0.817349,-0.349177,-0.0572011,-0.801588,-0.831914,-0.231099,-1.17127e-05,0.108661,0.243135,0.807981,0.44912,0.204197,0.00912524,DERMASON,1,DERMASON
-0.623938,-0.618782,-0.662869,-0.434812,-0.552309,-0.29139,-0.624841,-0.614668,1.23722,0.269224,0.339545,0.48593,0.32119,0.513542,0.453479,0.550517,SIRA,1,DERMASON
-1.05204,-1.08839,-0.946707,-1.24624,-0.281254,0.0142355,-1.04502,-1.14483,-0.14331,-0.332437,0.391132,0.189493,1.37117,0.61296,0.149769,0.720613,DERMASON,1,DERMASON
-0.270983,-0.269198,-0.256752,-0.117023,-0.244795,0.0512963,-0.273866,-0.212365,0.947174,0.2509,0.347897,0.114416,0.0103052,0.00140082,0.073983,-0.586739,SIRA,1,SIRA
10.889,6.73609,5.7149,8.20311,0.422738,0.602785,10.8031,7.35705,1.04986,0.483121,-0.697198,-0.54669,-4.11908,-1.87024,-0.573588,-0.941574,BOMBAY,1,unknown
-0.483032,-0.561334,-0.524872,-0.277586,-0.483437,-0.2083,-0.482696,-0.450726,0.711621,0.0807284,0.898306,0.410729,0.139783,0.354385,0.375757,0.670433,SIRA,1,DERMASON
8.25965,5.06565,3.77883,8.0919,-0.762407,-0.571891,8.14915,6.00153,-0.273953,1.35866,0.606034,0.727842,-4.11337,-1.28846,0.706618,0.303265,BOMBAY,1,unknown
2.06195,1.90478,1.47825,2.22365,0.115144,0.375295,2.0676,1.96662,-0.892696,-0.762384,-0.816747,-0.241187,-1.87995,-0.978364,-0.278754,-0.254586,CALI,1,CALI
8.66595,5.60215,4.66897,7.27349,0.131244,0.388214,8.72929,6.2206,-0.614509,-2.06827,-0.399838,-0.311205,-3.86497,-1.69115,-0.346996,-2.27918,BOMBAY,1,unknown
-0.473179,-0.4222,-0.417457,-0.422164,-0.217318,0.0786576,-0.469398,-0.439434,-0.806092,-0.228476,0.0653558,0.108719,0.317202,0.114095,0.0682508,0.257385,SIRA,1,SIRA
0.370354,0.678098,1.10121,-0.584659,2.10643,1.38064,0.366823,0.457353,-0.129892,0.0310717,-1.48205,-1.79483,0.513167,-1.36605,-1.69935,0.12843,HOROZ,1,HOROZ
1.39683,1.42228,0.62192,2.30737,-0.805385,-0.634914,1.41142,1.40866,0.12195,-1.15862,-0.914001,0.784467,-1.94846,-0.226889,0.766557,0.436792,BARBUNYA,1,unknown
1.13519,1.40887,0.744367,1.54438,-0.223164,0.0728768,1.15056,1.17772,0.694596,-1.20251,-1.74295,0.101579,-1.43617,-0.566946,0.0610709,-0.224446,BARBUNYA,1,unknown
2.23761,2.25767,1.24746,2.93336,-0.528182,-0.261825,2.26313,2.10777,1.02984,-1.61733,-1.66904,0.448165,-2.29345,-0.650205,0.414391,0.195151,BARBUNYA,1,unknown
2.63523,2.85704,1.74303,2.85834,-0.0126056,0.268332,2.69048,2.41884,-0.24792,-2.74436,-2.69108,-0.110861,-2.24667,-1.02067,-0.150671,-0.0863308,BARBUNYA,1,unknown
0.248498,0.456809,0.440772,0.0534909,0.54095,0.680466,0.272317,0.335331,-0.289503,-1.7961,-0.960718,-0.636169,-0.174509,-0.718995,-0.658506,-0.346361,BARBUNYA,1,SIRA
0.425665,0.520579,0.593343,0.319386,0.508381,0.659551,0.457197,0.512016,-1.45763,-2.25733,-0.482487,-0.67622,-0.346932,-0.801398,-0.696305,-2.97601,HOROZ,1,HOROZ
10.0391,6.47722,5.85968,7.13013,0.999812,0.940825,10.0537,6.93412,1.51545,-1.14172,-1.00363,-1.0678,-3.82642,-1.98306,-1.059,-2.28647,BOMBAY,1,unknown
-0.956332,-0.999832,-0.939186,-0.958512,-0.526794,-0.26014,-0.949156,-1.02165,0.481506,-0.385977,0.524759,0.462642,0.964912,0.765493,0.429361,0.762235,DERMASON,1,DERMASON
-0.324784,-0.275832,-0.0711309,-0.593858,0.428436,0.606644,-0.332416,-0.271945,1.25482,0.677352,0.0713502,-0.510419,0.505447,-0.405292,-0.53898,0.638092,SIRA,1,SIRA
-0.811747,-0.828499,-0.678843,-0.954992,-0.133916,0.158852,-0.809399,-0.840872,1.05453,0.0567377,0.424403,0.0257414,0.974156,0.277689,-0.0149384,0.403132,DERMASON,1,DERMASON
-0.633726,-0.776073,-0.862347,-0.0906403,-1.07863,-1.09087,-0.641754,-0.626233,-0.198585,0.951392,1.35081,1.13998,-0.057946,1.09111,1.14884,0.582999,SEKER,1,SEKER
0.0199603,-0.0454457,-0.211283,0.533802,-0.664299,-0.435504,0.0144276,0.100184,-0.01532,0.31456,0.635851,0.618245,-0.661098,0.217111,0.591345,0.597654,SIRA,1,SEKER
2.17632,1.99959,1.68646,2.08623,0.420214,0.601072,2.16566,2.05879,-1.28894,-0.0659702,-0.86186,-0.509686,-1.81207,-1.1319,-0.53828,0.382568,BARBUNYA,1,CALI
-1.67564,-1.89786,-1.6953,-2.12403,-0.713709,-0.502938,-1.66499,-2.03417,-0.0293112,-0.567076,0.70209,0.685565,2.86745,1.91577,0.662035,0.883624,DERMASON,1,DERMASON
-0.652185,-0.591763,-0.441665,-0.879051,0.153879,0.406173,-0.649694,-0.648108,-0.998377,-0.0372553,-0.0244201,-0.264687,0.878609,-0.0540599,-0.301702,0.263471,DERMASON,1,DERMASON
-0.928742,-1.05961,-1.02805,-0.700141,-0.869403,-0.732796,-0.929532,-0.986677,0.859633,0.462599,1.18692,0.866725,0.639979,1.10843,0.854095,0.521176,DERMASON,1,DERMASON
11.0748,6.6561,5.40054,8.88267,-0.0383638,0.245758,11.0559,7.44779,-0.220346,-0.608801,-0.293678,-0.0975222,-4.27731,-1.74333,-0.137484,-0.546108,BOMBAY,1,unknown
-0.808397,-0.817217,-0.65831,-0.980518,-0.0791124,0.209319,-0.798102,-0.836754,0.286758,-0.75208,0.371626,-0.0291021,1.0067,0.231527,-0.0696148,0.452063,DERMASON,1,DERMASON
7.76652,5.24116,4.0583,6.95666,-0.151135,0.142638,7.72471,5.73026,1.14955,0.0292676,-0.618757,0.0300799,-3.81813,-1.51724,-0.0106026,-0.0879159,BOMBAY,1,unknown
0.895549,1.37578,1.46079,0.214738,1.71642,1.24907,1.01623,0.959739,0.583681,-7.0439,-2.4278,-1.68101,-0.145649,-1.4296,-1.60193,-5.8751,HOROZ,1,unknown
1.31827,1.50272,1.00437,1.50415,0.090109,0.354964,1.33783,1.34005,-0.520776,-1.41453,-1.5111,-0.215702,-1.40808,-0.797699,-0.253815,-0.211947,BARBUNYA,1,CALI
6.63854,4.43759,3.48585,6.32939,-0.291749,0.0034034,6.56076,5.08543,1.49555,1.0094,0.0693137,0.193637,-3.6483,-1.36937,0.153965,0.463686,BOMBAY,1,unknown
3.40263,2.96814,2.94339,2.46763,1.42271,1.13462,3.40895,2.98968,0.949716,-0.862906,-1.29579,-1.37517,-1.9854,-1.66499,-1.33497,-1.77802,CALI,1,unknown
1.74151,1.52064,1.50805,1.59242,0.580292,0.705255,1.72993,1.70268,0.913829,0.0757679,-0.194565,-0.68342,-1.45231,-1.13369,-0.703086,-0.843574,CALI,1,CALI
0.916307,1.34868,1.3613,0.185326,1.61772,1.21223,0.923722,0.978881,-1.94728,-0.75491,-2.25089,-1.47567,-0.310557,-1.34066,-1.42353,-0.195952,HOROZ,1,HOROZ
8.99749,5.76595,4.87252,7.27343,0.26796,0.493227,8.96445,6.39656,0.868435,-0.254308,-0.417976,-0.403461,-3.88931,-1.73909,-0.436305,-0.888872,BOMBAY,1,unknown
2.24155,1.96437,1.75514,2.16784,0.435618,0.61149,2.24093,2.11091,1.10367,-0.507945,-0.531851,-0.564084,-1.82161,-1.16923,-0.590146,-1.16329,CALI,1,CALI
0.422118,0.705781,0.846209,-0.167569,1.29188,1.07865,0.417239,0.508523,-1.48776,0.101784,-1.39162,-1.22061,0.023092,-1.09626,-1.19715,0.593064,HOROZ,1,HOROZ
0.451087,0.558603,0.304465,0.728699,-0.170341,0.124345,0.446998,0.536992,-1.10764,0.0401627,-0.560983,0.052436,-0.811861,-0.369283,0.0117633,9.74239e-05,BARBUNYA,1,SIRA
1.62097,1.48517,0.979498,2.15866,-0.355922,-0.0644708,1.60915,1.6011,0.438376,0.118805,-0.436239,0.253378,-1.84984,-0.612075,0.214617,0.112483,BARBUNYA,1,CALI
-0.410181,-0.291949,-0.317586,-0.420637,-0.0782477,0.210102,-0.404845,-0.36775,-1.04958,-0.384296,-0.337748,-0.0316293,0.31061,-0.0273258,-0.0721284,0.39163,SIRA,1,DERMASON
2.75104,2.31289,2.18555,2.4024,0.712196,0.784762,2.70403,2.50736,0.331762,1.25349,-0.504457,-0.788509,-1.97939,-1.35087,-0.801584,-0.540153,CALI,1,CALI
-0.512527,-0.550363,-0.840941,0.235767,-1.26361,-1.46728,-0.513036,-0.484658,0.4009,0.171073,0.63154,1.39795,-0.388882,1.22591,1.43266,0.695653,SEKER,1,SEKER
1.23432,1.36542,1.25586,0.936145,0.804406,0.837244,1.24662,1.26605,-0.778003,-1.0398,-1.22554,-0.845918,-0.990827,-1.10744,-0.855014,0.23002,BARBUNYA,1,CALI
1.88774,2.12906,1.61148,1.68696,0.623228,0.731734,1.90344,1.82419,0.82048,-1.20672,-2.16474,-0.702857,-1.53676,-1.17101,-0.721372,-0.159723,BARBUNYA,1,unknown
11.6399,7.08866,5.552,9.30828,-0.102583,0.187914,11.5869,7.72008,0.0606433,-0.106351,-0.757422,-0.041203,-4.36119,-1.75062,-0.081646,-0.866875,BOMBAY,1,unknown
0.250403,0.368877,0.383252,0.135915,0.394108,0.583216,0.250175,0.337256,0.424879,-0.153546,-0.507244,-0.498347,-0.265692,-0.637533,-0.527438,-0.0862395,SIRA,1,SIRA
1.78047,1.66391,1.5785,1.55418,0.685896,0.769337,1.76007,1.73523,-1.65025,0.48031,-0.685985,-0.768863,-1.43123,-1.18219,-0.783239,-0.641703,CALI,1,CALI
1.04473,1.05291,1.11567,0.7468,0.794443,0.83169,1.02023,1.0962,1.0409,1.00413,-0.525367,-0.829278,-0.844498,-1.05524,-0.839555,0.558956,CALI,1,CALI
0.311429,0.438042,0.606241,-0.0366067,0.841907,0.857903,0.296589,0.398627,0.509553,0.819543,-0.579584,-0.898293,-0.0730959,-0.890198,-0.903525,-0.613321,SIRA,1,SIRA
-1.24938,-1.34118,-1.21257,-1.43523,-0.535602,-0.270864,-1.24797,-1.40863,0.543432,0.4729,0.568955,0.476996,1.64993,1.07922,0.444222,0.912757,DERMASON,1,DERMASON
-0.0510512,-0.254762,-0.492864,0.883067,-1.22526,-1.3838,-0.0680066,0.0253306,0.717951,1.22228,1.54638,1.34091,-0.958758,0.834887,1.36944,0.594784,SEKER,1,SEKER
-0.159243,0.302782,0.673633,-1.04403,2.03387,1.35773,-0.0995731,-0.0904579,-1.84088,-4.63222,-2.12124,-1.86695,1.31042,-1.25749,-1.76053,-4.90682,HOROZ,1,unknown
1.93241,1.9276,1.82137,1.59453,0.921067,0.900273,1.97923,1.86095,0.248973,-2.59763,-1.28826,-1.03038,-1.38398,-1.32989,-1.02487,-3.28209,CALI,1,CALI
8.91919,5.53009,4.31495,8.03914,-0.402036,-0.115058,8.83096,6.35522,1.41692,0.795494,0.139856,0.297895,-4.09418,-1.4965,0.260002,-0.106536,BOMBAY,1,unknown
-1.52955,-1.66624,-1.45114,-2.00028,-0.39318,-0.105222,-1.52232,-1.80988,-0.0480215,-0.105221,0.379583,0.312267,2.63224,1.27614,0.274689,0.7557,DERMASON,1,DERMASON
7.18397,4.76708,3.96285,6.32059,0.0544163,0.325457,7.12521,5.40168,-0.13695,0.471335,-0.0881955,-0.173241,-3.63834,-1.54993,-0.21215,0.0660297,BOMBAY,1,unknown
-0.581174,-0.571578,-0.489394,-0.610549,-0.159739,0.13447,-0.580623,-0.564415,-0.0502409,0.109945,0.317725,0.0556172,0.530079,0.141548,0.0149493,0.517441,DERMASON,1,DERMASON
8.22077,5.5021,4.7121,6.70861,0.409361,0.59368,8.27709,5.98035,-1.48541,-1.96725,-0.717587,-0.595552,-3.69116,-1.75861,-0.62004,-3.25269,BOMBAY,1,unknown
-0.839403,-0.955382,-1.07258,-0.334322,-1.19916,-1.32871,-0.842063,-0.874982,0.49194,0.590861,1.11855,1.31393,0.194453,1.44871,1.33962,0.905437,SEKER,1,SEKER
0.308013,0.421967,0.335559,0.346146,0.159089,0.410274,0.317052,0.395207,0.945107,-0.795156,-0.513177,-0.280273,-0.466388,-0.525329,-0.316898,-0.132028,SIRA,1,SIRA
1.86324,1.74093,1.57282,1.76211,0.527068,0.671595,1.87607,1.80396,-0.375813,-1.07612,-0.748462,-0.659461,-1.54451,-1.14567,-0.680504,-1.70809,CALI,1,CALI
-0.988915,-1.07676,-0.987322,-0.969624,-0.590635,-0.339406,-0.990018,-1.06326,-0.212905,0.545141,0.824357,0.530221,0.988227,0.856415,0.49947,0.547795,DERMASON,1,DERMASON
2.20989,2.27517,1.57958,2.31331,0.160792,0.411612,2.2184,2.08566,0.603384,-0.895175,-1.80652,-0.267579,-1.95115,-1.02032,-0.304524,0.403666,BARBUNYA,1,unknown
0.364113,0.646798,1.10642,-0.615331,2.15068,1.39429,0.350878,0.451158,1.0985,0.681328,-1.36357,-1.81403,0.536045,-1.37353,-1.71568,0.512957,HOROZ,1,HOROZ
1.53262,1.83841,0.759412,2.34749,-0.688308,-0.467963,1.56719,1.52581,-0.690449,-2.13231,-2.13705,0.643338,-1.97329,-0.356345,0.617651,0.475304,BARBUNYA,1,unknown
1.67582,1.70043,1.29438,1.73382,0.247813,0.47826,1.67441,1.64749,0.233915,-0.394758,-1.1646,-0.346244,-1.58829,-0.951468,-0.380997,0.55492,BARBUNYA,1,CALI
1.72634,1.78594,1.10674,2.1823,-0.23943,0.0566759,1.74122,1.68996,0.180744,-1.17075,-1.35009,0.112161,-1.84916,-0.71786,0.0717145,-0.463056,BARBUNYA,1,unknown
-0.215737,-0.148499,-0.20954,-0.0895796,-0.203188,0.0925437,-0.213703,-0.151789,0.653175,-0.171689,-0.0556187,0.103611,-0.0600415,-0.0361251,0.063114,0.611691,SIRA,1,SIRA
1.991,1.93611,1.86834,1.6111,0.959487,0.920252,2.03397,1.90892,1.3626,-2.41112,-1.14974,-1.04623,-1.41249,-1.34673,-1.03934,-2.69801,CALI,1,CALI
2.79604,2.39498,2.07355,2.76953,0.359804,0.559362,2.86051,2.54152,-0.277081,-3.04822,-0.702214,-0.550276,-2.11922,-1.25267,-0.577004,-3.23333,CALI,1,CALI
2.37293,2.1593,1.98984,1.99978,0.796971,0.833102,2.33827,2.21492,-1.35586,0.901046,-0.932173,-0.841174,-1.752,-1.31734,-0.850609,0.174232,CALI,1,CALI
-0.96947,-1.01105,-0.973344,-0.923878,-0.607959,-0.361547,-0.963551,-1.03839,1.14184,-0.243431,0.501036,0.541723,0.938744,0.848435,0.511439,0.242754,DERMASON,1,DERMASON
2.36905,2.36164,1.70147,2.44618,0.198704,0.441055,2.39902,2.21187,-0.93174,-1.78823,-1.69383,-0.322135,-2.01161,-1.07634,-0.357613,-0.283457,BARBUNYA,1,unknown
2.80189,2.3344,2.19086,2.47277,0.669299,0.759496,2.76658,2.54595,0.946263,0.775315,-0.453661,-0.747056,-2.02551,-1.34022,-0.762838,-0.342859,CALI,1,CALI
-1.16076,-1.08022,-0.989272,-1.51505,-0.0895193,0.199866,-1.14901,-1.28844,0.692503,-0.854919,-0.560304,-0.016633,1.79311,0.535574,-0.0572052,0.520237,DERMASON,1,DERMASON
1.9018,2.06683,1.2513,2.2634,-0.141136,0.152074,1.91287,1.83578,0.502945,-0.996508,-1.90102,0.0272312,-1.91556,-0.804835,-0.0134497,0.185321,BARBUNYA,1,unknown
-0.950223,-1.09303,-1.073,-0.684352,-0.947186,-0.858677,-0.955289,-1.01389,1.50743,0.947668,1.26541,0.965827,0.620199,1.22396,0.960288,0.525895,DERMASON,1,DERMASON
1.92735,1.74333,1.55149,1.92223,0.391669,0.581535,1.97129,1.85679,0.506168,-2.47083,-0.560626,-0.542934,-1.64653,-1.10161,-0.570009,-1.86383,CALI,1,CALI
7.62272,5.01752,4.33633,6.37961,0.295214,0.513206,7.54099,5.64999,2.04963,0.893664,-0.180045,-0.432468,-3.6358,-1.66975,-0.464242,-1.02671,BOMBAY,1,unknown
-0.453471,-0.390817,-0.422229,-0.368961,-0.268025,0.0277835,-0.456874,-0.416915,0.600353,0.395631,-0.00577422,0.17073,0.245886,0.149007,0.130786,0.554393,SIRA,1,DERMASON
2.69718,2.62237,2.12757,2.41502,0.645423,0.745191,2.6817,2.4663,0.36575,0.0264564,-1.77437,-0.743671,-1.9748,-1.32358,-0.759668,-1.00224,CALI,1,CALI
0.446029,0.771142,0.96215,-0.261397,1.54739,1.185,0.441575,0.53203,-2.29684,0.0655723,-1.59014,-1.41358,0.134291,-1.2007,-1.36891,0.320813,HOROZ,1,HOROZ
-0.705197,-0.876421,-1.04802,0.0546995,-1.41995,-1.84279,-0.714118,-0.71141,0.582587,1.10404,1.559,1.62884,-0.215318,1.62527,1.69127,0.825386,SEKER,1,SEKER
0.000778632,-0.0843344,-0.144188,0.357679,-0.457195,-0.177673,-0.0130074,0.0800515,0.0274363,0.942845,0.765406,0.383889,-0.506361,0.054267,0.348128,0.767487,SEKER,1,SIRA
7.59427,4.84236,3.87618,6.9747,-0.283391,0.0120356,7.51466,5.63405,1.05224,0.854082,0.308249,0.193773,-3.83855,-1.44461,0.154103,0.79232,BOMBAY,1,unknown
-0.103801,-0.00180477,-0.200213,0.190376,-0.40649,-0.120028,-0.0940861,-0.030854,0.480275,-0.799372,-0.281322,0.321381,-0.340432,0.0627199,0.284011,0.55544,SIRA,1,SIRA
-0.544715,-0.478327,-0.436248,-0.594841,-0.0967262,0.193285,-0.543763,-0.521918,-0.0988455,0.0549827,-0.0374466,-0.011243,0.513649,0.0677761,-0.051837,0.447881,DERMASON,1,DERMASON
-1.2028,-1.22904,-0.984794,-1.64494,0.0520793,0.323503,-1.19058,-1.34509,-1.20423,-0.906295,0.138921,-0.170991,2.02666,0.442694,-0.209938,0.0641421,DERMASON,1,DERMASON
0.310707,0.292178,0.306324,0.384166,0.0919394,0.356461,0.30001,0.397904,0.524065,0.537967,0.187064,-0.203892,-0.515595,-0.478689,-0.242242,0.293436,SIRA,1,SIRA
0.981801,0.947352,0.676483,1.30034,-0.136425,0.1565,0.980077,1.03894,1.44283,-0.248912,-0.269159,0.0274047,-1.27685,-0.565078,-0.0132763,0.369284,BARBUNYA,1,CALI
-0.187753,0.143215,0.503123,-0.990854,1.70639,1.2454,-0.179877,-0.121332,-2.94217,-0.644191,-1.48729,-1.57278,1.10492,-1.09562,-1.50833,-1.67703,HOROZ,1,HOROZ
-0.0237896,0.011926,0.0968863,-0.100931,0.217795,0.455642,-0.0370212,0.0541718,0.435061,0.91797,0.0663286,-0.315065,-0.049866,-0.414391,-0.350747,0.661806,SIRA,1,SIRA
2.34133,2.04035,1.8975,2.08443,0.640187,0.74203,2.31665,2.19002,0.773518,0.491467,-0.552073,-0.712653,-1.80146,-1.25469,-0.730576,0.0258737,CALI,1,CALI
2.30165,2.07022,1.46023,2.70629,-0.196929,0.0986539,2.30135,2.15865,0.0587148,-0.528276,-0.783617,0.0758676,-2.16222,-0.863859,0.0352489,-0.157145,BARBUNYA,1,CALI
-0.899838,-0.922255,-0.748233,-1.11143,-0.095313,0.194578,-0.897385,-0.950284,0.448637,0.0952057,0.414305,-0.00473242,1.17627,0.320323,-0.0453496,0.739494,DERMASON,1,DERMASON
8.80515,5.76251,4.93846,6.83785,0.507257,0.658822,8.73084,6.29478,1.03582,0.547482,-0.655277,-0.580208,-3.7986,-1.78496,-0.605474,0.66371,BOMBAY,1,unknown
3.02629,2.70528,2.09111,2.9856,0.243041,0.47469,3.0419,2.71426,-1.28509,-1.18926,-1.26259,-0.351922,-2.3203,-1.19766,-0.386497,0.172009,BARBUNYA,1,unknown
-1.28288,-1.27484,-0.950159,-1.9449,0.448127,0.619887,-1.27696,-1.45485,0.517286,-0.0829792,-0.235965,-0.552958,2.57689,0.19784,-0.579558,-0.311072,DERMASON,1,DERMASON
-0.118712,-0.217291,-0.594322,0.892461,-1.35089,-1.66945,-0.126621,-0.0468288,0.0116695,0.56943,0.913087,1.52606,-0.972272,1.04,1.57562,0.788006,SEKER,1,SEKER
1.04519,1.28615,0.710181,1.42684,-0.183641,0.111547,1.07071,1.09661,-1.35109,-1.75885,-1.54917,0.0457096,-1.3373,-0.573346,0.00502973,-0.747496,BARBUNYA,1,unknown
-0.321105,-0.468255,-0.721372,0.562392,-1.31263,-1.57862,-0.330802,-0.267852,0.28583,0.848408,1.32023,1.47247,-0.694276,1.14021,1.51566,0.846161,SEKER,1,SEKER
-0.228613,-0.382267,-0.525297,0.436173,-0.990634,-0.932577,-0.239201,-0.165853,0.317597,0.854711,1.32293,1.03278,-0.582435,0.69228,1.03248,0.887363,SEKER,1,SEKER
1.68837,1.49642,1.05471,2.17424,-0.287961,0.00732111,1.6777,1.65806,-1.47329,0.045413,-0.262591,0.176087,-1.85587,-0.672939,0.136202,-0.0220683,BARBUNYA,1,unknown
1.13939,1.21946,1.04113,1.04954,0.462927,0.629748,1.1281,1.18149,-0.588835,0.235844,-0.929502,-0.543796,-1.09064,-0.929743,-0.57083,0.546486,BARBUNYA,1,CALI
2.13132,2.15639,1.52665,2.27777,0.129827,0.387081,2.14571,2.02265,-1.21806,-1.14636,-1.58845,-0.25509,-1.913,-0.999011,-0.292336,-0.24335,BARBUNYA,1,unknown
-1.08515,-1.17568,-1.14817,-0.989113,-0.819964,-0.656773,-1.08091,-1.18813,-0.171233,0.00495219,0.760389,0.806147,1.01406,1.21254,0.789576,0.561806,DERMASON,1,DERMASON
1.39204,1.24708,1.007,1.63318,0.00528568,0.283806,1.37772,1.40449,0.188431,0.311568,-0.153084,-0.119332,-1.51161,-0.763339,-0.159038,0.260203,BARBUNYA,1,CALI
1.83749,1.83195,1.00593,2.55812,-0.558413,-0.29895,1.85748,1.78264,-0.596533,-1.40423,-1.1952,0.481717,-2.08714,-0.535779,0.449113,0.154635,BARBUNYA,1,unknown
1.30979,1.28804,1.16956,1.19338,0.500846,0.65466,1.29839,1.33261,-0.0534278,0.187452,-0.628676,-0.572516,-1.20742,-0.985855,-0.598164,0.740939,BARBUNYA,1,CALI
0.173019,0.0161801,-0.237334,0.9765,-0.979488,-0.913362,0.157025,0.258606,-0.200287,0.986997,1.08399,1.01767,-1.04239,0.440277,1.01615,0.867058,SEKER,1,SEKER
9.12861,5.66797,4.83186,7.42773,0.175053,0.422763,9.03817,6.46548,0.00946659,0.803187,0.0231528,-0.287449,-3.94777,-1.7087,-0.323887,0.171439,BOMBAY,1,unknown
-0.654616,-0.7599,-0.743446,-0.38209,-0.706161,-0.492475,-0.659055,-0.650995,0.978477,0.625645,1.08583,0.669091,0.25817,0.690951,0.644703,0.626844,DERMASON,1,DERMASON
-0.305602,-0.304434,-0.276776,-0.193392,-0.210641,0.0852354,-0.301495,-0.250635,1.25498,-0.311435,0.35936,0.093241,0.0732188,0.00501771,0.0526911,-0.0488869,SIRA,1,SIRA
1.92518,2.22624,1.21499,2.39066,-0.254445,0.0415715,1.94237,1.85501,0.80032,-1.27292,-2.40218,0.133435,-1.97949,-0.752721,0.0931389,-0.269757,BARBUNYA,1,unknown
0.353208,0.369866,0.309618,0.499844,0.00621622,0.284606,0.355591,0.440319,0.570506,-0.357351,-0.0311557,-0.135303,-0.602256,-0.451619,-0.174798,-0.295149,SIRA,1,SIRA
8.15186,5.13685,3.73937,8.06741,-0.779148,-0.596192,8.08401,5.94274,0.7236,0.515295,0.233058,0.726822,-4.09545,-1.28062,0.705541,-0.437032,BOMBAY,1,unknown
1.01261,0.997122,0.327529,1.98062,-0.931014,-0.831844,1.02707,1.06703,0.364303,-1.15427,-0.386668,0.949583,-1.75334,0.0140322,0.942827,0.679452,BARBUNYA,1,unknown
1.95487,2.01711,1.71025,1.6491,0.7584,0.811364,1.95302,1.87937,0.459688,-0.416269,-1.56552,-0.806425,-1.52302,-1.23186,-0.818287,0.276505,BARBUNYA,1,CALI
-1.29963,-1.40228,-1.26036,-1.48802,-0.565678,-0.307991,-1.29555,-1.47813,0.475551,0.168377,0.576051,0.474819,1.78824,1.1363,0.441966,-0.382188,DERMASON,1,DERMASON
0.0755344,0.59422,0.80761,-0.83836,1.98177,1.34086,0.0817565,0.158157,0.244849,-0.566025,-2.36917,-1.71679,0.83477,-1.25127,-1.63267,0.0205044,HOROZ,1,HOROZ
0.123686,0.339603,0.597577,-0.421916,1.20911,1.04148,0.120811,0.207967,0.637197,0.0757536,-0.953956,-1.20494,0.373324,-0.99929,-1.18307,-1.29577,HOROZ,1,HOROZ
0.248366,0.0643725,-0.446974,1.61922,-1.56961,-2.26732,0.233779,0.335198,1.48861,0.839972,1.18728,1.85281,-1.51401,1.08332,1.94627,0.691063,SEKER,1,SEKER
0.481765,0.765899,1.08376,-0.294448,1.75048,1.26143,0.476821,0.567011,-0.823618,0.0848129,-1.41956,-1.5914,0.224868,-1.29661,-1.5245,-1.19705,HOROZ,1,HOROZ
-0.375694,-0.23154,-0.194406,-0.51438,0.1783,0.425288,-0.366887,-0.328873,-0.362565,-0.68827,-0.487279,-0.295786,0.434926,-0.234141,-0.332002,-0.0245128,SIRA,1,SIRA
0.731586,1.13709,1.42485,-0.253387,2.17402,1.40139,0.738455,0.806727,-2.03932,-0.703774,-2.05669,-1.84322,0.140574,-1.46834,-1.74044,-0.106522,HOROZ,1,HOROZ
-0.115625,-0.236403,-0.526456,0.770036,-1.19884,-1.32805,-0.12817,-0.0435179,0.0689941,0.929693,1.05154,1.30321,-0.864244,0.845158,1.32779,0.564886,SEKER,1,SEKER
-0.709205,-0.691994,-0.537859,-0.902138,0.0307551,0.30555,-0.711278,-0.716224,0.169808,0.435737,0.237452,-0.12899,0.88682,0.0844902,-0.168571,0.839679,DERMASON,1,DERMASON
0.222813,0.330223,0.296931,0.19762,0.230362,0.465158,0.211637,0.309322,0.252815,0.617043,-0.436258,-0.341308,-0.3331,-0.53113,-0.376214,0.121852,SIRA,1,SIRA
-0.573619,-0.417635,-0.338082,-0.834222,0.266289,0.491992,-0.568228,-0.555583,-0.776098,-0.339163,-0.588254,-0.364,0.809525,-0.173221,-0.398189,0.539273,SIRA,1,SIRA
13.7059,8.18031,6.61003,10.0528,0.240664,0.472909,13.9884,8.67348,0.691157,-4.6546,-1.25815,-0.441161,-4.47094,-1.9419,-0.472602,-3.25733,BOMBAY,1,unknown
-0.0622843,-0.0853305,-0.161775,0.239748,-0.393539,-0.10562,-0.0694268,0.0134081,1.43667,0.478131,0.425076,0.300767,-0.380694,0.0261961,0.262936,0.330649,SIRA,1,SIRA
0.534777,0.484533,0.373111,0.789099,-0.131352,0.161251,0.522008,0.618576,-0.617171,0.563911,0.192702,0.027831,-0.880557,-0.416037,-0.0128503,0.576134,BARBUNYA,1,SIRA
-0.360454,-0.266071,-0.224372,-0.392327,0.0281433,0.303335,-0.347651,-0.311775,-0.949301,-1.02679,-0.196811,-0.179012,0.332297,-0.160512,-0.217821,-1.10548,SIRA,1,SIRA
0.089001,0.159616,0.282845,-0.0894634,0.457565,0.626184,0.08053,0.172126,1.25252,0.495914,-0.17696,-0.556293,-0.0351136,-0.612555,-0.582732,-0.11558,SIRA,1,SIRA
0.875645,1.0116,1.19756,0.318045,1.27798,1.07251,0.859234,0.941338,1.36047,0.626175,-0.976542,-1.22807,-0.439963,-1.21434,-1.20385,-0.132801,HOROZ,1,HOROZ
-0.384036,-0.562627,-0.800453,0.538032,-1.39589,-1.78094,-0.397098,-0.338255,0.239318,1.18635,1.55969,1.59428,-0.673195,1.30186,1.65229,0.861384,SEKER,1,SEKER
-0.822783,-0.957083,-1.16646,-0.0737945,-1.49735,-2.05318,-0.824569,-0.854458,0.423061,0.487669,1.26029,1.73886,-0.0765944,1.86123,1.81603,0.613714,SEKER,1,SEKER
2.39658,2.06554,1.78636,2.41692,0.302353,0.518389,2.44414,2.2335,-0.770097,-2.50294,-0.496591,-0.450979,-1.9636,-1.14276,-0.482035,-1.47527,CALI,1,CALI
0.978451,1.12102,1.17612,0.578981,1.01251,0.947218,0.974977,1.03588,-1.34241,-0.149769,-1.08027,-1.04177,-0.655031,-1.14659,-1.03527,-0.855297,HOROZ,1,HOROZ
1.69284,1.76446,0.865796,2.48744,-0.65849,-0.427737,1.70862,1.66182,-0.372539,-1.21373,-1.36776,0.612689,-2.05921,-0.42021,0.585527,0.644293,BARBUNYA,1,unknown
-0.162594,-0.195633,-0.208407,0.0573401,-0.316717,-0.0226649,-0.174196,-0.0940779,1.13425,0.888976,0.527024,0.217082,-0.201588,0.0177668,0.177733,0.338753,SIRA,1,SIRA
2.3167,1.89255,1.71198,2.3404,0.277169,0.500012,2.304,2.17056,0.96786,-0.00790784,-0.0128631,-0.400108,-1.94536,-1.10458,-0.433071,-0.439189,CALI,1,CALI
-0.590305,-0.754,-1.06643,0.468435,-1.68657,-2.65765,-0.594824,-0.575107,0.453255,0.586297,1.5028,2.04387,-0.610208,1.93143,2.16703,0.840662,SEKER,1,SEKER
1.65421,1.55981,0.782113,2.56139,-0.781173,-0.599152,1.65453,1.62924,0.0169288,-0.474395,-0.649545,0.759421,-2.10028,-0.319916,0.740013,0.60079,BARBUNYA,1,unknown
10.1042,6.54967,5.80743,7.24185,0.910781,0.89486,10.076,6.96702,0.867203,-0.410437,-1.10742,-0.983488,-3.86567,-1.96244,-0.981958,-1.76237,BOMBAY,1,unknown
1.57742,1.42672,1.15036,1.7776,0.0635471,0.333065,1.57293,1.56408,-0.918665,-0.228747,-0.324331,-0.176142,-1.61038,-0.839602,-0.215001,0.29149,BARBUNYA,1,CALI
0.557243,0.964832,1.34188,-0.497628,2.34595,1.45176,0.556544,0.640313,-3.31422,-0.208142,-1.99344,-1.94611,0.411985,-1.47746,-1.82719,0.0629214,HOROZ,1,HOROZ
1.76496,1.78086,0.73358,2.89667,-0.99937,-0.947765,1.79687,1.72229,0.179606,-1.96058,-1.21213,1.03293,-2.28168,-0.180599,1.03265,0.506989,BARBUNYA,1,unknown
1.65559,1.52973,1.12084,1.95836,-0.0855326,0.203495,1.65711,1.63041,-0.658188,-0.532279,-0.515887,-0.0107898,-1.7446,-0.76855,-0.0513855,0.883929,BARBUNYA,1,CALI
10.9923,6.79909,5.48606,8.7683,0.0564188,0.327129,11.1946,7.40757,1.01205,-4.08841,-0.739867,-0.236143,-4.22661,-1.78231,-0.273822,-2.18717,BOMBAY,1,unknown
2.19116,2.08673,1.33806,2.73137,-0.330021,-0.0367304,2.19542,2.07068,1.25616,-0.711507,-1.15936,0.198553,-2.15884,-0.776198,0.158946,-0.842588,BARBUNYA,1,unknown
1.16954,1.4622,0.906115,1.33381,0.0992495,0.362422,1.17871,1.20845,-1.17039,-0.871011,-1.84152,-0.212575,-1.29772,-0.757145,-0.250752,0.235561,BARBUNYA,1,unknown
6.34701,4.19165,3.28729,6.28968,-0.41788,-0.132805,6.31074,4.91273,1.09593,0.0729367,0.37734,0.313249,-3.62441,-1.2959,0.275693,-0.18433,BOMBAY,1,unknown
6.30503,4.14534,3.35486,6.09806,-0.288412,0.00685526,6.27065,4.88764,-0.677527,0.0327328,0.459118,0.178317,-3.56997,-1.34653,0.138459,0.040853,BOMBAY,1,unknown
-0.505433,-0.412668,-0.318239,-0.667208,0.138953,0.394357,-0.506774,-0.476478,-0.315767,0.24214,-0.19394,-0.255207,0.615643,-0.134632,-0.29245,0.0807901,SIRA,1,SIRA
-0.764319,-0.933752,-1.11052,0.000152695,-1.46869,-1.97314,-0.773443,-0.782867,1.2076,1.18371,1.53809,1.69622,-0.153829,1.75406,1.76756,0.641565,SEKER,1,SEKER
2.29351,2.31055,1.34414,2.86463,-0.398526,-0.111153,2.30677,2.1522,-0.582739,-1.09847,-1.71028,0.307511,-2.26138,-0.739422,0.269827,0.374855,BARBUNYA,1,unknown
-0.764976,-0.867858,-1.09003,-0.0517259,-1.40897,-1.81436,-0.764986,-0.783667,0.886414,0.267976,1.04836,1.61255,-0.106776,1.66975,1.67289,0.826296,SEKER,1,SEKER
-0.0209649,0.265332,0.00668224,0.0511418,-0.0286788,0.254287,0.0023562,0.0571527,0.466809,-1.81878,-1.27362,-0.075024,-0.205508,-0.256581,-0.115209,0.64026,BARBUNYA,1,unknown
-0.423845,-0.494008,-0.455851,-0.223665,-0.43085,-0.147474,-0.429568,-0.383224,0.97558,0.58032,0.836022,0.343942,0.090463,0.263719,0.307116,0.394931,DERMASON,1,DERMASON
-0.936231,-0.981667,-0.834603,-1.07221,-0.265856,0.0299937,-0.936568,-0.996147,-1.01062,0.419258,0.553071,0.168757,1.12816,0.49351,0.128792,0.56683,DERMASON,1,DERMASON
2.2966,2.17518,1.90465,2.07413,0.654879,0.750877,2.36584,2.15465,0.361713,-3.42295,-1.20316,-0.773637,-1.74455,-1.27499,-0.7877,-1.84931,CALI,1,CALI
-1.25838,-1.33921,-1.13819,-1.57271,-0.280972,0.0145251,-1.25159,-1.421,-1.00222,-0.208339,0.470398,0.171034,1.90638,0.801925,0.131094,0.0657572,DERMASON,1,DERMASON
0.413447,0.382711,0.240528,0.747885,-0.261235,0.0346929,0.410525,0.499978,-1.02163,-0.0235864,0.18132,0.147454,-0.827371,-0.293143,0.107276,-0.0245077,SIRA,1,SIRA
-0.123639,-0.0889759,-0.19851,0.150019,-0.374143,-0.0842735,-0.118487,-0.0521158,-0.554902,-0.444154,0.109317,0.273618,-0.286603,0.0383247,0.235232,0.123083,SIRA,1,SIRA
1.47665,1.37838,1.2416,1.46589,0.379512,0.573121,1.47217,1.47774,-0.568035,-0.208525,-0.451822,-0.49636,-1.37213,-0.98472,-0.525537,-0.515053,BARBUNYA,1,CALI
-0.766421,-0.865146,-0.918855,-0.394258,-0.942465,-0.850807,-0.767697,-0.785425,-0.176755,0.395825,1.01805,0.96206,0.272815,1.04444,0.956236,0.604103,DERMASON,1,DERMASON
8.27319,5.4847,4.48189,6.95777,0.139085,0.394462,8.2698,6.00889,1.33019,-0.78667,-0.599272,-0.271618,-3.81067,-1.65523,-0.308462,-0.526547,BOMBAY,1,unknown
1.81725,1.67699,1.65333,1.54858,0.77229,0.819241,1.82475,1.76585,0.185828,-0.829164,-0.625141,-0.863129,-1.40317,-1.23337,-0.870979,-1.48736,CALI,1,CALI
-0.824097,-0.948797,-1.13454,-0.156582,-1.40207,-1.79668,-0.824698,-0.856078,0.111149,0.36663,1.18869,1.60553,-0.00028702,1.72506,1.66496,0.929796,SEKER,1,SEKER
-0.472325,-0.535083,-0.506064,-0.274984,-0.459572,-0.180424,-0.4785,-0.438456,0.51537,0.653316,0.793669,0.379022,0.142931,0.32225,0.343125,0.499708,DERMASON,1,DERMASON
0.866448,0.885228,0.792958,0.859114,0.317768,0.529511,0.860073,0.932819,1.14322,0.0468356,-0.424558,-0.413063,-0.936128,-0.785612,-0.44556,0.495924,BARBUNYA,1,CALI
-0.0308842,-0.039905,0.0225428,0.00348421,0.0310364,0.305788,-0.0432183,0.0466788,0.83485,0.854697,0.328111,-0.137018,-0.154213,-0.293774,-0.176488,0.552592,SIRA,1,SIRA
1.1656,1.21908,1.06254,1.09819,0.450432,0.621428,1.15644,1.20493,0.0668059,0.112497,-0.833985,-0.551415,-1.10727,-0.940273,-0.578088,-0.173195,CALI,1,CALI
-0.206869,-0.0298335,-0.0576202,-0.290948,0.171741,0.420181,-0.213574,-0.142121,0.328639,0.526263,-0.677998,-0.291698,0.182022,-0.315773,-0.328024,-0.106114,SIRA,1,SIRA
0.574454,0.826895,1.14763,-0.197758,1.73312,1.25516,0.568745,0.656919,-0.286257,0.101306,-1.31968,-1.5713,0.106206,-1.30923,-1.50704,-0.852593,HOROZ,1,HOROZ
1.50772,1.58074,0.969387,1.93014,-0.227061,0.0690103,1.5076,1.50446,0.445207,-0.431608,-1.2111,0.122108,-1.71263,-0.657689,0.0817265,0.370003,BARBUNYA,1,unknown
10.4081,6.76213,6.21642,7.07311,1.27049,1.06918,10.4684,7.11937,1.27665,-1.89791,-1.28175,-1.28543,-3.8039,-2.05469,-1.25518,-2.67923,BOMBAY,1,unknown
0.869273,1.15795,1.26802,0.375175,1.31323,1.08801,0.930178,0.935437,-0.842579,-3.78633,-1.6401,-1.36967,-0.338586,-1.28087,-1.33009,-4.79659,HOROZ,1,unknown
0.599613,1.00683,-0.0361409,1.75202,-1.19357,-1.3171,0.658926,0.681123,0.76472,-3.88591,-2.00826,1.25325,-1.56178,0.406089,1.27279,-0.845634,BARBUNYA,1,unknown
10.675,6.38678,5.15136,8.82794,-0.169399,0.125248,10.6019,7.25182,0.899788,0.297097,-0.0458224,0.0353397,-4.26493,-1.68276,-0.00534415,-0.585803,BOMBAY,1,unknown
8.72868,5.81799,5.27013,6.30196,1.00257,0.942216,8.65266,6.25408,1.07705,0.591453,-0.899988,-1.00977,-3.63346,-1.91086,-1.00604,0.104905,BOMBAY,1,unknown
-1.33675,-1.43689,-1.17446,-1.79158,-0.120052,0.171781,-1.33434,-1.53011,0.306867,0.422869,0.493204,0.0200716,2.25087,0.749504,-0.0206022,0.718234,DERMASON,1,DERMASON
-0.377533,-0.307803,-0.51166,-0.00395491,-0.671608,-0.445325,-0.377345,-0.33094,-0.566006,0.0447249,-0.0491584,0.629844,-0.151581,0.460186,0.603499,0.699054,SIRA,1,DERMASON
1.51081,1.97745,1.02438,1.84201,-0.113032,0.178285,1.5415,1.50711,-0.42542,-1.94753,-2.70082,0.00502999,-1.65689,-0.724325,-0.0356154,0.431939,BARBUNYA,1,unknown
5.50716,3.82897,2.88486,5.70922,-0.470234,-0.192821,5.46013,4.39959,1.13857,0.477487,0.0871004,0.381739,-3.44833,-1.18441,0.345918,0.170708,BOMBAY,1,unknown
0.731257,0.993366,1.34324,-0.149059,1.9457,1.32897,0.721865,0.806417,-0.275749,0.271031,-1.44697,-1.7004,0.0339519,-1.40432,-1.61861,-0.287394,HOROZ,1,HOROZ
-0.56278,-0.625,-0.614224,-0.34069,-0.557908,-0.298324,-0.567583,-0.542936,-0.225534,0.592982,0.793864,0.489883,0.217315,0.472729,0.457577,0.462464,DERMASON,1,DERMASON
1.10136,1.82409,0.843324,1.27662,0.0686533,0.337301,1.15237,1.14734,-0.998733,-3.11389,-3.38508,-0.173045,-1.26569,-0.716291,-0.211956,0.59278,BARBUNYA,1,unknown
1.69119,1.79834,1.70737,1.17193,1.13358,1.0063,1.68551,1.66044,-1.38277,-0.193586,-1.50566,-1.10926,-1.17607,-1.32345,-1.09667,0.228988,BARBUNYA,1,CALI
-0.406831,-0.57934,-0.766655,0.40188,-1.27209,-1.48616,-0.418917,-0.363962,0.523649,1.12179,1.52538,1.41237,-0.547439,1.15261,1.44868,0.774446,SEKER,1,SEKER
1.00059,1.04473,1.10808,0.704124,0.821217,0.846553,0.977818,1.05608,0.362108,0.929872,-0.653952,-0.87642,-0.777716,-1.06869,-0.883293,-0.422347,CALI,1,CALI
2.00835,2.08635,1.36726,2.26398,-0.0235193,0.25881,2.03081,1.92306,-0.756825,-1.50395,-1.6723,-0.0820754,-1.92598,-0.885742,-0.122195,0.571496,BARBUNYA,1,unknown
1.61013,1.83965,1.03824,2.04699,-0.227457,0.0686174,1.63852,1.5919,0.835155,-1.82,-1.90874,0.108325,-1.77338,-0.691507,0.0678549,-0.144205,BARBUNYA,1,unknown
1.34001,1.68882,1.03737,1.47372,0.147689,0.401285,1.39218,1.3591,-0.668499,-3.06467,-2.16897,-0.256304,-1.40251,-0.825363,-0.293521,0.354193,BARBUNYA,1,unknown
-0.261261,-0.256014,-0.287492,-0.0796151,-0.315615,-0.0215055,-0.263861,-0.201661,-0.324579,0.222795,0.324409,0.224812,-0.0720994,0.0770327,0.18558,0.659651,DERMASON,1,SIRA
-0.269669,-0.268686,-0.319985,-0.0429295,-0.387504,-0.098948,-0.277417,-0.210917,1.06224,0.650298,0.35249,0.300559,-0.106824,0.138187,0.262723,0.560995,SIRA,1,SIRA
1.38035,1.42751,0.56206,2.36943,-0.898995,-0.779754,1.39257,1.39431,-0.379098,-1.03901,-0.991917,0.911293,-1.99373,-0.139828,0.901753,0.766098,BARBUNYA,1,unknown
2.16265,2.19463,1.15134,2.9586,-0.632926,-0.393947,2.18593,2.04783,-0.298221,-1.52779,-1.64286,0.568367,-2.30565,-0.565412,0.539208,0.15091,BARBUNYA,1,unknown
1.10287,1.54997,0.810202,1.37791,-0.0389883,0.245207,1.13049,1.1487,-0.739677,-1.86301,-2.40185,-0.0966994,-1.30771,-0.673142,-0.13667,-0.538954,BARBUNYA,1,unknown
0.645925,0.909549,0.468571,0.88364,-0.085671,0.203369,0.647564,0.725456,-0.783341,-0.373849,-1.40722,-0.0167819,-0.961169,-0.483189,-0.0573535,0.658836,BARBUNYA,1,unknown
-1.07858,-1.10001,-1.00898,-1.22312,-0.401536,-0.114502,-1.0751,-1.17951,0.0842432,0.0892353,0.25609,0.320023,1.338,0.75323,0.282622,0.702802,DERMASON,1,DERMASON
1.89779,1.87639,1.30817,2.15673,-0.0166592,0.264803,1.91545,1.83248,0.121825,-1.29519,-1.19023,-0.0961816,-1.85374,-0.869497,-0.136158,0.305157,BARBUNYA,1,unknown
0.844114,0.966921,0.988038,0.626087,0.741043,0.801444,0.878858,0.91209,0.662897,-2.31954,-0.89421,-0.860219,-0.647567,-1.02148,-0.868282,-2.38801,CALI,1,CALI
2.30501,2.34527,1.74112,2.26431,0.356633,0.557134,2.30045,2.16131,0.00496791,-0.349381,-1.80379,-0.467654,-1.90555,-1.13476,-0.498039,-0.217922,BARBUNYA,1,unknown
1.04256,1.04809,0.668503,1.44615,-0.242738,0.0533615,1.03036,1.09423,0.535745,0.318991,-0.511186,0.139198,-1.38374,-0.516782,0.0989487,0.38779,BARBUNYA,1,CALI
-1.12522,-1.20701,-1.15541,-1.09684,-0.742018,-0.542711,-1.12287,-1.24104,-0.744558,0.253926,0.651981,0.697243,1.18112,1.15132,0.674336,0.102638,DERMASON,1,DERMASON
-0.677148,-0.738941,-0.60918,-0.685042,-0.26945,0.0263294,-0.680551,-0.677827,-0.480337,0.542558,0.779296,0.173634,0.618125,0.298373,0.133722,0.604268,DERMASON,1,DERMASON
-0.0697073,-0.219795,-0.624757,1.10334,-1.50273,-2.06851,-0.0778187,0.00551703,0.356304,0.556541,1.21171,1.74871,-1.13617,1.20356,1.82725,0.666276,SEKER,1,SEKER
-0.175338,-0.277236,-0.574273,0.697281,-1.21322,-1.35821,-0.183169,-0.107868,0.0136911,0.597446,0.961445,1.32267,-0.802079,0.902091,1.34927,0.547454,SEKER,1,SEKER
-0.333061,-0.267877,-0.306811,-0.231442,-0.220805,0.0752123,-0.331706,-0.281163,1.15342,-0.0726394,-0.0251069,0.116685,0.0982925,0.0375849,0.0762668,0.412909,SIRA,1,SIRA
-0.836973,-0.926191,-0.862265,-0.719594,-0.611039,-0.365513,-0.836317,-0.871976,-0.383969,0.245565,0.924137,0.555896,0.660805,0.742114,0.526203,0.613106,DERMASON,1,DERMASON
-0.653696,-0.586063,-0.526896,-0.756106,-0.0863559,0.202746,-0.645111,-0.649903,0.565058,-0.615096,-0.0707076,-0.0171322,0.706463,0.133178,-0.0577022,0.620349,DERMASON,1,DERMASON
-0.239911,-0.362878,-0.687306,0.751039,-1.38132,-1.74425,-0.247658,-0.178221,0.226908,0.630978,1.12621,1.5561,-0.840653,1.15424,1.60933,0.318459,SEKER,1,SEKER
-0.42956,-0.403994,-0.351853,-0.416593,-0.129825,0.162678,-0.432732,-0.389708,-1.09832,0.361237,0.223365,0.0212959,0.305851,0.022707,-0.0193794,0.394885,DERMASON,1,SIRA
-0.991411,-1.12106,-1.10068,-0.768264,-0.923634,-0.819716,-0.990535,-1.06646,1.39761,0.32648,1.13788,0.937239,0.723365,1.23905,0.929572,0.580788,DERMASON,1,DERMASON
0.119481,0.489645,0.996613,-0.97299,2.43743,1.47722,0.116357,0.203633,1.13477,0.0953315,-1.70195,-2.00131,1.0112,-1.40053,-1.87338,0.0767467,HOROZ,1,HOROZ
-0.498995,-0.565962,-0.943663,0.514146,-1.5595,-2.2362,-0.496575,-0.469066,-0.46038,-0.0977781,0.823957,1.82024,-0.629525,1.6177,1.90893,0.156114,SEKER,1,SEKER
0.923074,1.08746,0.805884,0.969204,0.24927,0.479348,0.928951,0.985109,-0.622206,-0.668276,-1.13714,-0.355575,-1.01818,-0.769413,-0.390035,0.254954,BARBUNYA,1,CALI
1.24423,1.64482,0.616388,1.97579,-0.625521,-0.384276,1.26773,1.27483,-0.665325,-1.62419,-2.30511,0.570584,-1.74633,-0.314271,0.541521,0.532805,BARBUNYA,1,unknown
0.0237046,0.0722997,0.0964839,0.0666014,0.0769019,0.344118,0.0130075,0.104106,-0.945864,0.696774,-0.0263924,-0.219652,-0.171075,-0.372674,-0.257685,-0.836874,SIRA,1,SIRA
1.97787,1.74877,1.64136,1.80615,0.568796,0.698065,1.94999,1.89818,1.30815,0.75537,-0.427765,-0.653051,-1.61978,-1.16405,-0.674454,-0.0583669,CALI,1,CALI
-1.13744,-1.17568,-0.909024,-1.57423,0.105652,0.367622,-1.13559,-1.25729,0.765058,0.322792,0.312341,-0.208395,1.88485,0.351037,-0.246656,0.623371,DERMASON,1,DERMASON
-0.368796,-0.390014,-0.530113,0.069033,-0.748366,-0.551749,-0.369018,-0.321129,1.0085,0.0756445,0.5109,0.709797,-0.21104,0.51917,0.687571,0.270303,DERMASON,1,SIRA
10.5802,6.57723,5.49947,8.19638,0.289393,0.508964,10.5308,7.20494,1.54627,-0.0861728,-0.643039,-0.430154,-4.11421,-1.82294,-0.462016,-1.14296,BOMBAY,1,unknown
8.272,5.27446,3.94886,7.87267,-0.576522,-0.321572,8.22074,6.00824,1.38242,0.165957,-0.00411643,0.476171,-4.0431,-1.38705,0.443367,-0.773937,BOMBAY,1,unknown
1.82277,1.71518,1.4312,1.83558,0.324058,0.534022,1.82869,1.77043,0.558806,-0.756512,-0.767249,-0.435984,-1.63669,-1.02812,-0.467624,-0.152087,CALI,1,CALI
2.01833,2.27092,1.34799,2.3339,-0.0862742,0.202821,2.04798,1.93119,0.996064,-1.8198,-2.30512,-0.0304452,-1.95643,-0.860842,-0.0709508,0.135275,BARBUNYA,1,unknown
-0.289836,-0.317065,-0.244151,-0.215144,-0.148448,0.145179,-0.29646,-0.233176,1.1501,0.570315,0.531942,0.036139,0.0868381,-0.0450538,-0.00454487,0.234318,SIRA,1,SIRA
8.27916,5.21144,4.4936,6.91254,0.166742,0.416275,8.19911,6.01213,-0.219629,0.741406,0.191766,-0.283897,-3.80766,-1.65972,-0.320428,0.00671603,BOMBAY,1,unknown
1.31544,1.31246,1.21654,1.20256,0.54751,0.684635,1.32266,1.33757,-0.286013,-0.77945,-0.716862,-0.659476,-1.16254,-1.0318,-0.680519,-1.02162,CALI,1,CALI
0.640407,0.78746,0.604573,0.648641,0.254221,0.483039,0.643497,0.720189,0.959646,-0.461688,-0.869366,-0.346206,-0.767623,-0.679286,-0.380961,0.783499,BARBUNYA,1,SIRA
0.161392,0.385423,0.327626,0.0507669,0.394332,0.58337,0.196338,0.246707,0.512337,-2.5868,-1.00691,-0.528475,-0.141818,-0.623035,-0.556221,-1.22387,SIRA,1,unknown
1.13322,1.56999,0.645547,1.71849,-0.440939,-0.158974,1.16134,1.17595,-0.299352,-1.88474,-2.37897,0.331836,-1.55053,-0.427748,0.294713,-0.435274,BARBUNYA,1,unknown
0.684486,0.880725,1.0454,0.171452,1.22224,1.04747,0.685134,0.762157,-0.319249,-0.321716,-1.12482,-1.21197,-0.264029,-1.16072,-1.18939,-1.17853,HOROZ,1,HOROZ
-1.04495,-1.112,-0.964039,-1.18745,-0.363007,-0.0721421,-1.0425,-1.1356,0.0345973,0.186445,0.623064,0.271498,1.29502,0.678207,0.233072,0.484018,DERMASON,1,DERMASON
-0.727729,-0.660707,-0.586105,-0.848153,-0.0913846,0.198166,-0.712827,-0.738534,-0.658188,-1.21424,-0.0943549,-0.0322597,0.853005,0.171637,-0.0727554,-0.122038,SIRA,1,DERMASON
-0.0454675,0.300064,0.765336,-1.02982,2.157,1.39622,-0.0421209,0.0312486,-2.55383,-0.32601,-1.56318,-1.84354,1.11494,-1.27962,-1.74071,-0.581715,HOROZ,1,HOROZ
-0.54754,-0.687712,-0.79601,0.035338,-1.07529,-1.08463,-0.555511,-0.5252,0.742402,0.872895,1.33063,1.14171,-0.194633,1.02067,1.15072,0.790896,SEKER,1,SEKER
1.63201,1.71221,1.6585,1.14365,1.10113,0.990795,1.64459,1.61046,0.806826,-1.06105,-1.34839,-1.09293,-1.14393,-1.30537,-1.08185,-0.124762,HOROZ,1,CALI
1.21822,1.29244,0.837925,1.54326,-0.119627,0.172176,1.23345,1.25178,-0.697265,-1.19341,-0.969072,0.00945279,-1.45148,-0.644422,-0.0312029,0.345855,BARBUNYA,1,CALI
-0.949632,-1.00465,-0.922018,-0.960282,-0.499153,-0.22691,-0.947736,-1.01314,0.997287,0.185683,0.612562,0.423702,0.977526,0.724971,0.389132,0.499277,DERMASON,1,DERMASON
-1.07438,-1.12894,-0.947672,-1.29911,-0.232968,0.0631326,-1.07297,-1.174,-0.414171,0.327184,0.502334,0.121864,1.47373,0.574755,0.0814812,0.135041,DERMASON,1,DERMASON
2.62196,2.39897,1.77086,2.79467,0.0519682,0.32341,2.61108,2.40864,0.710861,-0.141412,-1.16942,-0.17822,-2.20933,-1.05115,-0.217043,-0.207707,BARBUNYA,1,CALI
2.41333,2.35504,1.61391,2.64912,-0.0132119,0.267804,2.41651,2.24664,-0.941739,-0.684585,-1.55399,-0.103993,-2.13808,-0.97716,-0.143883,0.144442,BARBUNYA,1,unknown
-0.391722,-0.419067,-0.575105,0.0784515,-0.814079,-0.647919,-0.393096,-0.34691,0.569853,0.185129,0.553427,0.798164,-0.229494,0.607251,0.781095,0.538104,SEKER,1,DERMASON
0.36812,0.403663,0.118657,0.814286,-0.453706,-0.173642,0.368566,0.455137,0.695154,-0.232336,-0.140808,0.384078,-0.911845,-0.116114,0.348323,0.913521,BARBUNYA,1,SIRA
8.52991,5.45735,4.59645,7.18903,0.118131,0.377701,8.53356,6.14767,-0.324966,-0.93072,-0.17584,-0.287229,-3.84988,-1.67549,-0.323673,-1.85818,BOMBAY,1,unknown
-1.39337,-1.56487,-1.39837,-1.58017,-0.711286,-0.499573,-1.39051,-1.61054,1.10576,0.412846,0.972425,0.657585,1.92092,1.43971,0.63261,0.0137256,DERMASON,1,DERMASON
10.2161,6.01058,4.6692,9.04102,-0.53495,-0.270068,10.1238,7.02332,0.949949,0.675783,0.433701,0.456964,-4.3229,-1.5172,0.423487,0.232315,BOMBAY,1,unknown
0.406286,0.458829,0.487869,0.344084,0.353806,0.555145,0.400132,0.492915,-0.363476,0.191474,-0.253836,-0.46901,-0.456762,-0.674654,-0.499339,-0.367511,SIRA,1,SIRA
-0.404532,-0.432383,-0.372993,-0.322732,-0.237483,0.0586247,-0.411816,-0.361364,-0.229758,0.702803,0.558476,0.142356,0.188646,0.0980581,0.102134,0.703936,DERMASON,1,DERMASON
7.62318,5.34296,4.45384,6.24896,0.440867,0.615021,7.59147,5.65025,-0.659272,-0.168675,-1.0997,-0.585925,-3.58152,-1.72097,-0.610903,-1.81584,BOMBAY,1,unknown
-0.422597,-0.428384,-0.382993,-0.345036,-0.233044,0.0630565,-0.426083,-0.381808,-0.291908,0.384554,0.419979,0.128776,0.225049,0.0986197,0.0884429,0.382348,DERMASON,1,DERMASON
-1.10545,-1.20746,-1.03545,-1.24622,-0.422549,-0.13807,-1.10893,-1.21486,-1.03014,0.929094,0.827322,0.325583,1.39767,0.784511,0.288311,0.07021,DERMASON,1,DERMASON
7.23685,4.77168,3.66697,6.85329,-0.378757,-0.0893256,7.17085,5.43189,0.417753,0.622851,-0.0207339,0.292344,-3.80196,-1.37977,0.254334,0.611615,BOMBAY,1,unknown
0.587526,0.558008,0.500771,0.710183,0.0807603,0.347296,0.570488,0.669505,0.349886,0.807213,0.0419012,-0.191567,-0.806825,-0.570045,-0.23015,0.345535,SIRA,1,SIRA
10.1617,6.25197,5.04506,8.34471,-0.0549392,0.231045,10.0928,6.99595,0.517957,0.27931,-0.288382,-0.0643932,-4.16798,-1.68975,-0.104669,0.0568787,BOMBAY,1,unknown
-1.12168,-1.2239,-1.10727,-1.18909,-0.58744,-0.335354,-1.11919,-1.23634,-0.588752,0.235592,0.811803,0.530282,1.28947,0.989162,0.499534,0.68044,DERMASON,1,DERMASON
-0.915736,-0.972246,-0.905765,-0.894415,-0.530735,-0.26493,-0.916105,-0.970269,-0.377889,0.407499,0.646175,0.470829,0.874622,0.736163,0.437835,0.892021,DERMASON,1,DERMASON
-0.0080239,0.0326777,-0.00678894,0.155826,-0.129471,0.163009,-0.0175261,0.0707912,0.250622,0.626279,0.031481,-0.0128663,-0.260096,-0.220363,-0.053454,-0.838162,SIRA,1,SIRA
2.03193,2.25786,1.44528,2.19361,0.100651,0.363562,2.05295,1.94225,-0.830127,-1.43878,-2.2233,-0.211297,-1.87711,-0.957178,-0.2495,0.333949,BARBUNYA,1,unknown
-0.36249,-0.273314,-0.281649,-0.334892,-0.10068,0.189661,-0.364693,-0.314056,0.476846,0.240963,-0.165916,-0.023183,0.232195,-0.0480418,-0.0637256,-0.137246,SIRA,1,SIRA
1.90324,1.93543,1.29923,2.18558,-0.0439891,0.240782,1.93366,1.83697,-0.323429,-1.87033,-1.40406,-0.0709722,-1.86925,-0.857402,-0.111193,0.221562,BARBUNYA,1,unknown
-0.0923048,-0.141222,-0.33733,0.472796,-0.779768,-0.597099,-0.100671,-0.0185665,0.0941783,0.589337,0.594044,0.752383,-0.600648,0.381812,0.732563,0.41745,SIRA,1,SEKER
8.573,5.38396,4.44171,7.38577,-0.0672552,0.220016,8.47869,6.17082,1.4006,0.972618,0.093956,-0.0593517,-3.93031,-1.6009,-0.0996678,-0.215737,BOMBAY,1,unknown
3.59674,2.90951,2.74878,2.96786,0.87776,0.877298,3.55762,3.12858,-0.0167711,0.675355,-0.648761,-0.918756,-2.30035,-1.51201,-0.922417,-0.265197,CALI,1,CALI
0.637451,0.908214,0.456115,0.978573,-0.167805,0.126773,0.706437,0.717365,1.00062,-4.4318,-1.43459,-0.000777432,-0.962179,-0.470371,-0.041407,-1.83627,BARBUNYA,1,unknown
-1.22323,-1.35837,-1.20976,-1.34546,-0.612574,-0.367492,-1.22125,-1.37286,-0.597985,0.376372,0.947543,0.5601,1.52049,1.12919,0.530585,0.697455,DERMASON,1,DERMASON
2.03377,1.90857,1.91438,1.54673,1.06042,0.971006,2.0565,1.94375,-0.0345079,-1.51395,-0.915101,-1.07814,-1.4214,-1.36779,-1.06841,-0.803154,CALI,1,CALI
1.58274,1.6582,1.08068,1.89956,-0.090276,0.199177,1.58345,1.56861,-0.502814,-0.483575,-1.28637,-0.0206052,-1.69218,-0.756341,-0.0611598,0.346302,BARBUNYA,1,CALI
-1.04272,-1.1341,-0.999274,-1.10874,-0.488833,-0.214667,-1.0385,-1.13269,1.08483,-0.016749,0.806732,0.401523,1.19688,0.79176,0.366274,0.128132,DERMASON,1,DERMASON
0.502654,0.90367,1.22294,-0.434131,2.10227,1.37935,0.504127,0.587376,-3.21396,-0.33234,-1.94527,-1.81577,0.372317,-1.4067,-1.71716,-0.880893,HOROZ,1,HOROZ
-0.0229356,-0.21985,-0.493592,0.95614,-1.26834,-1.47779,-0.0355365,0.0550732,0.0264186,0.869587,1.48208,1.40764,-1.02391,0.873297,1.44342,0.793761,SEKER,1,SEKER
-0.345148,-0.16095,-0.137652,-0.474743,0.223113,0.459677,-0.333449,-0.294651,-1.36041,-0.935198,-0.713594,-0.380133,0.445823,-0.307775,-0.413787,-1.59101,SIRA,1,SIRA
-0.799989,-0.947302,-1.27443,0.233007,-1.81929,-3.18617,-0.802879,-0.826434,0.571895,0.583569,1.36427,2.26906,-0.395544,2.40674,2.43102,0.979335,SEKER,1,SEKER
7.04957,4.71764,3.51446,6.95865,-0.525135,-0.258127,7.02225,5.32456,0.809324,-0.211438,-0.145574,0.411176,-3.80276,-1.3178,0.376218,-0.985604,BOMBAY,1,unknown
1.64744,1.84447,1.10794,1.99891,-0.12477,0.167394,1.66357,1.62352,1.05882,-1.23048,-1.81491,0.00624254,-1.74771,-0.757266,-0.0344059,0.0352359,BARBUNYA,1,unknown
-0.0519052,0.167716,0.383596,-0.579071,1.06815,0.97479,-0.0564516,0.024425,-1.28114,0.274746,-0.928202,-1.05639,0.499806,-0.856671,-1.0486,0.308194,SIRA,1,SIRA
2.33457,2.07244,1.87611,2.09879,0.607944,0.722376,2.31129,2.18468,0.482099,0.434037,-0.699436,-0.681781,-1.81361,-1.23952,-0.701542,0.145446,CALI,1,CALI
1.47842,1.84884,0.893834,2.0612,-0.386251,-0.0975661,1.48617,1.47926,-1.23075,-0.818819,-2.33801,0.251943,-1.75599,-0.575318,0.213157,-1.12461,BARBUNYA,1,unknown
7.47045,4.90309,4.03951,6.58329,-0.00649591,0.273635,7.36457,5.56441,1.27731,1.44754,-0.0645378,-0.113505,-3.71528,-1.54857,-0.153283,0.0413597,BOMBAY,1,unknown
-0.175206,-0.167362,-0.725163,1.00963,-1.56927,-2.26624,-0.176327,-0.107726,0.853056,0.0642905,0.284454,1.85286,-1.06403,1.37705,1.94633,0.709852,SEKER,1,SEKER
-0.57894,-0.671069,-0.697577,-0.230688,-0.756117,-0.562841,-0.584173,-0.561802,0.839367,0.644422,0.997564,0.719784,0.101794,0.676146,0.698109,0.289684,DERMASON,1,DERMASON
-0.301069,-0.441306,-0.695774,0.571479,-1.2865,-1.5186,-0.304077,-0.24561,0.403557,0.276643,1.26588,1.43286,-0.700018,1.08932,1.47148,0.77407,SEKER,1,SEKER
2.18144,2.1163,1.17869,3.00141,-0.629391,-0.389324,2.22001,2.0629,-0.880363,-2.17801,-1.29934,0.530696,-2.29947,-0.591178,0.499963,-1.01894,BARBUNYA,1,unknown
1.91126,1.79947,1.32608,2.13222,0.0173284,0.294128,1.90712,1.84356,-0.968844,-0.306144,-0.841648,-0.116393,-1.852,-0.883008,-0.156136,0.812272,BARBUNYA,1,CALI
9.6967,6.1604,5.06582,7.82823,0.162356,0.412839,9.73573,6.75986,1.02518,-1.56889,-0.60104,-0.307344,-4.02802,-1.74424,-0.343244,-1.02583,BOMBAY,1,unknown
-0.0531533,-0.0268244,-0.0586932,0.0936708,-0.148412,0.145213,-0.0535468,0.0231012,0.563443,-0.0403605,0.13202,0.0341221,-0.232069,-0.166903,-0.00656168,0.16214,SIRA,1,SIRA
-0.950354,-1.01394,-1.05974,-0.712985,-0.905922,-0.790907,-0.944573,-1.01405,-0.261351,-0.23675,0.674185,0.915765,0.652343,1.17631,0.906544,0.618486,DERMASON,1,DERMASON
0.805422,1.13695,1.53796,-0.262354,2.33977,1.45,0.782932,0.876037,-3.01439,1.01938,-1.7852,-1.93526,0.133626,-1.52313,-1.81809,0.369492,HOROZ,1,HOROZ
8.77125,5.55708,4.42237,7.64918,-0.184912,0.110319,8.71121,6.27675,0.644672,0.278639,-0.134389,0.07103,-4.00306,-1.56772,0.0303965,0.123715,BOMBAY,1,unknown
1.30887,1.25249,0.738899,1.92514,-0.466894,-0.188928,1.30665,1.33181,1.38125,-0.289947,-0.472792,0.37044,-1.69676,-0.457291,0.334306,-0.0966908,BARBUNYA,1,unknown
-0.26264,-0.332401,-0.266146,-0.121835,-0.253627,0.0423982,-0.273737,-0.203179,1.07452,0.921304,0.791997,0.160105,-0.0300595,0.0301796,0.120049,0.725467,SEKER,1,SIRA
0.69296,0.926012,0.664345,0.688886,0.295459,0.513384,0.696431,0.770196,1.30864,-0.494224,-1.29639,-0.397374,-0.787407,-0.725373,-0.430434,0.306666,BARBUNYA,1,CALI
-0.53184,-0.599434,-0.726834,-0.0458264,-0.928108,-0.82706,-0.536985,-0.506985,-0.0115859,0.602509,0.829859,0.943671,-0.105328,0.832866,0.936478,0.60494,DERMASON,1,DERMASON
-0.564029,-0.636026,-0.644237,-0.293975,-0.635392,-0.397178,-0.568939,-0.544391,-0.667425,0.603779,0.859982,0.583527,0.161097,0.550726,0.555033,0.579333,DERMASON,1,DERMASON
2.21159,2.12221,1.26028,2.85551,-0.473922,-0.197131,2.22337,2.08702,0.237651,-1.03455,-1.23764,0.388898,-2.25411,-0.677188,0.35328,0.277255,BARBUNYA,1,unknown
7.71396,5.26574,4.0904,6.92788,-0.117189,0.174437,7.76693,5.70098,-1.21354,-1.93725,-0.761468,-0.0452534,-3.78401,-1.54081,-0.0856704,-1.55896,BOMBAY,1,unknown
-1.04547,-1.11168,-0.957726,-1.19626,-0.344985,-0.0526995,-1.04134,-1.13628,1.11716,-0.00590362,0.616283,0.24807,1.31321,0.6581,0.209217,0.349738,DERMASON,1,DERMASON
-1.27362,-1.34616,-1.24999,-1.43535,-0.596916,-0.347402,-1.26702,-1.44203,-0.400024,-0.176037,0.382827,0.530989,1.67509,1.15992,0.500269,0.318114,DERMASON,1,DERMASON
-0.786719,-0.961711,-1.2123,0.147006,-1.69023,-2.6709,-0.792679,-0.810186,0.313415,0.885036,1.57566,2.04469,-0.302168,2.14475,2.16798,0.67912,SEKER,1,SEKER
1.37759,1.63834,0.558081,2.3894,-0.913513,-0.803204,1.40484,1.39191,0.984003,-1.79895,-1.85734,0.917333,-1.99457,-0.13499,0.908224,0.342758,BARBUNYA,1,unknown
0.0836144,0.160882,0.207826,-0.00169329,0.281033,0.502848,0.0803363,0.166542,1.00432,0.120751,-0.210982,-0.383673,-0.140911,-0.503126,-0.417207,0.316796,SIRA,1,SIRA
1.00341,1.14259,0.689758,1.31516,-0.13151,0.161103,1.01274,1.05866,0.885708,-0.869425,-1.08368,0.0295986,-1.29549,-0.570334,-0.0110838,0.634773,BARBUNYA,1,unknown
-0.656061,-0.715208,-0.625433,-0.59043,-0.372993,-0.0830166,-0.659313,-0.652712,-0.688484,0.513025,0.764774,0.280673,0.509336,0.369169,0.242425,0.420562,DERMASON,1,DERMASON
1.32044,1.50636,0.914341,1.61944,-0.0864472,0.202663,1.33796,1.34195,0.140906,-1.30985,-1.51871,-0.0156869,-1.51357,-0.686651,-0.0562631,0.669953,BARBUNYA,1,unknown
0.676471,0.814209,1.07789,0.135711,1.29895,1.08176,0.70237,0.754545,0.351624,-1.84407,-0.848651,-1.28719,-0.204385,-1.19611,-1.25676,-1.89436,CALI,1,HOROZ
-0.787902,-0.933966,-0.931977,-0.439901,-0.927497,-0.826055,-0.79255,-0.811632,0.162574,0.752764,1.35821,0.946008,0.321273,1.04909,0.938986,0.711035,DERMASON,1,DERMASON
1.88938,1.67755,1.6306,1.6958,0.637408,0.740349,1.86768,1.82555,0.108147,0.504432,-0.40096,-0.736447,-1.51964,-1.18723,-0.7529,-0.988328,CALI,1,CALI
1.26434,1.44111,0.767753,1.74923,-0.328515,-0.0351325,1.298,1.29259,-0.583855,-2.14794,-1.43893,0.237598,-1.60035,-0.523933,0.198569,0.616735,BARBUNYA,1,unknown
-0.663418,-0.696449,-0.597695,-0.671482,-0.264337,0.0315399,-0.668027,-0.661462,-0.282206,0.64864,0.585677,0.174192,0.593264,0.289183,0.134286,0.82185,DERMASON,1,DERMASON
-0.304945,-0.413104,-0.495017,0.165848,-0.770636,-0.583797,-0.317698,-0.249907,-0.242483,1.09226,1.05481,0.752756,-0.325181,0.512178,0.732958,0.816497,SEKER,1,DERMASON
1.96295,2.02734,1.51563,1.96905,0.321871,0.532455,1.97787,1.88599,1.26098,-1.17043,-1.58086,-0.431773,-1.72581,-1.05402,-0.463574,-0.0690776,BARBUNYA,1,unknown
2.09874,2.20602,1.51973,2.18538,0.182301,0.428395,2.10989,1.99638,-1.04596,-1.00502,-1.8588,-0.279607,-1.88235,-1.00493,-0.316249,0.7249,BARBUNYA,1,unknown
2.00408,1.81794,1.08033,2.83889,-0.637723,-0.40024,2.0177,1.91958,-0.0366738,-1.11272,-0.636088,0.528569,-2.20272,-0.550191,0.497752,-1.43334,BARBUNYA,1,unknown
-0.688249,-0.679128,-0.745253,-0.478811,-0.634153,-0.395555,-0.684359,-0.691094,0.145541,-0.155321,0.297638,0.5828,0.37023,0.64355,0.554273,0.6049,DERMASON,1,DERMASON
0.786766,0.877737,0.212178,1.66818,-0.879485,-0.748669,0.797456,0.858588,0.510734,-0.934497,-0.705053,0.882212,-1.54552,0.0550102,0.870638,0.616346,BARBUNYA,1,unknown
-0.614807,-0.727113,-1.06133,0.380821,-1.63093,-2.46453,-0.61787,-0.603901,0.161473,0.466792,1.13756,1.95095,-0.526745,1.86054,2.0593,0.734485,SEKER,1,SEKER
3.15977,2.69416,2.53434,2.58083,0.935001,0.907562,3.14028,2.8129,0.24868,0.0854695,-0.901052,-0.970061,-2.08435,-1.48101,-0.969635,-0.461868,CALI,1,CALI
-0.360388,-0.522258,-0.887113,0.800109,-1.64858,-2.52423,-0.369599,-0.311701,0.807514,0.836387,1.43532,1.98174,-0.897078,1.65216,2.09492,0.815695,SEKER,1,SEKER
0.62878,0.839865,0.829119,0.297521,0.827635,0.850086,0.622324,0.709076,0.4015,0.129017,-1.16019,-0.857905,-0.441732,-0.962593,-0.866136,0.51375,CALI,1,HOROZ
8.81021,5.58973,4.64334,7.32405,0.0928171,0.357178,8.73045,6.29746,-0.666348,0.651017,-0.174658,-0.20424,-3.92335,-1.66387,-0.242583,0.31236,BOMBAY,1,unknown
-0.328922,-0.399221,-0.720959,0.541747,-1.29979,-1.54894,-0.331577,-0.276552,0.722172,0.261672,0.815799,1.4511,-0.672948,1.12689,1.4918,0.749138,SEKER,1,SEKER
0.50364,0.713632,0.939057,-0.00647459,1.2556,1.06253,0.516199,0.588336,-1.25786,-1.03706,-1.08688,-1.27806,-0.027365,-1.1477,-1.2486,-2.83042,HOROZ,1,HOROZ
0.678771,0.873068,0.980142,0.287964,1.02899,0.955463,0.699852,0.756729,-0.341285,-1.55467,-1.11251,-1.09119,-0.339449,-1.09821,-1.08027,-2.30289,HOROZ,1,HOROZ
3.09953,2.63159,2.71512,2.29064,1.32744,1.09419,3.08231,2.76852,1.03151,0.01392,-0.819745,-1.30331,-1.88262,-1.60494,-1.27113,-1.69166,CALI,1,CALI
9.22734,5.95273,4.9258,7.519,0.198934,0.441232,9.15398,6.51713,1.97734,0.471583,-0.628877,-0.357553,-3.94079,-1.73642,-0.39195,-1.60048,BOMBAY,1,unknown
1.1032,1.33677,0.659618,1.5973,-0.35,-0.0580864,1.12326,1.14899,-0.927929,-1.45604,-1.55746,0.252592,-1.48837,-0.466848,0.213818,0.315875,BARBUNYA,1,unknown
-0.38292,-0.562565,-0.775041,0.491824,-1.33701,-1.63608,-0.392773,-0.336998,-0.0211124,0.908694,1.56662,1.50499,-0.628668,1.21832,1.55201,0.758545,SEKER,1,SEKER
8.02691,5.43545,4.72924,6.26153,0.633457,0.737954,7.99228,5.87425,1.28148,-0.144477,-0.797431,-0.717923,-3.61184,-1.7868,-0.735524,-0.402449,BOMBAY,1,unknown
-1.09047,-1.15509,-1.04874,-1.15872,-0.522068,-0.254412,-1.08356,-1.19513,-0.0268442,-0.303742,0.560362,0.422111,1.2925,0.857195,0.387491,-0.477426,DERMASON,1,DERMASON
-0.135004,-0.304524,-0.74858,1.17993,-1.68516,-2.6526,-0.140887,-0.0643284,0.290172,0.420265,1.37683,2.03887,-1.1976,1.52057,2.16121,0.75498,SEKER,1,SEKER
-1.40782,-1.54884,-1.46435,-1.51706,-0.878208,-0.746651,-1.39786,-1.63129,-0.424688,-0.563825,0.690203,0.871191,1.80596,1.68449,0.858863,0.294848,DERMASON,1,DERMASON
9.46534,5.89124,4.98198,7.59555,0.203877,0.445023,9.36597,6.64078,0.294072,0.912884,-0.166822,-0.31291,-3.9917,-1.7344,-0.348653,0.24671,BOMBAY,1,unknown
-0.732393,-0.835105,-0.78514,-0.545941,-0.638263,-0.400949,-0.736906,-0.744166,-0.079467,0.693157,1.05532,0.5938,0.441421,0.688032,0.565767,0.820193,DERMASON,1,DERMASON
-0.901349,-1.09793,-1.24438,-0.179996,-1.53625,-2.16616,-0.907003,-0.95218,0.300859,0.962318,1.70733,1.80593,0.0275005,2.0221,1.89257,0.849334,SEKER,1,SEKER
-1.266,-1.41422,-1.244,-1.42964,-0.592292,-0.341512,-1.26198,-1.4315,-0.486178,0.151787,0.993134,0.535967,1.65087,1.15571,0.505448,0.681782,DERMASON,1,DERMASON
-0.187228,0.244954,-0.100468,-0.194487,0.0302933,0.305159,-0.160769,-0.120762,-0.335047,-2.10409,-1.98331,-0.135388,0.0522336,-0.218883,-0.174882,0.585675,BARBUNYA,1,unknown
1.78802,1.86948,1.24337,2.02145,0.00236655,0.281292,1.7917,1.74153,-1.10604,-0.649554,-1.49016,-0.0992382,-1.78502,-0.846901,-0.139181,0.895143,BARBUNYA,1,unknown
8.088,5.02497,3.7104,7.96987,-0.764157,-0.574417,8.05206,5.90779,0.618181,-0.123271,0.480748,0.734833,-4.08716,-1.27248,0.714004,0.470932,BOMBAY,1,unknown
-0.70546,-0.656149,-0.603603,-0.773774,-0.18398,0.11122,-0.702757,-0.711725,0.602674,-0.0326075,0.0288719,0.0809377,0.732692,0.244821,0.0403366,0.519382,DERMASON,1,DERMASON
7.50697,4.89978,3.7888,7.02137,-0.361796,-0.0708279,7.44184,5.58499,1.39076,0.558678,0.000341506,0.271754,-3.84684,-1.4086,0.233333,0.540706,BOMBAY,1,unknown
0.193318,0.634395,0.107055,0.435717,-0.198073,0.0975392,0.223515,0.279328,-0.797561,-2.2466,-2.0381,0.0837247,-0.556259,-0.244761,0.0431341,0.0845094,BARBUNYA,1,unknown
0.890425,1.07619,1.37583,0.0977137,1.72606,1.25259,0.879697,0.955007,0.516743,0.29073,-1.20917,-1.53739,-0.242822,-1.36362,-1.47751,0.362176,HOROZ,1,HOROZ
7.23974,5.01444,3.78822,6.66857,-0.219185,0.0768135,7.19273,5.43354,0.891043,0.203746,-0.734058,0.112409,-3.74479,-1.44876,0.0719637,0.319822,BOMBAY,1,unknown
-0.841308,-0.88439,-0.635412,-1.11938,0.0882059,0.353407,-0.848905,-0.87734,1.34548,1.10685,0.592978,-0.190766,1.19121,0.128433,-0.229364,0.646173,DERMASON,1,DERMASON
0.0493239,0.122685,-0.0344412,0.3013,-0.276407,0.0192125,0.0484471,0.13088,-0.749275,-0.0415077,-0.174969,0.17828,-0.444962,-0.115485,0.138421,0.503326,SIRA,1,SIRA
-0.646142,-0.634518,-1.03723,0.221267,-1.5073,-2.08158,-0.639172,-0.640937,0.529311,-0.464156,0.292409,1.76233,-0.380977,1.70029,1.84276,0.879128,SEKER,1,SEKER
0.306831,0.728331,1.24461,-0.877907,2.68699,1.54235,0.302657,0.394023,-0.893544,0.0969664,-1.97482,-2.1482,0.884066,-1.51218,-1.99508,0.0831076,HOROZ,1,HOROZ
0.0275804,0.0231872,0.111303,0.00770011,0.145159,0.399283,0.013072,0.108164,1.19317,0.978283,0.273503,-0.249942,-0.156761,-0.394122,-0.287308,0.500913,SIRA,1,SIRA
0.143721,0.183031,0.0227404,0.473285,-0.331104,-0.0378807,0.153991,0.228581,0.102262,-0.864671,-0.0313241,0.211788,-0.57454,-0.135863,0.172362,-0.4104,BARBUNYA,1,SIRA
-0.815623,-0.784969,-0.582365,-1.13215,0.183591,0.429395,-0.818049,-0.845639,0.499329,0.548125,0.101156,-0.280358,1.20543,0.0413682,-0.31698,0.74299,HOROZ,1,DERMASON
0.628386,0.975111,1.3591,-0.343585,2.18733,1.40542,0.620839,0.708699,1.2136,0.196598,-1.76284,-1.8741,0.275602,-1.46057,-1.76657,-1.07275,HOROZ,1,HOROZ
-0.804522,-0.871967,-0.780008,-0.771963,-0.44649,-0.165335,-0.806494,-0.831995,0.764607,0.493334,0.78164,0.372352,0.720373,0.557237,0.33627,0.784201,DERMASON,1,DERMASON
7.04786,4.52856,3.62569,6.71409,-0.351487,-0.0596866,6.9688,5.32357,1.73655,0.950387,0.445111,0.238551,-3.74759,-1.38556,0.199538,-0.245132,BOMBAY,1,unknown
2.17165,1.97745,2.06561,1.65699,1.13808,1.00843,2.21827,2.05505,-0.79626,-2.5218,-0.7873,-1.18402,-1.44647,-1.43502,-1.16425,-2.62912,CALI,1,CALI
-0.58078,-0.626903,-0.587103,-0.429601,-0.449807,-0.169149,-0.586239,-0.563953,1.02697,0.666803,0.684905,0.357057,0.331142,0.377704,0.320566,0.10843,DERMASON,1,DERMASON
0.157056,0.0872271,-0.0810127,0.667633,-0.595059,-0.345035,0.156896,0.242264,-0.491704,-0.129426,0.578425,0.525501,-0.765855,0.0793397,0.494561,0.201489,SIRA,1,SIRA
1.12172,1.13683,0.842042,1.32093,0.0361428,0.310107,1.1188,1.16564,0.0568482,-0.213918,-0.624209,-0.140336,-1.29923,-0.703364,-0.179759,0.61706,BARBUNYA,1,CALI
2.33936,2.08307,1.19182,3.28119,-0.759513,-0.567722,2.3324,2.18847,0.296443,-0.253698,-0.72798,0.6941,-2.44876,-0.534811,0.671025,-0.739185,BARBUNYA,1,unknown
-1.31467,-1.42189,-1.29137,-1.51065,-0.59623,-0.346527,-1.30394,-1.49913,-0.775935,-0.696791,0.587292,0.53804,1.78292,1.2167,0.507605,0.593493,DERMASON,1,DERMASON
1.27163,1.19054,0.63625,2.0161,-0.628025,-0.38754,1.2707,1.29903,0.230093,-0.350168,-0.324039,0.562861,-1.76198,-0.327701,0.533465,0.159835,BARBUNYA,1,CALI
0.259074,0.213868,0.199106,0.430289,-0.0786123,0.209772,0.24953,0.346011,1.00753,0.484918,0.369813,-0.0300826,-0.562563,-0.347339,-0.0705901,0.434765,SIRA,1,SIRA
7.69531,4.98909,3.90008,7.09473,-0.315022,-0.0208815,7.65777,5.69058,-0.351515,-0.0526858,0.0116709,0.217719,-3.86467,-1.44302,0.17838,0.427559,BOMBAY,1,unknown
-1.10217,-1.21057,-1.18944,-0.974889,-0.894457,-0.772478,-1.10027,-1.21053,-0.0632292,0.291778,0.879744,0.906219,0.985915,1.32916,0.896319,0.789473,DERMASON,1,DERMASON
1.97714,1.80414,1.67052,1.75072,0.640184,0.742028,1.95554,1.89759,0.566234,0.471226,-0.660778,-0.707946,-1.5901,-1.18987,-0.726155,0.208354,CALI,1,CALI
-0.618749,-0.768651,-1.08863,0.423954,-1.68957,-2.66851,-0.624906,-0.608546,0.569106,0.761406,1.40501,2.04987,-0.570914,1.96682,2.17401,0.875659,SEKER,1,SEKER
-0.167849,0.0302636,0.201545,-0.575352,0.802706,0.836298,-0.166063,-0.0997608,0.919322,-0.168299,-0.796675,-0.860461,0.521369,-0.696668,-0.868506,-0.395989,SIRA,1,SIRA
1.09893,1.03039,0.786525,1.38617,-0.0711105,0.216547,1.08084,1.14515,-0.862881,0.622065,-0.215251,-0.0489966,-1.32987,-0.644513,-0.0893883,0.0206361,BARBUNYA,1,CALI
8.25387,5.39908,3.9902,7.80122,-0.523913,-0.256645,8.27128,5.99838,0.820349,-1.19802,-0.386796,0.404627,-4.01901,-1.41283,0.36947,-1.16707,BOMBAY,1,unknown
-0.0495403,-0.098667,-0.509683,0.913084,-1.26257,-1.46496,-0.056839,0.0269325,0.69725,0.483066,0.574954,1.40041,-0.990153,0.884452,1.43539,0.82543,SEKER,1,SEKER
-0.474689,-0.611152,-0.796084,0.25168,-1.21603,-1.36416,-0.482115,-0.441164,0.377305,0.766344,1.29316,1.33813,-0.411763,1.13948,1.36636,0.929022,SEKER,1,SEKER
1.33995,1.39289,0.549909,2.31977,-0.884932,-0.757298,1.36029,1.35904,-0.562042,-1.45326,-0.981231,0.881627,-1.9539,-0.145972,0.870012,0.361439,BARBUNYA,1,unknown
0.447474,0.773114,1.21953,-0.57871,2.26944,1.42976,0.434474,0.533448,-0.342949,0.622044,-1.59308,-1.8919,0.497135,-1.42895,-1.78159,0.368845,HOROZ,1,HOROZ
-0.227759,0.016851,0.310582,-0.893678,1.301,1.08266,-0.225,-0.164919,-1.33123,-0.2259,-1.04133,-1.2318,0.892015,-0.892354,-1.2072,0.41525,HOROZ,1,HOROZ
1.77968,2.00774,1.20232,2.08904,-0.0832808,0.20554,1.80578,1.73457,-0.506562,-1.68992,-2.03339,-0.0237024,-1.8168,-0.804591,-0.0642425,0.494367,BARBUNYA,1,unknown
6.00318,3.8866,3.10848,6.05207,-0.449077,-0.168309,5.90845,4.70556,0.975178,1.59014,0.807532,0.36678,-3.56397,-1.24138,0.330548,0.483008,BOMBAY,1,unknown
2.34816,1.9981,1.67064,2.49015,0.140264,0.395399,2.3506,2.19541,-0.477939,-0.64812,-0.361094,-0.286641,-2.01751,-1.05534,-0.323101,-1.04395,CALI,1,CALI
2.99502,2.42948,2.28001,2.69564,0.607839,0.722311,2.96508,2.691,0.721773,0.511323,-0.319876,-0.709352,-2.13703,-1.35102,-0.727475,-0.923997,CALI,1,CALI
0.378565,0.781276,1.13487,-0.594938,2.1672,1.39933,0.370696,0.465496,-2.53404,0.316271,-1.91173,-1.84375,0.541997,-1.39083,-1.7409,-0.314372,HOROZ,1,HOROZ
1.85246,2.031,1.47876,1.78867,0.407453,0.592375,1.86349,1.79505,0.702271,-0.992869,-1.91005,-0.492698,-1.62595,-1.06232,-0.522033,0.590344,BARBUNYA,1,unknown
-0.708351,-0.760329,-0.649434,-0.70681,-0.309659,-0.0152522,-0.711794,-0.715198,-0.942069,0.569315,0.704723,0.216568,0.645531,0.355106,0.177212,0.594652,DERMASON,1,DERMASON
1.77685,1.92692,1.14783,2.1769,-0.193973,0.101532,1.78447,1.73222,-0.783846,-0.83214,-1.74217,0.0888409,-1.86932,-0.742748,0.0482713,0.426396,BARBUNYA,1,unknown
-1.02682,-0.993254,-0.792762,-1.41323,0.130941,0.387972,-1.017,-1.11208,0.966779,-0.656649,-0.0790355,-0.238462,1.63639,0.232302,-0.27609,0.416985,DERMASON,1,DERMASON
-0.106363,-0.302809,-0.706158,1.1626,-1.62764,-2.45355,-0.116034,-0.0335957,0.506919,0.699266,1.5362,1.95289,-1.19045,1.41762,2.06154,0.961897,SEKER,1,SEKER
0.169341,0.123494,0.125042,0.348323,-0.109359,0.181677,0.166386,0.254844,0.180734,0.0640629,0.432154,-0.00934232,-0.474165,-0.296521,-0.0499434,0.0440554,SIRA,1,SIRA
1.04703,1.26068,1.60403,0.136689,1.98312,1.3413,1.03592,1.09828,0.769755,0.257151,-1.43578,-1.72744,-0.256119,-1.47941,-1.6418,-0.394259,HOROZ,1,HOROZ
9.08414,5.82308,4.9313,7.31744,0.288381,0.508225,9.04282,6.44214,1.31409,-0.106781,-0.462346,-0.434235,-3.89318,-1.7534,-0.465942,-1.33199,BOMBAY,1,unknown
1.62583,1.5687,1.47916,1.39368,0.697713,0.776293,1.6045,1.60522,-1.23798,0.58005,-0.779264,-0.77062,-1.32552,-1.15297,-0.784881,-0.320386,CALI,1,CALI
3.35599,3.06915,1.59089,4.43432,-0.944274,-0.853819,3.3739,2.95599,0.219236,-1.26652,-1.73713,0.958229,-2.98938,-0.598983,0.952118,0.395082,BARBUNYA,1,unknown
4.46905,3.29664,2.24968,5.21139,-0.745416,-0.547544,4.43696,3.72899,0.0020079,0.250988,-0.118154,0.686769,-3.26684,-0.918637,0.663304,-0.401713,BOMBAY,1,unknown
0.910264,1.20449,0.861631,0.877094,0.385439,0.57723,0.923464,0.973313,-1.47514,-1.08325,-1.68738,-0.496447,-0.92619,-0.844211,-0.525621,-0.313551,BARBUNYA,1,CALI
-0.799069,-0.822384,-0.617977,-1.02584,0.0252161,0.300849,-0.803654,-0.825306,1.09107,0.755757,0.47546,-0.127687,1.05939,0.147358,-0.167285,0.684357,DERMASON,1,DERMASON
2.60061,2.51945,1.62333,2.96442,-0.18804,0.107292,2.60036,2.3922,-0.294095,-0.562536,-1.65726,0.0851723,-2.31766,-0.916824,0.0445874,0.518926,BARBUNYA,1,unknown
-0.0542043,0.0332034,0.0970235,-0.158488,0.26769,0.493027,-0.058711,0.0219862,0.794893,0.272812,-0.214499,-0.376246,0.0295925,-0.440896,-0.410031,0.126745,SIRA,1,SIRA
-0.260144,0.0483937,-0.550976,0.460193,-1.03817,-1.01659,-0.224483,-0.200433,0.43795,-2.86426,-1.37679,1.0414,-0.546145,0.720564,1.04181,-0.920863,BARBUNYA,1,unknown
7.72428,4.99485,4.12138,6.78544,-0.035954,0.247885,7.63234,5.70673,1.00403,1.09042,0.0371546,-0.0828577,-3.77361,-1.55496,-0.12297,0.0821669,BOMBAY,1,unknown
-0.598582,-0.681016,-0.972782,0.238186,-1.43455,-1.88109,-0.598762,-0.584818,0.624201,0.187069,0.930431,1.65011,-0.394934,1.54303,1.71531,0.809353,SEKER,1,SEKER
2.81719,2.49121,2.28086,2.42308,0.793364,0.831087,2.80519,2.55753,-0.681491,-0.131461,-1.00808,-0.882919,-1.96454,-1.40046,-0.889308,-1.5779,CALI,1,CALI
2.36879,2.36414,1.77601,2.28796,0.3764,0.570958,2.38611,2.21166,0.136624,-1.26666,-1.70343,-0.462181,-1.9431,-1.14327,-0.492788,0.676949,BARBUNYA,1,unknown
0.233783,0.57537,1.02028,-0.762928,2.205,1.41072,0.225645,0.320444,-1.9402,0.399817,-1.59443,-1.8601,0.738392,-1.36309,-1.75474,0.00551267,HOROZ,1,HOROZ
3.0347,2.42575,1.4542,4.1139,-0.918679,-0.811615,3.02196,2.72051,0.65233,-0.140343,-0.203047,0.911865,-2.84676,-0.561866,0.902365,-0.0671553,BARBUNYA,1,unknown
-0.733904,-0.719116,-0.693763,-0.70984,-0.372024,-0.0819585,-0.734969,-0.745991,0.31988,0.35303,0.244581,0.28842,0.644017,0.432462,0.250329,0.735948,DERMASON,1,DERMASON
2.93196,3.1486,2.20458,2.76552,0.489094,0.646993,3.01266,2.64389,-0.240197,-3.60148,-2.91267,-0.642552,-2.1398,-1.31333,-0.664539,-2.33986,BARBUNYA,1,unknown
-0.286355,-0.15662,-0.00723964,-0.590036,0.516807,0.664996,-0.29278,-0.229328,1.20946,0.551737,-0.406318,-0.591778,0.50432,-0.476792,-0.616459,0.543705,SIRA,1,SIRA
7.0231,4.61243,3.33914,7.1943,-0.73298,-0.529921,6.95692,5.3093,0.540098,0.664374,0.138473,0.674311,-3.8784,-1.20832,0.650193,-0.312182,BOMBAY,1,unknown
1.84622,1.97358,1.21672,2.19461,-0.134184,0.158601,1.8529,1.78988,0.0162802,-0.793077,-1.7151,0.030334,-1.88368,-0.790643,-0.0103487,0.560784,BARBUNYA,1,unknown
-0.441122,-0.548177,-0.727206,0.222134,-1.10859,-1.1476,-0.450355,-0.402847,0.229387,0.900519,1.08526,1.1837,-0.375871,0.973888,1.19656,0.698521,SEKER,1,SEKER
1.33476,1.69913,1.03815,1.44936,0.165608,0.415388,1.37308,1.3545,0.350155,-2.36759,-2.22415,-0.265221,-1.39392,-0.828899,-0.302223,0.664976,BARBUNYA,1,unknown
-0.403284,-0.571385,-0.847246,0.576333,-1.47586,-1.99291,-0.411881,-0.359954,0.276866,0.815707,1.4935,1.716,-0.709159,1.43247,1.79002,0.929039,SEKER,1,SEKER
1.60087,1.45469,1.20658,1.80847,0.103062,0.365521,1.62935,1.58404,-0.499942,-1.82598,-0.36935,-0.262813,-1.58166,-0.89117,-0.299874,-1.49315,CALI,1,CALI
8.87136,5.46934,4.4266,7.75813,-0.224427,0.0716244,8.79223,6.32991,0.699052,0.629974,0.251624,0.11749,-4.03306,-1.55757,0.077077,0.303494,BOMBAY,1,unknown
0.0640386,-0.00689586,-0.0820604,0.432056,-0.432391,-0.149225,0.0589693,0.146208,0.874534,0.259831,0.643187,0.339721,-0.556103,-0.00883276,0.30279,0.183611,SIRA,1,SIRA
-1.18283,-1.29651,-1.1937,-1.22839,-0.689941,-0.47019,-1.17897,-1.3181,0.38484,0.111651,0.829854,0.642276,1.3592,1.16254,0.616537,0.370515,DERMASON,1,DERMASON
-0.865679,-0.949952,-0.866786,-0.795819,-0.555101,-0.294844,-0.867174,-0.907592,0.772372,0.489594,0.874978,0.486733,0.762873,0.70632,0.454312,0.465521,DERMASON,1,DERMASON
9.02915,5.78762,4.83084,7.42976,0.173514,0.421564,9.02449,6.41323,0.813753,-0.784646,-0.436361,-0.335295,-3.91659,-1.71887,-0.370384,-1.6709,BOMBAY,1,unknown
1.25573,1.44123,1.00536,1.35975,0.192374,0.436183,1.28967,1.28499,-1.00745,-2.16435,-1.4683,-0.305008,-1.3138,-0.830643,-0.340972,0.132787,BARBUNYA,1,unknown
1.08027,1.17018,0.336589,2.14729,-1.01117,-0.968452,1.09866,1.12833,-0.225164,-1.36732,-0.925158,1.03554,-1.84182,0.0477848,1.03547,0.0744521,BARBUNYA,1,unknown
-1.31592,-1.4022,-1.17037,-1.72646,-0.180779,0.114311,-1.31059,-1.50088,-1.16481,0.0154179,0.420133,0.0811028,2.14018,0.782345,0.0405023,0.64713,DERMASON,1,DERMASON
2.73548,2.25906,1.88444,2.83399,0.137674,0.393339,2.71546,2.49551,-0.598297,0.196452,-0.334552,-0.271234,-2.22178,-1.11476,-0.308088,-0.562914,CALI,1,CALI
-1.10913,-1.16361,-1.05066,-1.25515,-0.438627,-0.156332,-1.10544,-1.21972,-0.357475,0.084534,0.465032,0.367433,1.37609,0.826074,0.331218,0.922321,DERMASON,1,DERMASON
-0.697709,-0.727528,-0.860407,-0.295632,-0.932605,-0.834469,-0.694752,-0.702424,0.470118,-0.0608381,0.555875,0.952104,0.158817,0.975115,0.945535,0.695833,DERMASON,1,DERMASON
1.28523,1.42132,1.71232,0.413162,1.83578,1.29162,1.27199,1.31101,0.763978,0.291204,-1.28665,-1.60933,-0.548074,-1.47183,-1.54005,0.47196,HOROZ,1,HOROZ
0.834654,1.08953,1.29626,0.10914,1.61027,1.20938,0.832186,0.903292,-2.37575,-0.171647,-1.47533,-1.4703,-0.235653,-1.32064,-1.41882,-0.189723,HOROZ,1,HOROZ
-0.0833052,-0.222928,-0.292057,0.397699,-0.672034,-0.445899,-0.0984111,-0.00896402,-0.35184,1.10502,1.15315,0.635189,-0.546592,0.286185,0.609103,0.867695,SEKER,1,SEKER
-0.117924,-0.00130672,0.011473,-0.13931,0.135438,0.39156,-0.103575,-0.0459833,0.964769,-1.15439,-0.359353,-0.286251,0.0555612,-0.353668,-0.322721,-1.20219,SIRA,1,SIRA
-0.970062,-1.01901,-0.904737,-1.05752,-0.387566,-0.0990165,-0.968974,-1.03914,1.2307,0.28791,0.553634,0.301782,1.10635,0.636573,0.263972,0.602251,DERMASON,1,DERMASON
-0.106166,0.070771,0.282075,-0.557121,0.899909,0.889109,-0.11016,-0.0333848,-1.94192,0.258301,-0.692068,-0.928126,0.482051,-0.761577,-0.931056,0.075801,SIRA,1,SIRA
2.55003,2.13684,2.09137,2.20519,0.754553,0.809173,2.52748,2.35313,-1.25179,0.343712,-0.353308,-0.831367,-1.85362,-1.34008,-0.841497,-0.824413,CALI,1,CALI
2.02825,2.01871,0.989886,2.96982,-0.791946,-0.614981,2.03868,1.93926,0.816077,-0.971569,-1.36138,0.767045,-2.31778,-0.416706,0.748088,0.407347,BARBUNYA,1,unknown
-0.642594,-0.713603,-0.815108,-0.213679,-0.929078,-0.828655,-0.64679,-0.636732,0.138038,0.593468,0.848193,0.947799,0.0688594,0.924887,0.94091,0.703103,DERMASON,1,SEKER
8.2274,5.51022,4.54073,6.73586,0.277452,0.50022,8.19569,5.98397,0.744645,-0.220525,-0.730849,-0.373075,-3.76873,-1.68647,-0.406966,0.590855,BOMBAY,1,unknown
6.88212,4.58549,3.48463,6.70301,-0.445542,-0.164248,6.81464,5.22774,-0.378587,0.719987,-0.0017929,0.351728,-3.75044,-1.3274,0.3151,0.0886335,BOMBAY,1,unknown
1.21316,1.45697,1.70465,0.305316,1.93606,1.32575,1.20421,1.24729,-0.904483,0.0872914,-1.6749,-1.68606,-0.433972,-1.49196,-1.60628,0.0511362,HOROZ,1,HOROZ
3.30081,2.63743,2.48907,2.88387,0.685938,0.769362,3.27623,2.91598,0.77708,0.239788,-0.348456,-0.768826,-2.24667,-1.41623,-0.783204,-0.638879,CALI,1,CALI
0.924453,1.06365,0.810054,1.02064,0.215694,0.454044,0.9356,0.986378,1.15542,-0.967223,-1.02611,-0.362683,-1.01533,-0.773798,-0.396915,-1.19964,BARBUNYA,1,CALI
0.115343,0.422824,0.70718,-0.64403,1.60596,1.20773,0.108675,0.199364,0.626409,0.352082,-1.40349,-1.44802,0.567442,-1.12599,-1.39924,0.609544,HOROZ,1,HOROZ
-1.20957,-1.32319,-1.11091,-1.46948,-0.335991,-0.0430822,-1.20763,-1.35427,-0.702599,0.370274,0.79518,0.243487,1.71967,0.816243,0.204555,0.536553,DERMASON,1,DERMASON
0.882937,0.816388,0.685996,1.08777,0.0226073,0.29863,0.868788,0.948084,-0.696299,0.49163,-0.0232384,-0.14732,-1.10021,-0.638142,-0.186642,-0.137662,CALI,1,CALI
1.58655,1.44672,1.27338,1.67036,0.269091,0.494062,1.6187,1.57186,0.78774,-2.00453,-0.382143,-0.417866,-1.49088,-0.968789,-0.450187,-1.3909,CALI,1,CALI
-0.0652403,0.171638,0.198098,-0.339782,0.569943,0.698784,-0.058711,0.0102668,-0.814844,-0.562321,-1.01542,-0.648689,0.227481,-0.608524,-0.670336,0.148531,SIRA,1,SIRA
11.8791,6.98486,5.71696,9.31921,-0.00921676,0.271275,11.8409,7.83375,0.383513,-0.347744,-0.257155,-0.139033,-4.3614,-1.79031,-0.178475,-0.998965,BOMBAY,1,unknown
-0.48185,-0.215479,0.182897,-1.3263,1.6162,1.21165,-0.482115,-0.44937,-2.84831,0.133599,-1.19126,-1.46483,1.5116,-0.926496,-1.41401,0.210101,HOROZ,1,HOROZ
9.12145,5.56505,4.50163,7.94041,-0.245648,0.0504389,9.06412,6.46172,0.85157,0.187229,0.308322,0.143849,-4.07967,-1.56338,0.103639,0.44429,BOMBAY,1,unknown
0.266103,0.319467,0.246703,0.428662,-0.0176868,0.263907,0.271736,0.353099,0.559701,-0.558766,-0.173731,-0.137401,-0.506545,-0.419361,-0.176866,-1.24979,SIRA,1,SIRA
-1.35264,-1.37631,-1.25844,-1.696,-0.363123,-0.0722686,-1.34151,-1.55255,0.573618,-0.740472,-0.126228,0.269699,2.09801,1.00182,0.231238,0.415017,DERMASON,1,DERMASON
6.86432,4.64355,3.37997,6.89329,-0.592498,-0.341775,6.86803,5.2174,0.75961,-0.897942,-0.209523,0.505835,-3.79542,-1.26369,0.474128,-0.383307,BOMBAY,1,unknown
0.195026,0.226105,0.212063,0.276836,0.0571534,0.327742,0.180845,0.281069,0.62127,0.844225,-0.0135659,-0.182872,-0.398984,-0.420215,-0.221613,-0.191098,SIRA,1,SIRA
-0.769443,-0.874146,-1.14483,0.0486349,-1.54372,-2.18844,-0.770861,-0.789104,0.421083,0.41209,1.06022,1.81902,-0.211663,1.88621,1.90754,0.898232,SEKER,1,SEKER
1.41772,1.58328,0.921866,1.80564,-0.199039,0.0965973,1.42853,1.4268,-0.360208,-0.968256,-1.51163,0.10399,-1.64249,-0.644402,0.0634952,0.783859,BARBUNYA,1,unknown
-1.17587,-1.19199,-1.03287,-1.47492,-0.201779,0.0939215,-1.16367,-1.30872,-0.137328,-0.907834,0.101402,0.0827876,1.7549,0.637241,0.0421934,-0.0904906,DERMASON,1,DERMASON
1.05018,0.907135,0.538391,1.71303,-0.553144,-0.292423,1.0365,1.10114,1.45557,0.39886,0.19412,0.465592,-1.55339,-0.317881,0.432414,-0.199148,BARBUNYA,1,unknown
-0.799923,-0.776087,-0.70793,-0.880982,-0.24463,0.0514621,-0.795197,-0.826353,-0.932119,-0.190736,0.154981,0.150849,0.862925,0.369845,0.110702,0.736784,DERMASON,1,DERMASON
0.778095,1.03826,1.36977,-0.107056,1.93552,1.32557,0.767827,0.850463,1.24635,0.305691,-1.46507,-1.68193,-0.02789,-1.40587,-1.60273,0.210857,HOROZ,1,HOROZ
0.731192,0.806095,0.781334,0.584336,0.522294,0.66853,0.72393,0.806355,-1.4323,0.142808,-0.588227,-0.596034,-0.704794,-0.848884,-0.620497,0.566413,BARBUNYA,1,SIRA
-0.176717,0.134624,0.127248,-0.500298,0.622796,0.73147,-0.160188,-0.109362,-1.68416,-1.32569,-1.38794,-0.699016,0.418353,-0.593608,-0.717761,-0.0254131,SIRA,1,HOROZ
0.965707,1.06898,0.384713,1.77493,-0.754871,-0.561053,0.966521,1.02423,0.283066,-0.388392,-0.895419,0.721589,-1.6117,-0.122609,0.700015,0.404495,BARBUNYA,1,unknown
2.07266,2.09903,1.25726,2.60904,-0.339445,-0.046769,2.08768,1.97529,0.82976,-1.17404,-1.5388,0.226118,-2.1064,-0.735458,0.186906,-0.221152,BARBUNYA,1,unknown
1.71392,1.90437,1.00222,2.32583,-0.430883,-0.147512,1.72792,1.67955,-0.256101,-1.12928,-1.84269,0.326826,-1.94252,-0.593766,0.289583,-0.215291,BARBUNYA,1,unknown
2.37385,2.42782,1.32872,3.08265,-0.530675,-0.264857,2.39192,2.21564,-0.614067,-1.29757,-1.91476,0.435217,-2.35762,-0.687203,0.401016,-0.36169,BARBUNYA,1,unknown
1.71852,1.8261,1.3528,1.76471,0.28924,0.508853,1.73574,1.68341,-0.86946,-1.28039,-1.53075,-0.409773,-1.58324,-0.99321,-0.44239,-0.379954,BARBUNYA,1,CALI
2.02602,2.31084,1.68022,1.80233,0.61305,0.72551,2.03907,1.93744,-1.55632,-1.08744,-2.42158,-0.669496,-1.64054,-1.18061,-0.689968,0.792547,BARBUNYA,1,unknown
-0.315521,-0.419517,-0.497685,0.139918,-0.755966,-0.562624,-0.323508,-0.261645,0.198062,0.700781,1.0311,0.73583,-0.300911,0.505329,0.715057,0.850853,SEKER,1,DERMASON
2.11142,1.86375,1.638,2.06392,0.385126,0.577013,2.08787,2.00661,1.15224,0.514421,-0.502653,-0.492528,-1.78322,-1.11185,-0.52187,-0.17534,CALI,1,CALI
-1.10959,-1.2036,-1.12452,-1.10854,-0.68406,-0.462177,-1.10415,-1.22033,0.45326,-0.121625,0.761866,0.634759,1.18759,1.07476,0.608652,0.353377,DERMASON,1,DERMASON
1.33219,1.26022,1.09472,1.41303,0.254291,0.483091,1.32957,1.35226,1.27442,-0.273624,-0.425123,-0.388056,-1.32605,-0.894346,-0.42144,-0.790041,CALI,1,CALI
1.36786,1.79498,1.97952,0.239339,2.35797,1.45515,1.37282,1.38343,-3.05017,-0.668206,-2.47585,-1.94484,-0.383819,-1.62509,-1.82613,0.437509,HOROZ,1,HOROZ
-1.10919,-1.17778,-0.938169,-1.44195,-0.0783856,0.209977,-1.10228,-1.21981,-0.519962,-0.295766,0.570097,-0.0214157,1.66679,0.483408,-0.0619665,0.761376,DERMASON,1,DERMASON
1.67254,1.46465,1.41223,1.6157,0.458748,0.626971,1.66105,1.64472,-0.183132,0.0889561,-0.174223,-0.584222,-1.46008,-1.07121,-0.609286,-1.14226,CALI,1,CALI
-0.490061,-0.636773,-0.861719,0.34537,-1.3577,-1.68598,-0.496058,-0.458794,0.174018,0.649986,1.36757,1.53543,-0.494989,1.33543,1.58613,0.770269,SEKER,1,SEKER
0.127758,0.176951,0.262257,0.0276594,0.327976,0.536824,0.126363,0.212163,-1.51661,-0.0316768,-0.0776316,-0.433556,-0.162687,-0.551846,-0.465289,0.0766832,SIRA,1,SIRA
-0.973018,-0.982283,-1.03538,-0.779421,-0.818323,-0.654301,-0.966779,-1.04292,1.18543,-0.276985,0.268349,0.753677,0.804345,1.04629,0.733932,-1.16843,DERMASON,1,DERMASON
-1.39383,-1.47121,-1.21001,-1.92211,-0.0428856,0.241759,-1.3856,-1.6112,-0.0325114,-0.330412,0.20611,-0.0632971,2.49502,0.737633,-0.103582,0.544951,DERMASON,1,DERMASON
8.18674,5.65508,4.72245,6.5305,0.499415,0.653729,8.12707,5.96179,-1.26208,0.345153,-1.1715,-0.626183,-3.67421,-1.7665,-0.649061,-1.36606,BOMBAY,1,unknown
-0.656389,-0.637382,-0.65337,-0.540084,-0.454511,-0.174571,-0.64963,-0.653103,0.923259,-0.441328,0.241549,0.36873,0.452183,0.440893,0.332549,0.335854,DERMASON,1,DERMASON
-1.67013,-1.92326,-1.80578,-1.87724,-1.147,-1.22258,-1.66156,-2.02548,0.214138,-0.220671,1.0029,1.22614,2.42023,2.54621,1.24303,0.374973,DERMASON,1,DERMASON
1.60901,1.72215,1.16324,1.86615,0.0187988,0.295384,1.62496,1.59096,0.613617,-1.22293,-1.45921,-0.161801,-1.63874,-0.839319,-0.200898,-0.811655,BARBUNYA,1,CALI
-0.429429,-0.46524,-0.412053,-0.322398,-0.29189,0.00325764,-0.434023,-0.389559,0.436002,0.485335,0.612773,0.198463,0.190816,0.155375,0.158854,0.632209,SIRA,1,DERMASON
-0.47712,-0.384467,-0.374987,-0.494387,-0.0961337,0.193827,-0.478306,-0.443948,-0.559778,0.212965,-0.189969,-0.0253168,0.412129,0.0162585,-0.065849,-0.0453268,SIRA,1,DERMASON
1.73468,1.78325,0.684012,2.9802,-1.08706,-1.10668,1.76072,1.69696,1.13949,-1.69239,-1.31403,1.11526,-2.29811,-0.118725,1.12192,-0.621362,BARBUNYA,1,unknown
0.758059,0.927223,1.18695,0.0956977,1.48086,1.15846,0.745879,0.831655,1.24369,0.427784,-1.04727,-1.37605,-0.225498,-1.25877,-1.33574,-0.0931615,HOROZ,1,HOROZ
11.1741,6.67295,5.78216,8.35462,0.402429,0.588935,11.0518,7.49604,1.24996,1.03266,-0.227337,-0.50388,-4.16917,-1.86935,-0.532729,-0.00955853,BOMBAY,1,unknown
0.979305,1.15838,0.773623,1.14067,0.0858078,0.351441,0.975107,1.03666,-1.1987,-0.109192,-1.2408,-0.198831,-1.15298,-0.69647,-0.237278,0.258986,BARBUNYA,1,CALI
2.328,2.40453,1.4263,2.80928,-0.288708,0.00654974,2.33718,2.17949,-0.456875,-0.928234,-1.95215,0.176122,-2.22117,-0.816718,0.136238,-0.0496384,BARBUNYA,1,unknown
-0.0930931,-0.0609887,-0.0429784,-0.0238355,-0.033644,0.249921,-0.0916331,-0.0194083,-1.04356,-0.167946,0.113672,-0.0911601,-0.102645,-0.233965,-0.131189,-0.137782,SIRA,1,SIRA
2.02878,1.96588,1.83451,1.76366,0.806639,0.838485,2.08903,1.93969,0.0422469,-3.15421,-1.15595,-0.944748,-1.49314,-1.30777,-0.946366,-3.56363,CALI,1,CALI
0.99218,1.06703,0.462045,1.70513,-0.630781,-0.39114,0.995699,1.04842,-0.0948058,-0.544555,-0.787465,0.565376,-1.5573,-0.234462,0.536087,0.134513,BARBUNYA,1,unknown
1.42508,1.40148,0.65017,2.33243,-0.790367,-0.612653,1.43175,1.43318,-0.336033,-0.760829,-0.728804,0.755621,-1.95415,-0.25403,0.735991,0.0808041,BARBUNYA,1,unknown
-0.0632696,-0.235345,-0.380839,0.620864,-0.930309,-0.830682,-0.0753011,0.0123612,-0.103929,0.853418,1.34884,0.951883,-0.743695,0.522348,0.945298,0.78841,SEKER,1,SEKER
-0.47377,-0.339034,-0.39839,-0.467338,-0.152418,0.141422,-0.465331,-0.440111,-0.745206,-0.63883,-0.440933,0.0510603,0.356018,0.071092,0.0103859,0.628447,DERMASON,1,DERMASON
0.139714,0.376029,0.449895,-0.204188,0.788807,0.828536,0.148633,0.224463,-0.439128,-0.768718,-1.06119,-0.852092,0.101434,-0.806982,-0.860744,-0.519437,SIRA,1,HOROZ
7.22234,4.87299,3.80437,6.69865,-0.220369,0.0756439,7.21268,5.42361,0.768698,-0.614141,-0.348235,0.0781073,-3.73016,-1.46033,0.0374961,-0.966963,BOMBAY,1,unknown
1.68062,1.89178,1.54056,1.38917,0.769804,0.817836,1.69797,1.65153,-0.709607,-1.28822,-1.89405,-0.81874,-1.33628,-1.18678,-0.829753,0.167474,BARBUNYA,1,unknown
2.75604,2.19928,1.9925,2.68235,0.33617,0.542664,2.72069,2.51116,1.11339,0.792361,-0.0386357,-0.446973,-2.14926,-1.19975,-0.478187,-0.145709,CALI,1,CALI
1.58734,1.4889,0.996327,2.04399,-0.269237,0.0265473,1.58604,1.57253,-0.422348,-0.386015,-0.563895,0.170367,-1.78856,-0.650773,0.130419,0.494537,BARBUNYA,1,CALI
1.22315,1.36472,0.626985,1.90838,-0.575017,-0.319682,1.23248,1.25615,0.736219,-0.883223,-1.26088,0.512809,-1.70405,-0.343822,0.481371,0.573233,BARBUNYA,1,unknown
-0.491112,-0.531652,-0.465844,-0.391364,-0.310614,-0.0162532,-0.494057,-0.460002,0.865458,0.377565,0.648624,0.209573,0.280213,0.202222,0.170116,0.305857,DERMASON,1,DERMASON
-0.816806,-0.999472,-1.14523,-0.104979,-1.44933,-1.9205,-0.823988,-0.847095,0.230586,1.03888,1.62711,1.67158,-0.0499435,1.78497,1.73962,0.787698,SEKER,1,SEKER
0.694602,1.02542,0.189046,1.50711,-0.811433,-0.643951,0.727223,0.771753,0.383427,-2.24093,-1.72578,0.784831,-1.42166,0.0244541,0.766944,0.192347,BARBUNYA,1,unknown
1.76155,1.78528,1.36875,1.81064,0.274673,0.498176,1.7571,1.71944,-1.0434,-0.265504,-1.24014,-0.38792,-1.6225,-0.991192,-0.421309,-0.0674528,BARBUNYA,1,CALI
0.862376,1.76352,0.741677,0.959169,0.181381,0.427681,0.912684,0.929044,0.591238,-3.1951,-3.91137,-0.305423,-0.994106,-0.723468,-0.341376,-0.27515,BARBUNYA,1,unknown
-0.487236,-0.518848,-0.625523,-0.10784,-0.748269,-0.55161,-0.488828,-0.45555,0.475045,0.254543,0.59007,0.721411,-0.0431025,0.610275,0.699827,0.676157,SIRA,1,DERMASON
-0.711241,-0.841766,-0.898832,-0.270867,-1.00324,-0.954525,-0.717862,-0.718672,0.672557,0.883561,1.25956,1.05054,0.123228,1.07654,1.0517,0.931111,SEKER,1,DERMASON
-0.915341,-0.880572,-0.956488,-0.783411,-0.698284,-0.481619,-0.903194,-0.969773,-0.0322346,-0.929518,0.00934084,0.649607,0.754121,0.895436,0.624232,0.278302,DERMASON,1,DERMASON
-0.67544,-0.771611,-0.980356,0.00533558,-1.29942,-1.54808,-0.678162,-0.675788,0.0731008,0.47564,1.01918,1.4561,-0.168911,1.42644,1.49738,0.930924,SEKER,1,SEKER
1.04276,1.37166,0.647689,1.49922,-0.300348,-0.00552613,1.07374,1.09441,0.47421,-2.05712,-1.90774,0.188757,-1.40932,-0.48693,0.149024,-0.0449,BARBUNYA,1,unknown
-0.0988082,-0.0860015,0.0861943,-0.227107,0.313177,0.526209,-0.0951189,-0.0255148,0.680668,-0.337593,0.228407,-0.438722,0.130488,-0.461881,-0.470257,-0.635448,SIRA,1,SIRA
-0.471273,-0.597781,-0.778194,0.229619,-1.17903,-1.28715,-0.479339,-0.437253,0.865475,0.820764,1.22378,1.28344,-0.387008,1.08699,1.30601,0.818278,SEKER,1,SEKER
-1.21233,-1.33223,-1.18237,-1.35357,-0.560934,-0.302081,-1.21215,-1.35802,-0.77443,0.59285,0.841005,0.495708,1.53916,1.05499,0.463618,0.544656,DERMASON,1,DERMASON
1.87309,2.28556,0.81687,3.01993,-0.980606,-0.915281,1.92668,1.8121,0.489488,-2.91945,-2.74372,0.975395,-2.31912,-0.248025,0.970583,-0.611079,BARBUNYA,1,unknown
8.84029,5.85979,5.39274,6.31345,1.08473,0.982867,8.77021,6.31344,1.69563,0.461702,-0.868382,-1.09529,-3.62144,-1.9406,-1.08399,-0.730121,BOMBAY,1,unknown
-0.798478,-0.840224,-0.68355,-0.913738,-0.178551,0.116458,-0.801652,-0.824581,0.991362,0.611387,0.603432,0.0774672,0.911438,0.309333,0.0368539,0.599499,DERMASON,1,DERMASON
-0.955216,-1.01659,-0.975602,-0.875291,-0.651788,-0.418818,-0.953933,-1.02023,0.554242,0.256331,0.654669,0.594197,0.873186,0.882473,0.566182,0.275991,DERMASON,1,DERMASON
1.39545,1.4854,1.01541,1.60947,0.0303897,0.30524,1.39406,1.40746,-0.888288,-0.348472,-1.18472,-0.132846,-1.50707,-0.771669,-0.172375,0.683371,BARBUNYA,1,CALI
-0.30593,-0.303348,-0.236455,-0.281004,-0.0833517,0.205476,-0.31376,-0.250999,0.853387,0.681165,0.35071,-0.0218473,0.147451,-0.0780397,-0.0623962,0.559775,SIRA,1,SIRA
1.45576,1.37134,0.806092,2.10352,-0.502252,-0.230604,1.45661,1.45972,-0.872138,-0.4718,-0.492089,0.423231,-1.82221,-0.467913,0.388647,0.35811,BARBUNYA,1,unknown
-0.923093,-0.965453,-0.893045,-0.92465,-0.485772,-0.211052,-0.919914,-0.979544,1.00146,0.0308969,0.540045,0.404845,0.934897,0.684817,0.369695,0.368354,DERMASON,1,DERMASON
1.5472,1.46582,0.676952,2.54881,-0.878446,-0.747027,1.54621,1.53829,0.0198537,-0.394564,-0.597195,0.866273,-2.08088,-0.221323,0.853612,0.116637,BARBUNYA,1,unknown
-0.336148,-0.28452,-0.309166,-0.238579,-0.218231,0.0777566,-0.336547,-0.284606,0.249161,0.0758301,0.0565762,0.116365,0.103023,0.0390965,0.0759449,0.499774,SIRA,1,SIRA
1.91664,2.33555,1.17766,2.45914,-0.331956,-0.0387863,1.94902,1.84799,-0.722391,-1.95638,-2.79398,0.202846,-2.00676,-0.712746,0.163296,-0.763866,BARBUNYA,1,unknown
2.93419,2.52912,1.55881,3.75488,-0.66087,-0.430915,2.94914,2.64557,0.628563,-1.16527,-0.852598,0.579816,-2.67689,-0.722753,0.551157,-0.599318,BARBUNYA,1,unknown
2.25738,2.03206,1.90471,1.97326,0.727044,0.793379,2.24654,2.12351,0.767694,-0.0748611,-0.758296,-0.816212,-1.69968,-1.28779,-0.8274,-1.13212,CALI,1,CALI
1.55199,1.54475,0.528943,2.89633,-1.19468,-1.31941,1.55847,1.54239,0.670987,-0.761527,-0.918259,1.25275,-2.24654,0.0299257,1.27224,-0.913108,BARBUNYA,1,unknown
-0.490258,-0.475768,-0.467962,-0.385756,-0.318156,-0.0241803,-0.489667,-0.459021,0.285681,0.0615544,0.293525,0.218085,0.273363,0.208243,0.178751,0.318844,SIRA,1,DERMASON
-0.487565,-0.610481,-0.978901,0.607277,-1.65499,-2.54628,-0.493734,-0.455927,0.855494,0.663637,1.20197,1.98972,-0.730417,1.77565,2.10416,0.74249,SEKER,1,SEKER
0.476641,0.811456,1.17232,-0.456292,2.05669,1.365,0.473852,0.562006,-1.88236,-0.0522298,-1.64575,-1.76304,0.361521,-1.3764,-1.67224,0.12234,HOROZ,1,HOROZ
0.115803,-0.0494438,-0.44336,1.24647,-1.37201,-1.72113,0.101768,0.199839,0.0681867,0.884079,1.17934,1.55139,-1.24362,0.907333,1.60404,0.608829,SEKER,1,SEKER
-0.876912,-0.90407,-0.71333,-1.08913,-0.062103,0.22464,-0.877244,-0.921594,1.29472,0.375434,0.461725,-0.0494512,1.16084,0.26647,-0.0898398,0.339358,DERMASON,1,DERMASON
1.24148,1.08323,0.830119,1.58824,-0.15784,0.136277,1.22299,1.27239,0.405583,0.584348,0.0687569,0.0608093,-1.49503,-0.621228,0.0201508,0.778737,BARBUNYA,1,CALI
1.68338,1.82739,1.47162,1.49237,0.614558,0.726434,1.69733,1.65385,-1.68212,-1.1268,-1.64167,-0.685232,-1.41236,-1.12306,-0.704792,0.233201,BARBUNYA,1,CALI
1.73126,1.61392,1.47809,1.56991,0.564101,0.695116,1.70888,1.6941,-1.47329,0.591868,-0.631411,-0.638822,-1.46977,-1.10998,-0.661014,0.332497,BARBUNYA,1,CALI
-0.25837,-0.198137,-0.284075,-0.0586298,-0.327416,-0.0339666,-0.257922,-0.198482,-0.169837,-0.0275472,-0.00613574,0.22145,-0.0740582,0.0729349,0.182166,0.0795649,SIRA,1,SIRA
1.59476,1.75746,1.13897,1.82741,0.0184148,0.295056,1.60999,1.57884,-0.845603,-1.18837,-1.64141,-0.129283,-1.64573,-0.81847,-0.16886,0.375307,BARBUNYA,1,unknown
0.56979,0.715417,0.932172,0.0234736,1.21711,1.04514,0.561192,0.652423,-1.67118,0.284525,-0.818838,-1.16154,-0.179608,-1.10579,-1.14398,0.701781,SIRA,1,HOROZ
0.632984,0.802,0.688881,0.578619,0.41322,0.596313,0.627682,0.713096,0.210357,0.0563451,-0.96788,-0.548328,-0.639538,-0.79324,-0.575149,-1.32999,CALI,1,CALI
1.08881,1.16716,1.32587,0.554691,1.21886,1.04593,1.07123,1.13604,0.345642,0.598965,-0.880736,-1.1757,-0.666508,-1.23646,-1.15675,0.182712,HOROZ,1,HOROZ
-1.27395,-1.40885,-1.31291,-1.33663,-0.787094,-0.607836,-1.27218,-1.44248,-0.363038,0.448884,0.873611,0.775112,1.4991,1.40309,0.756637,0.891151,DERMASON,1,DERMASON
1.22236,1.6134,0.815231,1.56974,-0.161995,0.132321,1.24888,1.25545,-0.62018,-1.78496,-2.25629,0.0669714,-1.48404,-0.612286,0.026327,0.845875,BARBUNYA,1,unknown
-0.313813,-0.298541,-0.287633,-0.201458,-0.218906,0.0770901,-0.306208,-0.259748,0.978876,-0.599054,0.274252,0.105635,0.0772457,0.0186479,0.0651491,0.0849918,SIRA,1,SIRA
1.42462,1.76698,1.02457,1.67231,-0.00178841,0.277707,1.44828,1.43278,-1.73218,-1.61268,-2.19964,-0.112687,-1.53803,-0.767903,-0.152475,0.244995,BARBUNYA,1,unknown
-0.145843,-0.229258,-0.4032,0.464305,-0.85631,-0.712373,-0.152829,-0.0759987,0.375952,0.513012,0.831218,0.835474,-0.580042,0.479012,0.820773,0.0142776,SIRA,1,SEKER
-1.31605,-1.46942,-1.29618,-1.51539,-0.59984,-0.351136,-1.31608,-1.50106,-0.291042,0.725986,0.95791,0.551496,1.77675,1.23173,0.521618,0.917985,DERMASON,1,DERMASON
-1.36539,-1.4653,-1.26856,-1.71713,-0.359493,-0.0683332,-1.35668,-1.57062,-0.866433,-0.408802,0.439287,0.25967,2.1439,1.00757,0.221022,0.198068,DERMASON,1,DERMASON
1.6753,1.71907,1.14136,2.00315,-0.0924939,0.197153,1.67415,1.64704,0.679662,-0.407456,-1.24127,-0.0289179,-1.74835,-0.783125,-0.0694316,-0.0411253,BARBUNYA,1,CALI
3.00198,3.10616,2.17802,2.80029,0.4412,0.615244,3.01518,2.69618,-1.25597,-1.0999,-2.6325,-0.528507,-2.22709,-1.27326,-0.556252,0.385927,BARBUNYA,1,unknown
2.23478,2.18789,1.50842,2.47421,-0.0112904,0.269475,2.23867,2.10552,-0.669649,-0.699325,-1.42052,-0.0988011,-2.04554,-0.940385,-0.138749,0.406884,BARBUNYA,1,unknown
7.79916,5.14484,4.04819,6.98413,-0.16936,0.125285,7.73853,5.7484,1.28883,0.418711,-0.296942,0.063095,-3.83469,-1.5075,0.0224414,0.425233,BOMBAY,1,unknown
0.331268,0.39068,0.376563,0.308567,0.241524,0.473553,0.332674,0.418456,0.565691,-0.286856,-0.243522,-0.33767,-0.456756,-0.569236,-0.372686,0.654909,BARBUNYA,1,SIRA
-1.08036,-1.08444,-1.00333,-1.1979,-0.415517,-0.130146,-1.07,-1.18184,1.12045,-0.705822,0.129716,0.294505,1.36068,0.732141,0.25654,-0.75801,DERMASON,1,DERMASON
0.099183,0.514582,1.00509,-0.998818,2.4845,1.48997,0.0972492,0.182668,1.61425,0.0173134,-1.90829,-2.05006,1.08179,-1.41812,-1.91397,-0.82144,HOROZ,1,HOROZ
-0.86338,-1.00074,-1.235,-0.0635384,-1.59538,-2.34834,-0.865689,-0.904731,0.81086,0.57334,1.26778,1.89187,-0.088428,2.06945,1.99116,0.647667,SEKER,1,SEKER
-0.641478,-0.63117,-0.537599,-0.700856,-0.151079,0.142691,-0.644143,-0.635409,-0.629916,0.447061,0.30211,0.04686,0.640693,0.174384,0.00618108,0.525907,DERMASON,1,DERMASON
-0.0352198,0.0260026,0.126644,-0.177817,0.324797,0.534551,-0.0359238,0.0420954,-0.226637,-0.0235176,-0.074036,-0.413077,0.0288989,-0.472713,-0.445574,0.741769,SIRA,1,SIRA
-0.0045423,0.0300007,0.102687,-0.0513441,0.183334,0.429196,-0.0113936,0.0744555,0.022099,0.425242,0.0650265,-0.291535,-0.0896909,-0.407397,-0.327866,0.314711,SIRA,1,SIRA
-0.861935,-0.946867,-1.08776,-0.339669,-1.21657,-1.36532,-0.856974,-0.902933,0.65982,-0.188031,0.881601,1.30204,0.242971,1.46015,1.3265,-0.288208,DERMASON,1,DERMASON
-0.704606,-0.826555,-0.954557,-0.142503,-1.16778,-1.26425,-0.707857,-0.7107,0.642292,0.547633,1.19857,1.27381,-0.0181245,1.279,1.2954,1.01342,SEKER,1,SEKER
1.09282,1.38477,0.953934,1.09525,0.327089,0.53619,1.1279,1.13965,-1.13385,-2.2664,-1.78953,-0.426429,-1.11952,-0.854791,-0.458431,0.315754,BARBUNYA,1,unknown
-0.821404,-0.823511,-0.713309,-0.932704,-0.206479,0.0893205,-0.820825,-0.852758,-0.848718,0.243548,0.319274,0.107738,0.935259,0.351111,0.067264,0.635884,DERMASON,1,DERMASON
1.68633,1.77062,1.23217,1.85103,0.101953,0.36462,1.69223,1.65634,-0.454323,-0.744382,-1.41196,-0.205497,-1.66731,-0.880321,-0.243816,0.597118,BARBUNYA,1,unknown
-0.522841,-0.521878,-0.493376,-0.450294,-0.300895,-0.00609666,-0.526979,-0.496571,0.59393,0.50499,0.378875,0.214262,0.328185,0.226159,0.174872,0.852192,SIRA,1,DERMASON
0.161392,0.424519,0.796518,-0.657902,1.75157,1.26182,0.153862,0.246707,-1.45722,0.391699,-1.20004,-1.54943,0.585193,-1.19154,-1.48801,0.589603,HOROZ,1,HOROZ
1.36162,1.50614,0.818088,1.89073,-0.362429,-0.0715149,1.36662,1.37799,0.914504,-0.669768,-1.38209,0.261214,-1.6808,-0.537701,0.222594,0.138424,BARBUNYA,1,unknown
0.317013,0.678769,0.0813706,0.776737,-0.4728,-0.195819,0.361465,0.404214,-0.203473,-3.14503,-1.71067,0.388388,-0.861838,-0.091115,0.352755,0.304001,BARBUNYA,1,unknown
-1.41255,-1.55208,-1.29607,-1.84696,-0.275471,0.0201722,-1.40742,-1.6381,-0.837029,0.112648,0.668472,0.182741,2.35055,0.991498,0.142935,0.700576,DERMASON,1,DERMASON
0.259665,0.644653,0.778898,-0.415375,1.45695,1.14873,0.267476,0.346607,-2.56297,-0.706356,-1.80006,-1.34943,0.308161,-1.11714,-1.31215,0.291954,HOROZ,1,HOROZ
-0.00881219,0.0241211,-0.169217,0.423537,-0.535645,-0.270917,-0.0135239,0.0699613,-1.03397,0.266882,0.0759965,0.435216,-0.524206,0.0965498,0.401014,-0.561788,SIRA,1,SIRA
1.71366,1.93543,0.96145,2.36517,-0.494595,-0.221492,1.71831,1.67933,-0.260486,-0.687612,-1.95916,0.418894,-1.98468,-0.540476,0.384173,0.512098,BARBUNYA,1,unknown
1.43395,1.47256,0.789612,2.08478,-0.508363,-0.237911,1.4477,1.44086,0.647945,-1.11652,-1.00316,0.431016,-1.81131,-0.457033,0.396679,0.387738,BARBUNYA,1,unknown
1.80129,1.97392,1.30818,1.98076,0.0965296,0.360207,1.83876,1.75258,-1.18353,-2.20974,-1.84659,-0.216232,-1.7352,-0.911378,-0.254335,0.000938404,BARBUNYA,1,unknown
0.0549076,0.443175,0.898341,-0.976359,2.29194,1.4363,0.0461877,0.136701,-2.13028,0.532411,-1.77718,-1.9257,1.03808,-1.34775,-1.81006,-0.491043,HOROZ,1,HOROZ
-0.0404093,-0.179516,-0.454833,0.83354,-1.15085,-1.23024,-0.0531594,0.0366048,0.134817,0.892809,1.12394,1.24006,-0.920145,0.743488,1.2583,0.663072,SEKER,1,SEKER
5.76683,3.92183,2.70315,6.42017,-0.88757,-0.761491,5.71853,4.56084,-0.0856099,0.462258,0.251803,0.892656,-3.67822,-0.985523,0.881804,0.624166,BOMBAY,1,unknown
1.58379,1.50535,1.08234,1.88539,-0.0794177,0.209043,1.58087,1.56951,0.904859,-0.306554,-0.64664,-0.0228031,-1.69179,-0.757805,-0.0633474,0.671834,BARBUNYA,1,CALI
0.238644,0.830921,1.12393,-0.817115,2.42699,1.47436,0.25392,0.325366,-3.39152,-1.2153,-2.69095,-2.04111,0.882595,-1.44833,-1.90653,-1.93024,HOROZ,1,HOROZ
0.0279088,0.0448244,0.0164268,0.171992,-0.112001,0.179238,0.0199146,0.108508,-0.0780122,0.493371,0.151054,-0.00203047,-0.311129,-0.229473,-0.0426562,0.212347,SIRA,1,SIRA
1.4662,1.60866,1.51184,1.0906,0.976051,0.928751,1.4874,1.46873,1.0143,-1.48624,-1.45769,-1.03035,-1.06009,-1.24507,-1.02485,-1.54932,CALI,1,CALI
0.996516,1.53149,0.883133,0.999329,0.317038,0.528987,1.01235,1.05237,0.477509,-1.23073,-2.67969,-0.414668,-1.04687,-0.822703,-0.447107,0.409523,BARBUNYA,1,unknown
-1.122,-1.23821,-1.15941,-1.09376,-0.750822,-0.555256,-1.11996,-1.23677,0.102299,0.288918,0.919421,0.723367,1.15553,1.17294,0.701892,0.636413,DERMASON,1,DERMASON
1.35157,1.67348,0.963615,1.68373,-0.07534,0.212731,1.42117,1.36921,0.0129437,-3.92973,-2.07462,-0.0808061,-1.50258,-0.731524,-0.120938,-1.30138,BARBUNYA,1,unknown
-0.431268,-0.165301,0.104801,-1.0363,1.14817,1.01319,-0.4235,-0.391647,-0.327559,-0.588831,-1.17635,-1.1764,1.18132,-0.777768,-1.15738,-2.01483,HOROZ,1,unknown
1.93372,1.95235,1.26814,2.31659,-0.156452,0.137596,1.92746,1.86203,1.47221,-0.213167,-1.38013,0.0316171,-1.93656,-0.809585,-0.00906612,-0.232529,BARBUNYA,1,unknown
-0.424896,-0.535643,-0.899829,0.629803,-1.57065,-2.27052,-0.431182,-0.384416,0.375259,0.630141,1.10674,1.85627,-0.750257,1.58628,1.95025,0.74983,SEKER,1,SEKER
-0.431662,-0.404797,-0.279211,-0.535381,0.0761585,0.343505,-0.433506,-0.392095,-0.993507,0.246597,0.215343,-0.190448,0.450854,-0.12984,-0.229052,0.219716,DERMASON,1,DERMASON
-0.545307,-0.562081,-0.40244,-0.659871,0.00974961,0.287641,-0.552026,-0.522605,0.549012,0.756222,0.4928,-0.111526,0.583018,-0.00662159,-0.151328,0.713139,DERMASON,1,DERMASON
7.79732,5.44707,5.00213,5.73933,1.10397,0.992158,7.80579,5.74738,1.50058,-1.0164,-1.14071,-1.16361,-3.39902,-1.91083,-1.14584,-2.86181,BOMBAY,1,unknown
1.92196,1.87709,1.52211,1.87114,0.396003,0.584521,1.91138,1.85237,-1.38912,-0.0144532,-1.12111,-0.493049,-1.66917,-1.07619,-0.522369,0.181034,BARBUNYA,1,CALI
0.916307,1.51095,0.850121,0.881794,0.368141,0.565201,0.938828,0.978881,0.324925,-1.61037,-2.86711,-0.462497,-0.951129,-0.82715,-0.493092,0.377823,BARBUNYA,1,unknown
2.31676,2.30618,1.33649,3.0021,-0.480528,-0.204877,2.34118,2.17061,-0.537241,-1.56384,-1.63276,0.351248,-2.29248,-0.720712,0.314607,-1.31798,BARBUNYA,1,unknown
8.41179,5.26078,4.20835,7.52598,-0.277668,0.0179191,8.31983,6.08401,-0.0106389,0.956067,0.232219,0.176843,-3.97678,-1.50749,0.136968,0.402785,BOMBAY,1,unknown
1.07955,1.17465,1.02725,0.958414,0.517522,0.665457,1.07645,1.12768,-0.0377022,-0.19492,-0.947559,-0.599712,-1.00976,-0.944401,-0.623985,0.262823,BARBUNYA,1,CALI
-0.284187,-0.278875,-0.263909,-0.176956,-0.206429,0.0893695,-0.289876,-0.226933,1.23628,0.48941,0.32934,0.105049,0.034978,0.00181446,0.0645603,0.540173,SIRA,1,SIRA
1.7806,1.63844,1.58713,1.59758,0.662866,0.755659,1.79855,1.73534,-1.16922,-1.31246,-0.578181,-0.784762,-1.42254,-1.18975,-0.798088,-2.01662,CALI,1,CALI
2.84222,2.35661,2.11681,2.63557,0.487756,0.646118,2.81403,2.57644,0.216472,0.487212,-0.43398,-0.579657,-2.12739,-1.27266,-0.60495,0.020428,BARBUNYA,1,CALI
1.68265,2.2624,1.12549,2.02331,-0.121805,0.170152,1.71476,1.65324,-0.846355,-1.98439,-3.17805,0.0146575,-1.77444,-0.761086,-0.0260082,0.454217,BARBUNYA,1,unknown
9.81153,6.15069,4.88151,8.28719,-0.135655,0.157222,9.8314,6.81856,0.196695,-1.23278,-0.438123,-0.0197771,-4.13241,-1.6573,-0.0603355,-1.32126,BOMBAY,1,unknown
-1.14224,-1.22859,-1.06562,-1.33308,-0.390922,-0.102723,-1.1423,-1.26368,0.0741697,0.55758,0.667412,0.31057,1.49815,0.807776,0.272954,0.784131,DERMASON,1,DERMASON
2.4243,2.48887,1.3466,3.14003,-0.544071,-0.281238,2.42762,2.25524,1.52857,-0.69095,-1.99702,0.456084,-2.39162,-0.686581,0.422577,-0.167002,BARBUNYA,1,unknown
0.892133,1.16102,0.87689,0.805021,0.460155,0.627907,0.911328,0.956585,0.468821,-1.4244,-1.5698,-0.556385,-0.875206,-0.872097,-0.58282,-0.0304634,BARBUNYA,1,CALI
0.77146,0.735422,0.498557,1.1309,-0.223914,0.0721338,0.757627,0.84424,0.547557,0.520825,-0.0767296,0.117904,-1.14779,-0.442643,0.0774939,0.338157,BARBUNYA,1,SIRA
6.84468,4.64824,3.72106,6.29516,-0.108138,0.182803,6.79386,5.20598,1.4683,0.344823,-0.254864,-0.0302855,-3.61694,-1.47212,-0.0707919,-0.675524,BOMBAY,1,unknown
-0.552336,-0.457008,-1.00961,0.465867,-1.61422,-2.40924,-0.540987,-0.530774,0.345244,-0.886969,-0.217402,1.92673,-0.606883,1.77408,2.03133,0.809157,SEKER,1,SEKER
1.82303,1.92389,0.979313,2.66815,-0.644497,-0.409164,1.86942,1.77065,-0.328728,-2.61097,-1.59509,0.523527,-2.09727,-0.507712,0.492509,-1.88523,BARBUNYA,1,unknown
-0.353819,-0.334753,-0.224759,-0.408718,0.0418177,0.314892,-0.354106,-0.304346,0.743103,0.0743792,0.257158,-0.162868,0.311404,-0.152663,-0.201948,-0.0097493,SIRA,1,SIRA
-0.923224,-0.974487,-0.928445,-0.864157,-0.590243,-0.338909,-0.921011,-0.97971,0.243123,0.134846,0.60364,0.526786,0.852162,0.792413,0.495898,0.443216,DERMASON,1,DERMASON
1.52775,1.5594,1.08704,1.80248,-0.0206139,0.261351,1.54272,1.52165,0.556145,-1.17646,-1.05827,-0.107617,-1.61173,-0.79063,-0.147466,-0.262159,BARBUNYA,1,CALI
-1.1515,-1.17408,-0.964138,-1.52657,-0.035967,0.247874,-1.14417,-1.27604,0.275713,-0.326041,0.180188,-0.0711614,1.81203,0.479872,-0.11138,0.512251,DERMASON,1,DERMASON
0.679887,0.752701,0.361079,1.14876,-0.394063,-0.1062,0.681971,0.75779,-0.259374,-0.407818,-0.54105,0.30678,-1.16703,-0.29076,0.26908,0.524772,BARBUNYA,1,SIRA
0.914731,1.07679,1.06434,0.672177,0.79516,0.832091,0.918106,0.977429,-2.0863,-0.52478,-1.12102,-0.911645,-0.679839,-1.06578,-0.915855,-2.64155,HOROZ,1,HOROZ
-0.553058,-0.693543,-0.932268,0.290612,-1.41432,-1.82817,-0.560611,-0.531615,0.581253,0.838923,1.33345,1.62498,-0.450128,1.47653,1.68691,0.971639,SEKER,1,SEKER
1.09774,1.41508,0.612171,1.69755,-0.464082,-0.185656,1.14004,1.14408,-0.936532,-2.65088,-1.89467,0.358316,-1.53688,-0.400338,0.321858,-0.414417,BARBUNYA,1,unknown
1.85135,2.01162,1.3654,1.96044,0.169965,0.418794,1.86652,1.79412,1.02258,-1.18295,-1.84189,-0.270122,-1.73933,-0.949943,-0.307003,0.637884,BARBUNYA,1,unknown
1.40176,1.62086,1.08271,1.51405,0.169649,0.418548,1.39644,1.41294,0.159038,-0.150419,-1.71211,-0.268139,-1.44092,-0.84701,-0.305069,0.700845,BARBUNYA,1,unknown
1.64475,1.5173,0.867642,2.41962,-0.619361,-0.376271,1.64401,1.62125,1.10801,-0.421937,-0.497631,0.542468,-1.99833,-0.449157,0.512214,-0.197868,BARBUNYA,1,unknown
8.41613,5.65111,4.81948,6.73958,0.470008,0.634439,8.404,6.08636,1.31283,-0.619955,-0.861066,-0.628836,-3.71462,-1.77981,-0.651571,-2.46116,BOMBAY,1,unknown
-0.134938,0.148369,0.562083,-1.00417,1.81281,1.2836,-0.135206,-0.0642578,-1.09977,-0.0190337,-1.2464,-1.59691,1.04315,-1.12593,-1.52928,0.342988,HOROZ,1,HOROZ
1.43027,1.28534,0.85167,1.96825,-0.374275,-0.0844177,1.41742,1.43767,0.328831,0.224586,-0.193623,0.281142,-1.73759,-0.5451,0.242904,0.387003,BARBUNYA,1,CALI
-0.536307,-0.460045,-0.325819,-0.681764,0.141262,0.396192,-0.499802,-0.512162,0.290147,-3.12972,-0.0973233,-0.307999,0.704902,-0.154738,-0.34388,-1.80279,DERMASON,1,unknown
1.12967,1.16119,0.949447,1.23018,0.222369,0.459114,1.12235,1.17277,-0.556586,0.022896,-0.705333,-0.363859,-1.18396,-0.830271,-0.398053,-1.00771,CALI,1,CALI
-1.29667,-1.4874,-1.51812,-1.00393,-1.37468,-1.72774,-1.29374,-1.47401,0.418982,0.316619,1.29913,1.554,1.03406,2.27492,1.60697,0.566199,DERMASON,1,DERMASON
10.94,6.68878,5.58033,8.53157,0.205717,0.446432,10.979,7.382,1.80272,-1.53055,-0.52424,-0.36991,-4.17999,-1.82037,-0.403906,-1.82242,BOMBAY,1,unknown
2.90739,2.46961,2.15701,2.68706,0.49358,0.649926,2.87284,2.62548,-1.10843,0.712191,-0.698106,-0.584842,-2.15603,-1.28449,-0.609875,0.0199384,BARBUNYA,1,CALI
1.91021,1.89925,1.01835,2.67418,-0.609629,-0.363697,1.92797,1.8427,0.857814,-1.29964,-1.24314,0.5484,-2.15862,-0.515418,0.518393,0.408241,BARBUNYA,1,unknown
-1.03904,-1.08773,-0.933542,-1.22191,-0.283022,0.0124158,-1.03682,-1.12792,-0.996643,0.20886,0.493475,0.185666,1.34389,0.597748,0.145895,0.514118,DERMASON,1,DERMASON
-0.574605,-0.615468,-0.761593,-0.0821465,-0.94931,-0.862228,-0.576814,-0.556734,0.872584,0.361444,0.65014,0.948378,-0.0413032,0.870402,0.941532,-0.15858,SEKER,1,DERMASON
1.97452,1.76942,1.66609,1.80738,0.59431,0.713965,1.97645,1.89545,0.378558,-0.589342,-0.524708,-0.702801,-1.59123,-1.18697,-0.721319,-1.12228,CALI,1,CALI
-0.699745,-0.753218,-0.697134,-0.594973,-0.472527,-0.195499,-0.701337,-0.704866,1.16973,0.382355,0.717131,0.392838,0.512891,0.492854,0.357333,0.472735,DERMASON,1,DERMASON
1.06503,1.23477,0.675665,1.54381,-0.298275,-0.00336868,1.09647,1.11457,0.191933,-2.07665,-1.2616,0.156556,-1.41025,-0.513207,0.116465,-1.12192,BARBUNYA,1,unknown
-0.480799,-0.614299,-0.801297,0.248462,-1.22068,-1.37404,-0.490119,-0.448164,0.46427,0.940407,1.27385,1.34046,-0.404171,1.14659,1.36893,0.791066,SEKER,1,SEKER
-0.865351,-1.03098,-1.26069,-0.0200961,-1.65578,-2.549,-0.870014,-0.907183,-0.0536742,0.822628,1.48128,1.99443,-0.140213,2.18284,2.10962,0.851196,SEKER,1,SEKER
2.39474,2.79009,1.92305,2.13872,0.628461,0.73492,2.44821,2.23206,-1.15489,-2.74342,-3.04683,-0.700756,-1.83711,-1.25795,-0.719397,0.0962451,BARBUNYA,1,unknown
2.00539,2.0517,1.41387,2.20567,0.0607836,0.330767,2.01293,1.92065,0.730895,-0.842041,-1.55148,-0.180162,-1.87679,-0.93585,-0.218951,0.0416106,BARBUNYA,1,unknown
2.93156,2.62627,1.97052,2.98907,0.126756,0.384624,2.93048,2.6436,0.113581,-0.563212,-1.2125,-0.228493,-2.33342,-1.12621,-0.266338,0.637967,BARBUNYA,1,unknown
2.02201,1.99133,1.24502,2.49462,-0.285521,0.00984058,2.04811,1.93418,-0.725617,-1.66315,-1.27425,0.189872,-2.06142,-0.743873,0.150153,0.569127,BARBUNYA,1,unknown
-0.235379,0.0219214,0.378425,-0.916993,1.4299,1.1376,-0.226226,-0.173256,0.643907,-0.738483,-1.10846,-1.39721,1.03591,-0.983082,-1.35446,-2.46484,HOROZ,1,unknown
1.8187,1.95321,1.28276,2.02436,0.0415858,0.314697,1.83334,1.76705,0.985947,-1.15878,-1.71865,-0.14228,-1.78284,-0.876474,-0.181676,0.744601,BARBUNYA,1,unknown
0.915651,1.18071,1.48019,0.00865555,1.95746,1.33286,0.90087,0.978276,0.194264,0.514321,-1.56784,-1.68776,-0.160302,-1.43663,-1.60774,0.576586,HOROZ,1,HOROZ
-0.80058,-0.787376,-0.598043,-1.06365,0.0921829,0.35666,-0.796488,-0.827159,0.634772,-0.126173,0.226005,-0.192341,1.10971,0.0983507,-0.23091,0.732201,DERMASON,1,DERMASON
-1.32998,-1.44197,-1.34454,-1.47063,-0.720719,-0.512708,-1.32531,-1.52059,-0.465782,0.113093,0.599261,0.68892,1.71431,1.38736,0.665568,0.70665,DERMASON,1,DERMASON
-0.170739,-0.281248,-0.315506,0.205877,-0.566758,-0.309338,-0.185558,-0.102889,0.360179,1.1514,1.01417,0.51126,-0.365347,0.240985,0.479761,0.855188,SEKER,1,SEKER
1.48768,1.75008,0.871424,2.07186,-0.415885,-0.13056,1.52206,1.48724,-0.631708,-2.13291,-1.94238,0.316205,-1.79288,-0.540277,0.278716,-0.000315409,BARBUNYA,1,unknown
2.17881,2.09104,1.19881,2.9103,-0.562232,-0.303697,2.18948,2.06079,0.135691,-0.986231,-1.21059,0.483039,-2.27762,-0.617418,0.450482,0.0462779,BARBUNYA,1,unknown
-0.057029,-0.0650768,0.0265529,-0.0568414,0.0862588,0.351811,-0.0632297,0.0189887,0.729364,0.403358,0.334042,-0.200676,-0.0802842,-0.324458,-0.239088,0.206771,SIRA,1,SIRA
-0.757487,-0.879119,-1.12734,0.0504813,-1.5218,-2.12359,-0.757756,-0.774563,0.832456,0.289146,1.18603,1.78518,-0.213513,1.83822,1.86884,0.897939,SEKER,1,SEKER
1.20489,1.34902,0.655419,1.83101,-0.498827,-0.226522,1.21331,1.23993,-0.35774,-0.833977,-1.2575,0.416208,-1.6446,-0.39805,0.381404,0.247199,BARBUNYA,1,unknown
1.62117,1.56028,1.14093,1.88188,-0.0151151,0.266148,1.62748,1.60127,0.298204,-0.759103,-0.758778,-0.0987676,-1.67852,-0.808225,-0.138716,0.266847,BARBUNYA,1,CALI
0.130517,1.0124,0.385557,-0.0198878,0.532917,0.675341,0.234812,0.215003,-2.12749,-7.34202,-3.8186,-0.721469,0.0236956,-0.727421,-0.738852,-3.88299,HOROZ,1,unknown
1.13243,1.36347,0.582518,1.78151,-0.546927,-0.284751,1.15611,1.17525,-0.464369,-1.64774,-1.56702,0.484008,-1.62422,-0.333058,0.451487,0.701077,BARBUNYA,1,unknown
13.2992,7.48296,6.24896,9.99894,0.0555544,0.326408,13.2022,8.49065,1.16279,0.395536,-0.0515707,-0.196869,-4.4977,-1.86079,-0.235354,-0.767556,BOMBAY,1,unknown
0.139451,0.494106,0.959809,-0.869842,2.24877,1.42371,0.143469,0.224193,1.55656,-0.421022,-1.63311,-1.90047,0.898196,-1.35807,-1.78882,-0.555981,HOROZ,1,HOROZ
-1.2792,-1.38339,-1.1444,-1.65366,-0.210585,0.0852901,-1.27534,-1.44975,-0.00310863,0.182149,0.620717,0.11952,2.00461,0.777264,0.0791214,0.90687,DERMASON,1,DERMASON
-0.296997,-0.312451,-0.308699,-0.130431,-0.304215,-0.009559,-0.301301,-0.241099,-0.599682,0.382152,0.460352,0.205028,-0.00941589,0.082474,0.165507,0.390686,DERMASON,1,SIRA
0.547915,0.854723,0.966796,0.0048763,1.2812,1.07393,0.550993,0.631296,-2.40788,-0.443494,-1.55149,-1.26437,-0.0851675,-1.15235,-1.23637,-1.50607,HOROZ,1,HOROZ
8.68461,5.58235,4.40172,7.6217,-0.1877,0.107621,8.69114,6.23057,-0.492441,-0.988202,-0.320236,0.0538188,-3.98383,-1.56843,0.0131482,-0.606916,BOMBAY,1,unknown
2.62222,2.41579,1.73668,2.82229,0.00258725,0.281483,2.62237,2.40884,-0.67865,-0.580629,-1.23053,-0.112668,-2.23948,-1.01927,-0.152456,0.406954,BARBUNYA,1,unknown
0.148188,0.618506,1.03357,-0.897097,2.39456,1.4654,0.151022,0.233167,-1.94882,-0.339068,-2.16161,-2.0222,0.98912,-1.41753,-1.89079,-1.95675,HOROZ,1,HOROZ
1.67359,1.82124,1.00368,2.26229,-0.392425,-0.104386,1.69055,1.6456,-0.795163,-1.26972,-1.6476,0.269781,-1.89086,-0.616161,0.231322,-0.730857,BARBUNYA,1,unknown
1.07186,1.51042,1.77853,-0.0485585,2.41776,1.47182,1.066,1.12074,-3.36579,-0.0406986,-2.35323,-1.98479,-0.0913924,-1.59261,-1.85958,0.280055,HOROZ,1,HOROZ
-1.14861,-1.20738,-1.31311,-0.867152,-1.16489,-1.25841,-1.14236,-1.27218,0.266682,-0.197224,0.451471,1.23603,0.877375,1.72027,1.25388,-0.109405,DERMASON,1,DERMASON
-0.495119,-0.439369,-0.476379,-0.384828,-0.330681,-0.0374309,-0.489474,-0.464607,-0.962313,-0.386527,0.0344282,0.23157,0.272416,0.221757,0.192443,0.315788,SIRA,1,SIRA
7.87267,5.2607,4.54166,6.45257,0.40775,0.592579,7.91411,5.78917,-0.238675,-1.69096,-0.524564,-0.563373,-3.63782,-1.72839,-0.58947,-2.08845,BOMBAY,1,unknown
2.39395,1.9876,1.45471,2.90329,-0.314199,-0.020017,2.37862,2.23144,0.606371,0.0853975,-0.185763,0.193816,-2.26294,-0.820796,0.154147,-0.399409,CALI,1,CALI
-0.00565904,-0.127422,-0.46898,0.965841,-1.245,-1.42638,-0.0122328,0.0732804,0.241675,0.405002,0.993969,1.3652,-1.02233,0.826301,1.39632,0.482388,SEKER,1,SEKER
1.47724,1.51871,1.06228,1.79626,-0.0429949,0.241663,1.50263,1.47824,-0.896428,-1.69273,-1.05375,-0.122441,-1.56965,-0.786362,-0.162107,-1.63096,BARBUNYA,1,CALI
-0.076999,0.0225232,0.0677241,-0.147011,0.218082,0.45586,-0.0719444,-0.00224401,-1.26459,-0.447649,-0.275058,-0.347607,0.0409398,-0.412364,-0.382318,-0.550122,SIRA,1,SIRA
5.70961,3.94792,2.982,5.84396,-0.454908,-0.175029,5.66521,4.52552,0.80246,0.371863,0.0595719,0.366965,-3.4938,-1.21192,0.330737,0.25738,BOMBAY,1,unknown
-0.294632,0.0907964,-0.0603938,-0.530219,0.383921,0.576179,-0.263473,-0.238481,-1.18377,-2.52273,-1.77078,-0.472817,0.433261,-0.39484,-0.502989,0.533114,BARBUNYA,1,unknown
2.47028,2.19645,1.76014,2.62203,0.146596,0.400421,2.52916,2.29117,0.135575,-2.93765,-0.808395,-0.321741,-2.06519,-1.094,-0.357231,-2.12346,CALI,1,CALI
-0.652973,-0.420575,-0.974609,0.072464,-1.33455,-1.63022,-0.635945,-0.649044,0.453204,-1.41171,-1.06545,1.49982,-0.229134,1.44763,1.54622,0.705921,SEKER,1,unknown
0.901002,1.11675,0.730411,1.038,0.110102,0.371225,0.9081,0.964772,-0.41318,-0.735403,-1.34727,-0.220619,-1.07509,-0.686142,-0.258631,0.329168,BARBUNYA,1,CALI
8.03092,5.29021,4.00303,7.57475,-0.431632,-0.148363,8.08685,5.87645,0.337246,-1.97369,-0.386698,0.259941,-3.93749,-1.45126,0.221299,-2.61606,BOMBAY,1,unknown
0.919198,1.14119,1.52724,-0.0107715,2.04092,1.35998,0.912167,0.981542,0.0372402,0.0684594,-1.38608,-1.76435,-0.10824,-1.47109,-1.67336,-0.367296,HOROZ,1,HOROZ
-0.52849,-0.72649,-1.05815,0.647382,-1.77363,-2.99207,-0.539438,-0.503106,0.851697,1.12898,1.74161,2.19087,-0.771591,2.02152,2.3389,0.945854,SEKER,1,SEKER
2.0898,2.08776,1.18768,2.72617,-0.473135,-0.19621,2.10117,1.98916,0.172614,-1.01437,-1.44842,0.397719,-2.19258,-0.644705,0.362358,0.62163,BARBUNYA,1,unknown
0.162903,0.509622,0.903972,-0.771229,2.04329,1.36074,0.163029,0.248254,-2.75827,-0.1515,-1.60086,-1.75639,0.747752,-1.29486,-1.66657,0.0371517,HOROZ,1,HOROZ
6.06277,4.10445,3.18159,6.05044,-0.394859,-0.107083,6.0147,4.74174,0.117995,0.404148,0.170731,0.289255,-3.5519,-1.27929,0.251181,-0.132194,BOMBAY,1,unknown
1.38212,1.43623,1.21075,1.30694,0.461975,0.629116,1.38424,1.39586,1.16805,-0.525699,-1.02291,-0.558887,-1.26918,-0.995495,-0.585202,-0.0640103,BARBUNYA,1,CALI
6.87726,4.82631,4.23766,5.5362,0.63442,0.738538,6.84369,5.22492,0.593441,-0.0532936,-0.734697,-0.727057,-3.37316,-1.72113,-0.744095,-0.724094,BOMBAY,1,unknown
-0.662958,-0.596965,-0.461868,-0.86842,0.113493,0.373964,-0.659442,-0.660915,-1.14635,-0.130202,-0.0632654,-0.233493,0.875885,-0.0242252,-0.271231,-0.0277441,DERMASON,1,DERMASON
-0.269932,-0.332276,-0.580488,0.450835,-1.0691,-1.07313,-0.273737,-0.211207,0.698403,0.326092,0.747277,1.11544,-0.573348,0.789778,1.12211,0.187138,SEKER,1,SEKER
-0.305405,-0.271681,-0.590666,0.366757,-1.02804,-0.998403,-0.295685,-0.250416,0.129011,-0.775065,0.160465,1.06262,-0.497725,0.769465,1.06478,0.240194,SEKER,1,SEKER
-0.0105858,0.0274275,0.0432937,0.0360337,0.0318493,0.306477,-0.0139757,0.0680935,0.547679,0.168566,0.0478131,-0.150345,-0.171607,-0.311816,-0.189621,0.0890481,SIRA,1,SIRA
0.485837,1.03163,0.272817,0.849449,-0.29402,0.00105026,0.519878,0.570986,-0.842615,-2.39599,-2.54298,0.194462,-0.925416,-0.290695,0.154801,0.405486,BARBUNYA,1,unknown
-0.843936,-0.361723,-0.793432,-0.847777,-0.401885,-0.11489,-0.808495,-0.880593,-0.647682,-3.30242,-2.56161,0.30362,0.843835,0.53106,0.26585,0.103552,DERMASON,1,unknown
9.59383,5.98227,5.07304,7.61619,0.255016,0.483631,9.48249,6.70705,1.3799,1.10762,-0.254341,-0.364721,-3.99464,-1.75722,-0.398887,0.113694,BOMBAY,1,unknown
-0.123376,-0.0827227,-0.0312227,-0.137347,0.0760922,0.343451,-0.122683,-0.0518337,-1.09029,-0.0982612,0.0743622,-0.185531,-0.00240411,-0.283739,-0.224224,0.399979,SIRA,1,SIRA
-0.0127536,0.0260717,0.0397146,0.02101,0.0394072,0.312862,-0.0188172,0.06581,-1.03063,0.370299,0.0440903,-0.145357,-0.171997,-0.30752,-0.184707,0.550677,SIRA,1,SIRA
-0.459975,-0.221151,0.169166,-1.2506,1.50041,1.16634,-0.465202,-0.424336,-2.35148,0.560748,-1.03377,-1.3871,1.40578,-0.890437,-1.34552,0.0302452,HOROZ,1,HOROZ
2.60101,2.44611,1.70559,2.82425,-0.0284815,0.25446,2.6083,2.3925,-0.739679,-0.863101,-1.39537,-0.0756832,-2.24586,-0.997334,-0.115862,0.623279,BARBUNYA,1,unknown
2.81411,2.98564,1.71114,3.20035,-0.237137,0.0589701,2.85392,2.5552,-0.913733,-2.11223,-2.6807,0.142376,-2.44315,-0.92678,0.102154,0.717925,BARBUNYA,1,unknown
0.955393,1.15737,1.34797,0.339908,1.4481,1.14511,0.954772,1.01479,0.235378,-0.305369,-1.32364,-1.39789,-0.400492,-1.31283,-1.35506,-1.95592,HOROZ,1,HOROZ
-1.11957,-1.14668,-0.876454,-1.55871,0.143964,0.398336,-1.12145,-1.23355,1.25257,0.753409,0.251774,-0.257408,1.87856,0.294695,-0.294599,0.178931,DERMASON,1,DERMASON
-0.434027,-0.487776,-0.428654,-0.301322,-0.331895,-0.0387217,-0.436476,-0.394781,0.913522,0.300667,0.729894,0.237019,0.173315,0.187603,0.19798,0.464112,DERMASON,1,DERMASON
1.20607,1.27949,0.580444,1.95167,-0.649299,-0.415515,1.22138,1.24098,0.675759,-1.19788,-0.955473,0.601755,-1.73383,-0.282435,0.574086,0.642622,BARBUNYA,1,unknown
1.1434,1.45592,1.77171,0.152964,2.18377,1.40434,1.14049,1.18508,-2.39039,-0.219363,-1.90387,-1.88417,-0.231498,-1.56334,-1.77508,-1.60096,HOROZ,1,HOROZ
8.74957,5.46825,4.26327,7.913,-0.388632,-0.100192,8.68584,6.26521,0.331661,0.352115,0.0901757,0.281094,-4.06279,-1.49176,0.242855,-0.178586,BOMBAY,1,unknown
1.05505,1.29997,0.687698,1.44217,-0.218792,0.0772027,1.07368,1.10554,-0.753755,-1.38205,-1.57222,0.113095,-1.38009,-0.536227,0.0726543,0.359764,BARBUNYA,1,unknown
-0.450909,-0.590566,-0.7118,0.164197,-1.05076,-1.03943,-0.461651,-0.413994,0.769943,1.04181,1.31004,1.10488,-0.318098,0.911832,1.11064,0.651493,SEKER,1,SEKER
0.642247,0.859171,1.11694,-0.0739652,1.56095,1.19031,0.627036,0.721945,-0.901335,0.664796,-1.19455,-1.41288,-0.0810279,-1.24931,-1.36829,0.748387,HOROZ,1,HOROZ
7.63704,4.7272,3.6457,7.48543,-0.634376,-0.395846,7.54661,5.65801,0.673067,1.07655,0.738049,0.568112,-3.96103,-1.30333,0.538942,0.0824241,BOMBAY,1,unknown
-1.20911,-0.671726,-0.999427,-1.65183,0.0344431,0.308671,-1.16831,-1.35365,-0.921792,-4.37738,-3.34067,-0.14286,2.02093,0.472824,-0.182247,0.461196,DERMASON,1,unknown
-0.369256,-0.029031,0.311182,-1.2223,1.6912,1.23981,-0.370438,-0.321645,-1.44503,0.157563,-1.55622,-1.51643,1.35583,-1.00006,-1.45922,0.234649,HOROZ,1,HOROZ
5.86287,3.93517,2.91308,6.19151,-0.648297,-0.414189,5.78573,4.61988,0.466656,1.18167,0.381801,0.594403,-3.60595,-1.12982,0.566398,0.42724,BOMBAY,1,unknown
-0.0741743,-0.0669721,0.027127,-0.112949,0.134185,0.390561,-0.0830475,0.000763657,0.968724,0.617692,0.251665,-0.237141,-0.0345339,-0.340951,-0.274798,0.583416,SIRA,1,SIRA
-0.713803,-0.789368,-1.09072,0.114538,-1.51259,-2.09684,-0.714054,-0.721754,0.764172,0.260279,0.867349,1.77195,-0.278424,1.77862,1.85374,0.92739,SEKER,1,SEKER
0.99737,1.41506,1.72297,-0.103501,2.40658,1.46873,0.99344,1.05315,-2.86355,-0.128834,-2.23403,-1.98924,-0.0171167,-1.58144,-1.8633,-0.208882,HOROZ,1,HOROZ
0.833932,0.958807,1.0363,0.513493,0.897357,0.887755,0.838319,0.90262,0.495312,-0.570881,-0.89642,-0.972902,-0.566962,-1.07708,-0.972244,-1.77217,HOROZ,1,HOROZ
2.50457,2.09613,1.90803,2.36623,0.457818,0.626353,2.48261,2.31786,0.583266,0.331657,-0.315847,-0.557016,-1.96859,-1.21018,-0.58342,-0.134581,CALI,1,CALI
-0.614347,-0.792619,-1.01362,0.277514,-1.51042,-2.09056,-0.623938,-0.603359,0.789291,1.08207,1.61079,1.7629,-0.430305,1.66968,1.84342,0.744062,SEKER,1,SEKER
1.28004,1.51736,1.27924,0.992916,0.785471,0.826665,1.28574,1.30644,-1.27691,-0.697577,-1.69586,-0.830391,-1.03616,-1.10985,-0.84059,0.222474,BARBUNYA,1,CALI
0.80575,1.16576,1.42829,-0.144069,2.05522,1.36454,0.801265,0.876344,-2.85744,-0.0456882,-1.90411,-1.74667,-0.00845813,-1.44067,-1.65825,0.781359,HOROZ,1,HOROZ
-0.648507,-0.838259,-1.00519,0.145571,-1.42002,-1.84297,-0.659377,-0.643742,0.41767,1.23721,1.69757,1.63019,-0.306959,1.57094,1.6928,0.865755,SEKER,1,SEKER
0.931679,1.0826,0.75618,1.05175,0.130036,0.387249,0.933147,0.993023,-1.32668,-0.419109,-1.08352,-0.231814,-1.09494,-0.701581,-0.269588,0.632509,BARBUNYA,1,unknown
1.76457,1.90803,0.928906,2.5246,-0.61617,-0.372138,1.79583,1.72196,0.604772,-1.9311,-1.707,0.56209,-2.07985,-0.469737,0.53266,0.619568,BARBUNYA,1,unknown
1.28628,1.20731,0.541711,2.21092,-0.834744,-0.679191,1.28057,1.31194,0.128327,-0.103663,-0.34818,0.821286,-1.89073,-0.167613,0.805672,0.450794,BARBUNYA,1,unknown
0.0428863,-0.120885,-0.332345,0.823958,-0.998866,-0.946884,0.0275965,0.124163,-0.257949,1.02563,1.22366,1.03408,-0.909321,0.525723,1.03389,0.568247,SEKER,1,SEKER
-0.0304244,0.113983,0.121004,-0.154774,0.296931,0.514454,-0.0364402,0.0471647,-0.995413,0.375625,-0.534634,-0.389366,0.00707211,-0.459544,-0.422705,0.661349,SIRA,1,SIRA
1.59384,1.62896,1.72223,1.00496,1.29339,1.07932,1.59766,1.57806,0.880407,-0.635756,-1.13245,-1.25114,-1.02094,-1.36975,-1.22453,-0.601273,CALI,1,CALI
-1.11084,-1.20444,-1.09714,-1.17636,-0.582647,-0.32929,-1.10654,-1.22198,-0.282232,0.0135453,0.757465,0.529617,1.26417,0.977192,0.498842,0.852879,DERMASON,1,DERMASON
3.43593,3.36804,2.02207,3.79936,-0.275262,0.0203859,3.49022,3.01366,-0.8392,-2.51307,-2.50004,0.17367,-2.71921,-1.01435,0.133758,0.381195,BARBUNYA,1,unknown
0.275562,0.491478,0.104102,0.6321,-0.344636,-0.0523247,0.282258,0.362626,0.906294,-0.632679,-1.00905,0.248685,-0.740852,-0.168817,0.209842,0.385456,BARBUNYA,1,unknown
-0.717416,-0.709225,-0.686248,-0.658558,-0.404194,-0.117465,-0.712569,-0.726102,0.664215,-0.236369,0.29443,0.309401,0.599823,0.437325,0.271759,0.218685,DERMASON,1,DERMASON
-1.19275,-1.22511,-1.02527,-1.56524,-0.098853,0.191337,-1.18852,-1.33149,-0.111141,0.0733445,0.198016,-3.74536e-05,1.86346,0.580944,-0.0406692,0.778797,DERMASON,1,DERMASON
8.65413,5.62693,4.52336,7.38971,-0.0144526,0.266725,8.62503,6.21428,0.374165,-0.304337,-0.483627,-0.126413,-3.92253,-1.62868,-0.166028,-0.726996,BOMBAY,1,unknown
-0.327017,-0.302089,-0.37946,-0.0741961,-0.443029,-0.161366,-0.32325,-0.274431,0.899827,-0.276578,0.217379,0.344265,-0.0524489,0.204692,0.307448,-0.0767061,SIRA,1,SIRA
8.44076,5.36369,4.60546,6.94365,0.230066,0.464934,8.37489,6.09966,1.17718,0.434611,-0.0290748,-0.345244,-3.81547,-1.68961,-0.380028,-0.0365893,BOMBAY,1,unknown
-0.00335987,0.130024,0.0949243,-0.00661622,0.135395,0.391525,-0.00739131,0.0756995,-1.65846,0.213428,-0.483202,-0.26936,-0.105398,-0.393464,-0.30626,-0.574868,SIRA,1,SIRA
7.81789,5.0357,4.09059,7.02795,-0.158309,0.13583,7.79604,5.7588,0.914534,-0.390528,0.0521219,0.0135076,-3.8222,-1.52675,-0.0271561,-0.96112,BOMBAY,1,unknown
-0.568233,-0.743015,-0.941331,0.26241,-1.40886,-1.81407,-0.576749,-0.549294,0.47238,0.940499,1.58042,1.61653,-0.42302,1.48218,1.67737,0.960505,SEKER,1,SEKER
0.0854537,0.0987858,0.0455678,0.250963,-0.135823,0.157064,0.0822084,0.168449,-0.683772,0.11763,0.143347,0.035493,-0.403164,-0.23,-0.00519088,0.68742,SIRA,1,SIRA
-1.10716,-1.16132,-0.884068,-1.51474,0.0852055,0.350947,-1.10731,-1.21712,-0.269276,0.537137,0.464783,-0.19351,1.79626,0.336714,-0.232057,0.434946,DERMASON,1,DERMASON
2.68095,2.36016,1.92079,2.7185,0.243657,0.475152,2.69119,2.45389,-1.35368,-0.98213,-0.870667,-0.394823,-2.1372,-1.16378,-0.427972,-1.41823,CALI,1,CALI
0.737564,1.06503,0.754647,0.637245,0.446495,0.618795,0.756078,0.812363,-0.217926,-1.39615,-1.73291,-0.527848,-0.751819,-0.81277,-0.555624,0.593146,BARBUNYA,1,unknown
-0.818119,-0.87122,-0.810083,-0.759529,-0.501358,-0.229538,-0.818501,-0.848712,-0.0498605,0.34003,0.674477,0.433614,0.705468,0.620389,0.399361,0.761481,DERMASON,1,DERMASON
1.39999,1.57187,1.23503,1.28123,0.508716,0.659768,1.40613,1.4114,0.907166,-0.731693,-1.52315,-0.583996,-1.2684,-1.01242,-0.609071,0.567746,BARBUNYA,1,CALI
1.713,1.81561,1.1272,2.09412,-0.164257,0.130164,1.71844,1.67877,-0.52787,-0.724729,-1.50671,0.0505557,-1.81114,-0.748635,0.00988066,0.161979,BARBUNYA,1,unknown
-0.163776,-0.358928,-0.710051,1.00246,-1.54777,-2.20063,-0.173615,-0.0953561,0.864423,0.749705,1.56384,1.82617,-1.0648,1.34355,1.91573,0.925953,SEKER,1,SEKER
-0.90332,-0.936228,-0.826866,-0.955487,-0.358569,-0.067333,-0.902678,-0.954654,1.55048,0.290411,0.485899,0.240868,1.00775,0.52691,0.201892,-0.438621,DERMASON,1,DERMASON
-0.258962,-0.397381,-0.700405,0.716347,-1.37719,-1.73397,-0.266701,-0.199132,0.592399,0.642655,1.23611,1.55498,-0.816202,1.16754,1.60807,0.478624,SEKER,1,SEKER
2.6935,2.62305,1.87558,2.7371,0.188237,0.43299,2.69086,2.46349,0.704227,-0.478286,-1.78574,-0.298706,-2.18862,-1.12082,-0.334843,0.221279,BARBUNYA,1,unknown
8.57392,5.46761,4.3147,7.55095,-0.217237,0.0787379,8.5009,6.17131,0.0758534,0.555983,-0.145467,0.115186,-3.98465,-1.53995,0.0747578,0.495006,BOMBAY,1,unknown
1.0626,1.10364,1.05963,0.874489,0.622473,0.731273,1.04366,1.11237,0.500697,0.685295,-0.691389,-0.690537,-0.942549,-0.98793,-0.709785,0.29236,CALI,1,CALI
9.08322,6.00658,4.82177,7.61462,0.090765,0.355501,9.25307,6.44166,-0.463462,-3.96608,-0.947187,-0.297038,-3.93752,-1.70938,-0.333221,-3.20007,BOMBAY,1,unknown
-0.675505,-0.735434,-0.736565,-0.451436,-0.643194,-0.407443,-0.67997,-0.675867,1.31156,0.643903,0.766757,0.588861,0.344231,0.638773,0.560605,0.4442,DERMASON,1,DERMASON
0.87801,0.954152,0.745495,0.984869,0.166772,0.416299,0.867238,0.943526,0.876117,0.297795,-0.704129,-0.289925,-1.01648,-0.719192,-0.326298,-0.217614,CALI,1,CALI
-1.21509,-1.19832,-1.01856,-1.63096,-0.0199349,0.261944,-1.20543,-1.36177,-1.36154,-0.586947,-0.191811,-0.0981541,2.0011,0.517228,-0.138109,0.111433,DERMASON,1,DERMASON
-0.310923,0.0850482,0.503341,-1.30866,2.1094,1.38156,-0.305949,-0.256539,-2.55771,-0.38168,-1.82627,-1.80842,1.50909,-1.17882,-1.71091,-0.372313,HOROZ,1,HOROZ
2.38942,2.39823,1.29077,3.14621,-0.59939,-0.350561,2.40638,2.22788,0.430446,-1.25144,-1.77066,0.535577,-2.40782,-0.635297,0.505042,0.377876,BARBUNYA,1,unknown
1.26861,1.50783,1.21628,1.23281,0.524128,0.669708,1.33667,1.29636,-0.548662,-3.90545,-1.69535,-0.721855,-1.09061,-1.05284,-0.739215,-4.18999,BARBUNYA,1,CALI
2.47015,2.18103,1.949,2.27893,0.558118,0.691346,2.5005,2.29107,-0.418986,-1.79151,-0.748843,-0.666656,-1.89537,-1.25461,-0.68729,-0.941369,CALI,1,CALI
-0.311843,-0.334753,-0.282445,-0.190801,-0.22045,0.0755631,-0.316536,-0.25756,1.13097,0.422943,0.510279,0.09525,0.0809811,0.00994953,0.0547097,-0.350026,SIRA,1,SIRA
-0.270458,-0.296479,-0.28964,-0.0923445,-0.308525,-0.0140653,-0.279353,-0.211786,1.25927,0.745492,0.519279,0.210191,-0.0501849,0.0713594,0.170742,0.409176,DERMASON,1,SIRA
1.72167,2.0539,1.48452,1.58307,0.561448,0.693445,1.75091,1.68605,-0.690102,-1.84333,-2.36482,-0.662851,-1.45033,-1.11979,-0.683702,-0.683109,BARBUNYA,1,unknown
0.536288,0.621979,0.526235,0.558196,0.229115,0.464217,0.521105,0.62004,-1.52685,0.71703,-0.50569,-0.337268,-0.671097,-0.640203,-0.372297,0.229492,SEKER,1,SIRA
2.13506,2.55646,1.83174,1.78859,0.785086,0.826449,2.18244,2.02566,-0.679043,-2.56419,-2.94865,-0.821224,-1.62533,-1.26983,-0.832064,0.56964,BARBUNYA,1,unknown
0.0288285,0.0315986,0.0690929,0.0702217,0.0379549,0.311637,0.0232714,0.10947,0.881543,0.312138,0.231632,-0.1387,-0.228172,-0.321555,-0.178147,0.744167,SIRA,1,SIRA
-0.773844,-0.833036,-0.885839,-0.452308,-0.853232,-0.707601,-0.769957,-0.794467,-0.826312,-0.117683,0.73502,0.822692,0.371919,0.924358,0.807167,-0.291129,DERMASON,1,DERMASON
0.962291,0.911113,0.326327,1.90846,-0.892554,-0.769436,0.971104,1.0211,-0.303224,-0.837829,-0.170976,0.870057,-1.67873,-0.0214356,0.857652,-0.361493,BARBUNYA,1,unknown
1.79124,1.65726,1.54304,1.63577,0.586567,0.709162,1.77576,1.74421,-0.778159,0.245865,-0.62404,-0.689466,-1.48179,-1.14629,-0.708778,-0.866736,CALI,1,CALI
0.0276461,-0.0060312,0.0397167,0.133313,-0.0512175,0.234362,0.0143631,0.108233,0.963006,0.886897,0.443843,-0.0641918,-0.27279,-0.271307,-0.104469,0.202525,SIRA,1,SIRA
-1.00718,-1.01766,-0.895431,-1.17847,-0.263152,0.0327451,-1.00254,-1.08672,-0.607614,-0.0832363,0.247662,0.156124,1.29294,0.543775,0.116029,0.214759,DERMASON,1,DERMASON
1.85535,2.00122,1.60637,1.61413,0.671535,0.760827,1.8711,1.79744,-0.222252,-1.20924,-1.79183,-0.731598,-1.50048,-1.1786,-0.748354,0.332168,BARBUNYA,1,unknown
0.996187,1.21295,0.650356,1.37449,-0.215636,0.0803176,1.03398,1.05207,0.175799,-2.44217,-1.4145,0.110842,-1.33222,-0.51957,0.0703868,0.398674,BARBUNYA,1,unknown
-0.850899,-1.01733,-1.19176,-0.122259,-1.50114,-2.06396,-0.853682,-0.889225,0.306173,0.612981,1.49261,1.7524,-0.0343403,1.90687,1.83145,0.862817,SEKER,1,SEKER
0.580892,0.630722,0.65919,0.442757,0.487826,0.646163,0.567325,0.66312,0.355464,0.592246,-0.357432,-0.566454,-0.576974,-0.787622,-0.5924,0.529412,SIRA,1,SIRA
1.36215,1.62735,1.41365,1.14386,0.81942,0.845562,1.43924,1.37845,-2.50618,-4.29458,-1.86372,-0.979963,-1.01115,-1.20029,-0.978724,-4.52697,HOROZ,1,unknown
2.6238,2.23056,1.82696,2.67078,0.181848,0.428043,2.599,2.41005,1.27283,0.41424,-0.52359,-0.281873,-2.16212,-1.10123,-0.318457,0.623687,BARBUNYA,1,CALI
2.04185,1.89426,0.933059,3.09055,-0.905849,-0.790789,2.04733,1.95031,-0.234202,-0.753472,-0.833866,0.918766,-2.38782,-0.328942,0.90976,0.723946,BARBUNYA,1,unknown
0.184581,0.0569987,-0.429979,1.39789,-1.4377,-1.88945,0.17736,0.270417,1.06125,0.358836,0.899223,1.65727,-1.36322,0.954724,1.72342,0.888188,SEKER,1,SEKER
1.83289,1.60966,1.52054,1.72191,0.499699,0.653914,1.81436,1.77883,0.563212,0.375722,-0.288083,-0.596666,-1.55868,-1.10947,-0.621097,-0.225581,CALI,1,CALI
1.11771,1.42468,0.997366,1.07293,0.394227,0.583298,1.13965,1.16204,-0.167953,-1.55584,-1.86558,-0.482878,-1.10779,-0.891748,-0.512631,0.507109,BARBUNYA,1,unknown
2.31013,2.40171,2.06818,1.76168,1.05879,0.970204,2.33085,2.16536,0.370998,-1.41032,-1.9887,-1.04148,-1.60853,-1.39505,-1.03501,0.611238,BARBUNYA,1,unknown
0.00439161,0.0801508,0.290188,-0.328371,0.687025,0.770004,-0.0104253,0.0838484,-1.3058,1.01781,-0.170321,-0.734145,0.193413,-0.688089,-0.750742,0.747063,SIRA,1,SIRA
0.378499,0.523069,0.256463,0.614044,-0.145114,0.148327,0.391676,0.465431,-0.0468469,-1.07414,-0.704833,0.0435262,-0.73279,-0.347072,0.00284475,0.629819,BARBUNYA,1,SIRA
1.56053,1.41284,0.57343,2.77301,-1.09269,-1.11731,1.56719,1.54968,0.901351,-0.770762,-0.319634,1.14889,-2.20894,-0.0421936,1.15854,0.250216,BARBUNYA,1,unknown
1.26815,1.42686,0.944925,1.51618,0.0163055,0.293254,1.27986,1.29596,1.05239,-1.01003,-1.36728,-0.156955,-1.40203,-0.752251,-0.196129,-0.724096,BARBUNYA,1,CALI
-1.05428,-1.16815,-1.11456,-0.949522,-0.800937,-0.628293,-1.05535,-1.14774,1.42168,0.597372,0.967196,0.782826,0.960342,1.15696,0.764816,0.569305,DERMASON,1,DERMASON
-0.10518,-0.108102,-0.10175,0.0216974,-0.1482,0.145414,-0.109514,-0.0323302,0.563199,0.284158,0.323659,0.0426034,-0.170285,-0.135779,0.00192137,0.479467,SIRA,1,SIRA
2.41208,2.07979,2.0238,2.06964,0.781748,0.824573,2.41212,2.24566,-0.552427,-0.554909,-0.510057,-0.858604,-1.76458,-1.3311,-0.866784,-1.00362,CALI,1,CALI
-0.265137,-0.141623,-0.303732,-0.0479609,-0.361943,-0.0709877,-0.255727,-0.205926,-0.0153904,-0.755111,-0.372654,0.263274,-0.0903389,0.107752,0.224693,0.231227,SIRA,1,SIRA
-1.33234,-1.38936,-1.22919,-1.66555,-0.343263,-0.0508532,-1.32376,-1.52392,0.866818,-0.407004,0.164585,0.236158,2.06477,0.945797,0.197105,-0.0101013,DERMASON,1,DERMASON
3.10472,2.47146,2.23681,2.89404,0.438241,0.613256,3.05546,2.77235,1.31553,1.19802,-0.201887,-0.530644,-2.27282,-1.28877,-0.558291,0.202539,CALI,1,CALI
-0.745006,-0.918292,-1.11765,0.0695147,-1.52062,-2.12013,-0.749558,-0.759423,0.233958,0.707326,1.57012,1.78463,-0.23399,1.82436,1.86821,0.938746,SEKER,1,SEKER
7.30189,5.06479,4.32289,5.96711,0.481447,0.641978,7.24754,5.46893,1.23743,0.356211,-0.786265,-0.59469,-3.51355,-1.70409,-0.619222,-0.770109,BOMBAY,1,unknown
-0.0516424,-0.00436415,-0.195749,0.309332,-0.487803,-0.213449,-0.0498027,0.0247036,-0.684074,-0.210227,0.0111959,0.420597,-0.463664,0.10807,0.38593,0.84516,SIRA,1,SIRA
2.12856,1.82495,0.984624,3.20969,-0.915913,-0.807107,2.12325,2.02043,1.13881,-0.289595,-0.289412,0.908346,-2.42916,-0.35784,0.898597,-0.0669711,BARBUNYA,1,unknown
2.50129,2.37693,1.40172,3.15856,-0.502394,-0.230773,2.50953,2.31531,0.777104,-0.896788,-1.40298,0.427973,-2.41746,-0.718003,0.393538,0.520153,BARBUNYA,1,unknown
-0.423319,-0.402286,-0.276597,-0.520215,0.066413,0.335444,-0.426276,-0.382628,-0.420252,0.338938,0.251348,-0.178316,0.429387,-0.125808,-0.217137,0.3153,DERMASON,1,DERMASON
9.30282,5.89061,4.40024,8.42665,-0.487648,-0.213267,9.25598,6.55647,-0.649778,-0.024024,-0.368875,0.377165,-4.17465,-1.4919,0.341216,-0.685947,BOMBAY,1,unknown
1.92118,1.93388,1.59118,1.78017,0.53379,0.675899,1.91067,1.85172,1.42572,-0.0178391,-1.34553,-0.625439,-1.59925,-1.14031,-0.648357,-0.175429,BARBUNYA,1,CALI
1.01195,1.32252,0.755786,1.2625,-0.0206606,0.26131,1.02946,1.06643,0.402613,-1.32257,-1.81518,-0.109263,-1.22843,-0.654304,-0.149092,-0.324452,BARBUNYA,1,unknown
1.62721,1.60186,0.826472,2.44518,-0.674597,-0.449355,1.62374,1.60639,0.0625644,-0.287303,-0.913907,0.615455,-2.02022,-0.400359,0.588423,0.074033,BARBUNYA,1,unknown
0.555207,0.667667,0.330595,0.902624,-0.262518,0.0333897,0.558158,0.638345,-0.00952587,-0.436976,-0.64954,0.169555,-0.978618,-0.333211,0.129598,0.724433,BARBUNYA,1,SIRA
0.960254,1.03346,0.849866,0.99462,0.281681,0.503323,0.969232,1.01924,0.98046,-0.846912,-0.75465,-0.396212,-1.0268,-0.802545,-0.429313,-0.133725,BARBUNYA,1,CALI
5.79908,4.07259,3.34573,5.36514,0.0360393,0.31002,5.73519,4.5807,0.808852,0.857228,-0.190517,-0.150173,-3.3338,-1.43101,-0.189452,0.248875,BOMBAY,1,unknown
-0.513053,-0.614548,-0.551169,-0.312559,-0.492407,-0.218897,-0.524784,-0.485265,1.44455,1.18608,1.05842,0.417431,0.182831,0.379787,0.382665,0.548117,DERMASON,1,DERMASON
-0.487433,-0.610661,-1.0318,0.720584,-1.78038,-3.01989,-0.490958,-0.455777,1.04636,0.427151,1.2041,2.20176,-0.833824,1.99189,2.3517,0.932145,SEKER,1,SEKER
2.05249,2.18324,1.38962,2.30983,-0.0293362,0.25371,2.07425,1.95895,-0.866518,-1.47004,-1.90334,-0.0744265,-1.95514,-0.891003,-0.114617,0.637906,BARBUNYA,1,unknown
1.83269,1.7495,1.06843,2.42836,-0.423317,-0.138938,1.82843,1.77866,0.389603,-0.286971,-0.877846,0.334806,-2.01799,-0.618909,0.297754,0.368238,BARBUNYA,1,unknown
1.79039,1.84972,1.42994,1.74253,0.387543,0.578685,1.78628,1.7435,0.912439,-0.286594,-1.40646,-0.473162,-1.59665,-1.0401,-0.503321,0.645622,BARBUNYA,1,CALI
6.44495,4.24802,3.11233,6.74107,-0.720043,-0.511764,6.36987,4.97105,0.954569,0.988614,0.358988,0.665958,-3.75854,-1.15788,0.641409,-0.061209,BOMBAY,1,unknown
-0.683322,-0.638074,-0.603149,-0.675173,-0.269121,0.026665,-0.678485,-0.685202,0.80098,-0.248584,0.0629962,0.138453,0.65304,0.27477,0.0981974,-0.65203,SIRA,1,SIRA
1.79735,2.24805,1.48364,1.68683,0.485061,0.644351,1.81843,1.7493,0.255538,-1.45647,-2.82202,-0.568897,-1.5506,-1.08889,-0.594724,0.341235,BARBUNYA,1,unknown
1.15332,1.13895,0.991965,1.22766,0.272616,0.496662,1.19239,1.19395,0.531414,-2.4608,-0.517997,-0.42083,-1.17106,-0.867395,-0.453042,-1.3789,CALI,1,CALI
-0.878358,-0.941077,-0.945049,-0.677492,-0.765775,-0.576755,-0.877373,-0.923398,0.439175,0.237628,0.712912,0.721797,0.633163,0.926776,0.700234,-0.0472132,DERMASON,1,DERMASON
1.64186,1.628,0.879523,2.36401,-0.576433,-0.321461,1.64672,1.6188,0.307558,-0.690864,-0.975614,0.510705,-1.98218,-0.467321,0.479185,0.441579,BARBUNYA,1,unknown
0.0532654,0.0360187,0.115599,0.0651049,0.103255,0.365678,0.0466396,0.13499,0.509383,0.379164,0.334708,-0.210401,-0.213543,-0.379321,-0.248622,0.461719,SIRA,1,SIRA
-0.994104,-1.04366,-1.02461,-0.903109,-0.702664,-0.487648,-0.992471,-1.06991,0.865719,0.244062,0.539007,0.647349,0.919876,0.968421,0.621861,0.0176353,DERMASON,1,DERMASON
10.3604,6.46977,5.65756,7.77038,0.570508,0.699138,10.3584,7.0956,0.776877,-0.863347,-0.620212,-0.707286,-3.99578,-1.89491,-0.725534,-2.08862,BOMBAY,1,unknown
-0.194191,-0.0312722,0.104886,-0.512021,0.602282,0.71889,-0.195822,-0.128325,-0.439442,0.113101,-0.601827,-0.679753,0.429987,-0.574075,-0.699633,0.0343008,SIRA,1,SIRA
1.58215,1.42868,1.23963,1.68393,0.223143,0.4597,1.57668,1.56811,0.727088,-0.181516,-0.317087,-0.355017,-1.52104,-0.935262,-0.389495,-0.648843,CALI,1,CALI
0.939628,1.17799,0.452437,1.6061,-0.581646,-0.328026,0.952061,1.00032,0.993402,-1.0404,-1.46943,0.505306,-1.48674,-0.255098,0.473579,0.0397989,BARBUNYA,1,unknown
2.15392,1.93683,1.69951,2.01898,0.48001,0.641034,2.14326,2.04082,-0.0750076,-0.0613581,-0.6757,-0.559391,-1.77381,-1.15154,-0.585681,0.533397,BARBUNYA,1,CALI
-1.04028,-1.13752,-1.10164,-0.909879,-0.813416,-0.646924,-1.03759,-1.12954,0.590851,0.155738,0.852947,0.78074,0.930805,1.14024,0.762605,-0.0324258,DERMASON,1,DERMASON
-1.29549,-1.31509,-1.08378,-1.79426,0.0410824,0.314273,-1.2867,-1.47237,-1.24788,-0.448708,-0.0538922,-0.15141,2.27039,0.551298,-0.19067,0.387745,DERMASON,1,DERMASON
1.92991,2.02318,1.59824,1.77798,0.542927,0.681724,1.91855,1.8589,0.900479,0.01939,-1.65978,-0.62844,-1.60311,-1.14339,-0.651197,0.0178778,BARBUNYA,1,CALI
8.99959,5.79625,4.31394,8.15448,-0.444691,-0.163271,8.95922,6.39767,1.65779,-0.117281,-0.497438,0.341582,-4.11923,-1.48583,0.304697,-0.237934,BOMBAY,1,unknown
1.44439,1.38865,0.749169,2.18954,-0.610412,-0.364705,1.44221,1.44989,-0.626018,-0.3177,-0.60718,0.542111,-1.86995,-0.392689,0.511843,0.155921,BARBUNYA,1,unknown
0.731323,1.03952,0.655867,0.767026,0.224631,0.460826,0.74633,0.806479,-1.04723,-1.18839,-1.64728,-0.316932,-0.870021,-0.690672,-0.352561,0.835114,BARBUNYA,1,unknown
-0.251276,-0.269737,-0.297965,-0.0136997,-0.38063,-0.0913813,-0.251596,-0.190687,-0.862334,0.0321345,0.467129,0.277906,-0.11854,0.110836,0.239604,0.0217767,DERMASON,1,SIRA
2.30231,2.10875,1.19091,3.15968,-0.699376,-0.48312,2.29128,2.15917,1.09317,-0.0754902,-0.932626,0.651234,-2.41251,-0.550724,0.62594,0.289353,BARBUNYA,1,unknown
0.11416,0.166305,0.158438,0.164935,0.0777707,0.344834,0.104027,0.198144,1.15762,0.602815,-0.0872326,-0.201243,-0.293052,-0.399015,-0.239644,-0.122568,SIRA,1,SIRA
2.00835,1.96774,1.8319,1.57794,0.94546,0.913001,2.01635,1.92306,1.0518,-0.862898,-1.22251,-0.963085,-1.47018,-1.31257,-0.963228,0.147753,BARBUNYA,1,CALI
-0.534336,-0.693827,-0.925379,0.342474,-1.43666,-1.88668,-0.543698,-0.509878,0.574981,0.989236,1.46565,1.65143,-0.491634,1.48517,1.71681,0.750052,SEKER,1,SEKER
-0.444997,-0.592634,-0.981545,0.763285,-1.7423,-2.86673,-0.45242,-0.407258,0.967381,0.744072,1.36378,2.11959,-0.851951,1.86665,2.25534,0.350037,SEKER,1,SEKER
5.98722,4.31831,3.27855,5.74875,-0.192167,0.103288,5.96506,4.69584,0.814604,-0.231312,-0.64193,0.0829095,-3.46337,-1.35602,0.0423158,0.279629,BOMBAY,1,unknown
-1.19768,-1.20882,-1.15435,-1.35392,-0.515216,-0.246143,-1.18691,-1.33815,0.652647,-0.729662,0.0352437,0.442964,1.54014,0.988747,0.409017,0.534201,DERMASON,1,DERMASON
6.03813,4.20242,3.32387,5.78358,-0.173825,0.121003,5.98036,4.72679,0.661258,0.65096,-0.19133,0.0468916,-3.46293,-1.37498,0.00621266,-0.333313,BOMBAY,1,unknown
-0.969076,-0.910634,-0.68276,-1.41015,0.307619,0.5222,-0.966715,-1.03788,-0.618242,0.147001,-0.194391,-0.408509,1.63597,0.0530815,-0.441172,0.312472,DERMASON,1,DERMASON
-1.29595,-1.42005,-1.39974,-1.22189,-1.02227,-0.988118,-1.28483,-1.47301,-0.939341,-0.751627,0.752657,1.04478,1.36907,1.71186,1.04546,-0.105045,DERMASON,1,DERMASON
1.71149,1.98707,1.50653,1.51815,0.633785,0.738153,1.73373,1.6775,1.18278,-1.51704,-2.15464,-0.717133,-1.41377,-1.1441,-0.734783,-0.360956,BARBUNYA,1,unknown
0.26295,0.48943,0.166388,0.521153,-0.187586,0.107731,0.266895,0.34992,-0.675828,-0.442867,-1.05573,0.0612879,-0.620238,-0.289017,0.0206304,-0.331596,BARBUNYA,1,SIRA
-0.313222,-0.290019,-0.385054,-0.0405819,-0.476064,-0.199639,-0.31163,-0.259091,-0.0739882,-0.100187,0.225678,0.393335,-0.102006,0.233995,0.357845,0.348941,SIRA,1,SIRA
0.621291,0.976827,1.22254,0.0338263,1.59033,1.20172,0.752915,0.70191,-0.712002,-8.10753,-1.79754,-1.64047,0.106306,-1.35259,-1.56698,-7.7529,HOROZ,1,unknown
9.42041,6.31437,5.27828,7.35097,0.505732,0.657834,9.62173,6.61753,-0.23791,-4.43919,-1.31554,-0.692597,-3.86055,-1.8494,-0.711723,-3.68887,BOMBAY,1,unknown
0.333041,0.311754,0.293974,0.459589,0.0176534,0.294406,0.323637,0.420226,0.530729,0.4396,0.187009,-0.132926,-0.582125,-0.442451,-0.172453,0.21264,SIRA,1,SIRA
1.77048,1.65323,1.30997,1.89021,0.15832,0.40967,1.76001,1.7269,-0.464269,0.0161001,-0.672664,-0.258442,-1.69451,-0.926632,-0.295608,0.65677,BARBUNYA,1,CALI
12.1458,7.00232,5.59016,9.78922,-0.247618,0.0484569,12.0507,7.95946,-0.155086,0.486176,-0.0225461,0.121433,-4.46269,-1.7219,0.0810466,-0.441464,BOMBAY,1,unknown
0.789788,0.873898,0.326698,1.51605,-0.664975,-0.43641,0.802621,0.861417,-0.0571485,-1.06023,-0.674978,0.581338,-1.40219,-0.15125,0.552747,-0.715406,BARBUNYA,1,unknown
1.67957,1.53489,1.53513,1.47256,0.699769,0.7775,1.70817,1.65064,1.15203,-1.82014,-0.459796,-0.809884,-1.34053,-1.18236,-0.821509,-1.7788,CALI,1,CALI
-0.607253,-0.61147,-0.425263,-0.783846,0.0891676,0.354194,-0.615223,-0.595008,-1.36624,0.922861,0.40396,-0.198969,0.750968,-0.0334078,-0.237414,0.375905,DERMASON,1,DERMASON
-1.08601,-1.09057,-0.86914,-1.48143,0.0755048,0.342966,-1.08478,-1.18925,0.890213,0.357747,0.126924,-0.175561,1.72964,0.33323,-0.21443,0.749165,DERMASON,1,DERMASON
-0.70303,-0.762743,-0.756621,-0.497203,-0.635895,-0.39784,-0.70095,-0.708807,-0.354894,0.0268175,0.759458,0.579932,0.397996,0.652716,0.551278,0.432898,DERMASON,1,DERMASON
7.7832,5.07591,3.92054,7.18981,-0.338681,-0.0459529,7.71929,5.73953,-0.952515,0.489572,-0.118153,0.238709,-3.88715,-1.44153,0.199698,0.260071,BOMBAY,1,unknown
-0.0209649,-0.172605,-0.546621,1.0881,-1.40413,-1.80193,-0.0351491,0.0571527,-0.00772395,0.988197,1.19074,1.59131,-1.11556,1.03026,1.64894,0.370331,SEKER,1,SEKER
-0.557065,-0.697597,-0.910665,0.246056,-1.35956,-1.69052,-0.564872,-0.536278,0.447164,0.865513,1.33419,1.5323,-0.394943,1.39106,1.58262,0.579961,SEKER,1,SEKER
-0.759392,-0.937805,-1.04755,-0.126344,-1.30406,-1.55876,-0.767375,-0.776877,0.764762,1.06374,1.60658,1.46333,-0.0330261,1.51508,1.50545,0.949877,SEKER,1,SEKER
1.62274,1.65042,0.95153,2.2731,-0.451757,-0.171394,1.64168,1.60261,0.248505,-1.36608,-1.12836,0.318921,-1.88182,-0.574797,0.281494,-1.321,BARBUNYA,1,unknown
-1.17259,-1.2267,-1.0768,-1.39308,-0.352817,-0.0611205,-1.1667,-1.30431,-0.581675,-0.141269,0.386773,0.248151,1.62064,0.782044,0.209299,0.0466464,DERMASON,1,DERMASON
8.14542,5.46167,4.52448,6.76933,0.25118,0.480773,8.11448,5.93922,-0.0645033,-0.229395,-0.708469,-0.395399,-3.74648,-1.68907,-0.428528,-1.17537,BOMBAY,1,unknown
0.694536,1.19516,0.554141,0.859812,0.0332673,0.307677,0.717863,0.771691,0.855255,-1.68705,-2.42611,-0.140743,-0.936718,-0.574953,-0.180161,0.496485,BARBUNYA,1,unknown
-1.17291,-1.21075,-1.16959,-1.25249,-0.630565,-0.390858,-1.16806,-1.30475,0.405487,-0.0158913,0.26501,0.585993,1.37452,1.09724,0.557609,0.864434,DERMASON,1,DERMASON
2.00841,2.2274,1.62748,1.87181,0.507248,0.658816,2.01377,1.92311,0.792469,-0.745117,-2.18043,-0.591622,-1.67079,-1.1404,-0.616311,0.224665,BARBUNYA,1,unknown
-1.17515,-1.25897,-1.13914,-1.31015,-0.530426,-0.264553,-1.17348,-1.30775,-0.239666,0.375543,0.608402,0.465055,1.46701,0.985013,0.431858,0.700633,DERMASON,1,DERMASON
-0.0975601,-0.140413,-0.0515313,-0.043592,-0.0289231,0.254073,-0.111774,-0.0241807,1.14096,1.04658,0.559681,-0.0775534,-0.105352,-0.222549,-0.117715,0.537975,SIRA,1,SIRA
0.372259,0.80245,1.11982,-0.617731,2.17295,1.40107,0.373149,0.459243,-2.74388,-0.262911,-2.02988,-1.82601,0.535581,-1.38108,-1.72585,0.604294,HOROZ,1,HOROZ
-0.552073,-0.499971,-0.376187,-0.711566,0.0949422,0.358913,-0.550928,-0.530469,0.766013,0.0410086,0.0507331,-0.203698,0.658408,-0.0702476,-0.242051,0.409669,SIRA,1,SIRA
0.277007,0.55778,0.97217,-0.635457,1.98039,1.3404,0.272575,0.364081,-2.10487,0.125806,-1.32235,-1.70065,0.554796,-1.29785,-1.61882,0.668059,HOROZ,1,HOROZ
0.632919,0.66214,0.12726,1.49129,-0.870387,-0.734339,0.636461,0.713034,0.151091,-0.488097,-0.292208,0.845337,-1.39779,0.092563,0.831281,-0.251916,BARBUNYA,1,unknown
-0.0556495,0.632313,-0.441809,0.808175,-1.12012,-1.16983,0.00700403,0.0204527,-1.45483,-4.72922,-3.09737,1.16322,-0.863227,0.689371,1.17418,-0.504159,SEKER,1,unknown
1.21908,1.39845,1.04026,1.21405,0.337673,0.543732,1.23151,1.25253,-1.01035,-1.04656,-1.41565,-0.430166,-1.21732,-0.889033,-0.462028,0.54405,BARBUNYA,1,unknown
1.6232,1.92502,0.967941,2.15496,-0.365608,-0.0749675,1.64026,1.603,0.888792,-1.27591,-2.18615,0.28241,-1.86497,-0.595985,0.244197,0.772856,BARBUNYA,1,unknown
0.462255,0.697377,1.09811,-0.392032,1.87879,1.30643,0.455583,0.547935,0.284719,0.203604,-1.18409,-1.64803,0.290026,-1.31892,-1.57351,0.0539769,HOROZ,1,HOROZ
0.629765,0.908996,1.00509,0.0799843,1.25802,1.06362,0.630458,0.710019,-1.92062,-0.312222,-1.4683,-1.21494,-0.205892,-1.14846,-1.19206,-0.207913,HOROZ,1,HOROZ
-1.02169,-1.02065,-0.835906,-1.32697,-0.0261106,0.25654,-1.02004,-1.10545,0.194049,0.260254,0.152812,-0.0847762,1.50576,0.353575,-0.124869,0.375991,DERMASON,1,DERMASON
7.74346,4.99986,3.87551,7.31265,-0.416658,-0.131429,7.74524,5.71742,0.646374,-0.877087,0.0503902,0.282044,-3.89342,-1.42233,0.243824,-1.24563,BOMBAY,1,unknown
2.0718,1.82045,0.882399,3.30359,-1.055,-1.04717,2.0729,1.9746,0.673885,-0.562517,-0.441852,1.08005,-2.46859,-0.23779,1.08368,-0.370745,BARBUNYA,1,unknown
1.4084,1.73016,1.12828,1.47836,0.245076,0.476213,1.41768,1.4187,0.857752,-0.89138,-2.11183,-0.354758,-1.39965,-0.894943,-0.389244,0.13727,BARBUNYA,1,unknown
-0.69357,-0.728759,-0.668451,-0.62381,-0.407335,-0.120972,-0.696818,-0.697464,-0.944051,0.539358,0.593434,0.317076,0.551707,0.425916,0.279606,0.368468,DERMASON,1,DERMASON
-0.0165637,0.0590048,-0.0286518,0.157589,-0.159241,0.134944,-0.0108772,0.0617945,-0.304955,-0.508652,-0.161417,0.0283346,-0.274633,-0.188211,-0.0123471,-0.457191,SIRA,1,SIRA
1.61913,2.49565,1.33481,1.57516,0.403353,0.589568,1.65621,1.59954,-0.983782,-2.233,-4.06116,-0.499232,-1.46969,-1.01742,-0.528285,0.199445,BARBUNYA,1,unknown
0.752869,1.19797,0.567295,1.04549,-0.0850724,0.203913,0.801588,0.826775,-1.00105,-3.16219,-2.22712,-0.0770176,-1.02526,-0.555621,-0.117184,-1.5236,BARBUNYA,1,unknown
9.38822,5.89515,4.96202,7.60496,0.186841,0.431911,9.34022,6.60084,0.593534,-0.0107009,-0.274129,-0.325006,-3.97611,-1.73432,-0.3604,-0.813077,BOMBAY,1,unknown
1.52158,1.46785,1.23648,1.54564,0.316611,0.52868,1.50644,1.51635,1.29748,0.31107,-0.691354,-0.427294,-1.44104,-0.959174,-0.459264,-0.083436,CALI,1,CALI
0.549557,0.850393,1.15883,-0.1868,1.73657,1.25641,0.56952,0.632884,0.657839,-1.50026,-1.52561,-1.62917,0.176658,-1.33077,-1.55722,-3.16393,HOROZ,1,HOROZ
-1.35672,-1.46948,-1.25112,-1.71492,-0.331667,-0.0384789,-1.34919,-1.55832,-0.734289,-0.252816,0.55796,0.226953,2.14391,0.965849,0.187754,0.111664,DERMASON,1,DERMASON
2.30014,2.01472,1.85929,2.08967,0.596921,0.71558,2.27624,2.15746,0.247245,0.471047,-0.566607,-0.688999,-1.79062,-1.23713,-0.708338,-0.502494,CALI,1,CALI
0.031062,0.00599097,0.00375503,0.211538,-0.159149,0.135031,0.0250789,0.111807,-0.779417,0.342622,0.391724,0.0381283,-0.339331,-0.20359,-0.00255539,-0.0973315,SIRA,1,SIRA
0.204419,0.153287,-0.0715514,0.759744,-0.645234,-0.410137,0.198339,0.290634,-0.164041,0.269645,0.439787,0.593569,-0.854349,0.105711,0.565526,0.524484,SIRA,1,SIRA
0.373769,0.442462,0.566998,0.12552,0.642615,0.743497,0.364886,0.460742,0.501308,0.385881,-0.317275,-0.705148,-0.271625,-0.801193,-0.723525,0.398041,SIRA,1,SIRA
-0.368402,-0.264425,-0.216968,-0.457646,0.0956557,0.359495,-0.366952,-0.320686,-0.634244,-0.066568,-0.253201,-0.217506,0.370375,-0.183362,-0.255583,-0.0781009,SIRA,1,SIRA
0.294547,0.352538,0.34527,0.289768,0.216934,0.454987,0.29717,0.381706,-0.953757,-0.359935,-0.214558,-0.328071,-0.422239,-0.549879,-0.363375,0.142347,SIRA,1,SIRA
6.31824,3.97976,3.01359,6.69592,-0.771932,-0.585679,6.22999,4.89554,0.916721,1.33874,1.0534,0.745803,-3.75619,-1.11079,0.725601,0.52159,BOMBAY,1,unknown
1.9598,1.71806,1.53797,1.95651,0.353882,0.555198,1.95012,1.88341,-0.119434,-0.0634193,-0.353566,-0.478616,-1.69986,-1.07646,-0.508548,-0.729043,CALI,1,CALI
1.53524,1.65608,1.54539,1.17559,0.944957,0.91274,1.52755,1.52806,0.132486,-0.0619159,-1.42787,-1.00607,-1.12554,-1.24711,-1.00265,-1.57001,CALI,1,CALI
-0.777917,-0.942052,-1.02355,-0.22892,-1.20335,-1.33747,-0.785772,-0.799435,0.924466,1.06916,1.49563,1.31506,0.0837462,1.38834,1.34087,0.750039,SEKER,1,SEKER
0.0872931,0.554459,0.843107,-0.848786,2.04761,1.36212,0.099444,0.170356,-0.415417,-0.99506,-2.14171,-1.76577,0.858536,-1.27882,-1.67458,-0.244078,HOROZ,1,HOROZ
0.854755,0.842252,0.699332,0.975447,0.119622,0.3789,0.844451,0.921974,-1.27097,0.279192,-0.26389,-0.221587,-1.03468,-0.672917,-0.259579,0.637642,BARBUNYA,1,SIRA
1.34737,1.57784,1.0964,1.38876,0.27356,0.497357,1.3623,1.36553,-0.939052,-1.17629,-1.71699,-0.370871,-1.34657,-0.888864,-0.404835,0.536726,BARBUNYA,1,unknown
-0.10091,-0.206541,-0.495899,0.740259,-1.14422,-1.21706,-0.1079,-0.0277623,0.690292,0.487774,0.948131,1.23613,-0.847449,0.778816,1.25399,0.833882,SEKER,1,SEKER
-0.428246,-0.403842,-0.416042,-0.308548,-0.308635,-0.0141795,-0.428987,-0.388216,-0.432765,0.148735,0.230553,0.213213,0.179587,0.165876,0.173808,0.513711,DERMASON,1,DERMASON
1.13959,1.31634,0.582166,1.79968,-0.558177,-0.298657,1.15721,1.18167,-0.180858,-1.32281,-1.34584,0.495866,-1.63523,-0.32791,0.463783,0.662246,BARBUNYA,1,unknown
0.485509,0.704633,0.36489,0.682061,-0.0630261,0.223813,0.500512,0.570666,-0.627293,-1.1921,-1.1205,-0.0374489,-0.795217,-0.439189,-0.0779148,0.746048,BARBUNYA,1,unknown
1.76056,1.87617,1.41097,1.73486,0.372532,0.568265,1.76014,1.71862,-0.035044,-0.454138,-1.59762,-0.472636,-1.57768,-1.03372,-0.502816,0.144795,BARBUNYA,1,CALI
-0.516863,-0.679847,-0.796007,0.125631,-1.13496,-1.19879,-0.528528,-0.489663,0.317701,1.18364,1.48743,1.22465,-0.287539,1.07059,1.24139,0.871938,SEKER,1,SEKER
-0.251407,-0.215859,-0.241441,-0.106026,-0.232937,0.0631635,-0.251079,-0.190831,-0.638032,-0.0205284,0.139197,0.114732,-0.0174686,-0.00901099,0.0743011,-0.121854,SIRA,1,SIRA
-0.139602,-0.110731,0.0233364,-0.262945,0.258657,0.486337,-0.139015,-0.0692768,-1.50128,-0.0840994,0.148426,-0.361755,0.134817,-0.393671,-0.396017,0.354143,SIRA,1,SIRA
0.302692,0.47368,0.689887,-0.154993,1.06748,0.974467,0.305562,0.389876,0.88424,-0.378477,-0.79879,-1.09293,0.0713352,-0.99422,-1.08185,-1.17284,HOROZ,1,HOROZ
-1.16503,-1.29512,-1.23833,-1.09233,-0.874618,-0.740991,-1.16237,-1.29416,-0.204894,0.247086,0.980164,0.877167,1.15284,1.37289,0.865246,0.653703,DERMASON,1,DERMASON
8.60689,5.84483,4.80326,6.93008,0.372022,0.567909,8.5936,6.189,-0.050382,-0.605768,-1.12411,-0.511888,-3.78814,-1.75295,-0.540384,-1.3627,BOMBAY,1,unknown
7.80054,5.07404,4.09327,7.00408,-0.146688,0.146841,7.72884,5.74917,1.37635,0.649941,-0.0873978,-0.000106512,-3.81464,-1.53047,-0.040738,-1.01932,BOMBAY,1,unknown
-0.173301,-0.352509,-0.599692,0.749406,-1.2748,-1.49223,-0.186397,-0.105662,0.649335,1.01581,1.46312,1.41402,-0.851112,0.979939,1.45052,0.702179,SEKER,1,SEKER
1.16889,1.55642,0.557519,1.93438,-0.663434,-0.434346,1.19336,1.20787,0.308981,-1.68506,-2.2117,0.602015,-1.7072,-0.270221,0.574358,0.0677468,BARBUNYA,1,unknown
1.79006,1.79036,1.51551,1.63538,0.556909,0.690583,1.78331,1.74322,-1.04743,-0.163085,-1.17351,-0.638726,-1.50848,-1.12154,-0.660923,0.0935868,BARBUNYA,1,CALI
-0.199643,-0.230558,-0.255918,0.0301949,-0.358547,-0.067309,-0.210088,-0.134254,-0.39718,0.822546,0.52751,0.271671,-0.185184,0.0776011,0.233248,0.665115,SIRA,1,SIRA
-0.866599,-0.965329,-0.94976,-0.656145,-0.789324,-0.611117,-0.868594,-0.908737,0.030836,0.542898,0.979907,0.774246,0.576453,0.963693,0.755718,0.766666,DERMASON,1,DERMASON
-1.24123,-1.27579,-1.18207,-1.45184,-0.470038,-0.192592,-1.22815,-1.39746,0.131073,-1.00931,0.144748,0.392137,1.69135,0.989055,0.356613,0.547391,DERMASON,1,DERMASON
0.900345,1.16718,0.670589,1.12332,-0.0204618,0.261484,0.908488,0.964166,0.304227,-0.794937,-1.56607,-0.0847738,-1.14923,-0.606681,-0.124867,0.585201,BARBUNYA,1,unknown
-1.06111,-0.991836,-0.782577,-1.51998,0.259649,0.487073,-1.05483,-1.15665,0.812452,-0.243055,-0.359465,-0.374266,1.8268,0.151222,-0.408117,-0.0822797,DERMASON,1,DERMASON
10.3597,6.40338,5.45269,7.94273,0.364386,0.562574,10.2605,7.09524,1.05825,0.77275,-0.451771,-0.471867,-4.07111,-1.82578,-0.502079,-0.108678,BOMBAY,1,unknown
-0.554306,-0.601454,-0.662959,-0.210869,-0.723456,-0.516536,-0.55422,-0.533067,0.71502,0.138894,0.692984,0.670251,0.0923466,0.615997,0.645923,-0.0549165,SIRA,1,SIRA
8.92405,5.53707,4.19331,8.27243,-0.562875,-0.304497,8.83283,6.35779,0.344654,0.851499,0.126264,0.474433,-4.14592,-1.43243,0.441567,-0.28219,BOMBAY,1,unknown
-0.346396,-0.394054,-0.423578,-0.0725121,-0.503391,-0.231964,-0.353912,-0.296046,-0.647927,0.68226,0.674687,0.431697,-0.0778653,0.28371,0.397381,0.611806,DERMASON,1,DERMASON
-0.159966,-0.108946,-0.0176522,-0.261707,0.201237,0.443,-0.169678,-0.0912385,-0.254093,0.737052,0.0251358,-0.297691,0.12045,-0.3419,-0.333856,0.723934,SIRA,1,SIRA
-0.650543,-0.620532,-0.701706,-0.433982,-0.607643,-0.361141,-0.647306,-0.646159,-0.79929,-0.108923,0.171456,0.54142,0.331254,0.579586,0.511124,0.245087,DERMASON,1,DERMASON
1.70269,1.82463,0.91607,2.45798,-0.592213,-0.341412,1.72224,1.67011,-0.588374,-1.39119,-1.5728,0.508527,-2.01863,-0.484993,0.476924,-0.277386,BARBUNYA,1,unknown
-0.934195,-0.975677,-0.837906,-1.04783,-0.293088,0.00201588,-0.930823,-0.99357,-0.340217,0.0163486,0.526204,0.185773,1.11166,0.506165,0.146003,0.128552,DERMASON,1,DERMASON
1.43441,1.58772,0.930791,1.8745,-0.233023,0.0630773,1.43524,1.44126,0.00282711,-0.467739,-1.47569,0.107212,-1.65559,-0.646983,0.0667354,-0.397095,BARBUNYA,1,unknown
0.147137,0.110421,-0.0178389,0.543673,-0.431893,-0.148659,0.14192,0.232088,0.788691,0.233635,0.393606,0.32922,-0.645509,-0.0557548,0.292034,-0.170136,SIRA,1,SIRA
0.738089,0.878768,0.643232,0.852835,0.144428,0.398703,0.74859,0.812858,1.00916,-0.920645,-0.903109,-0.277304,-0.89904,-0.669697,-0.314004,-0.546821,BARBUNYA,1,CALI
1.6167,1.59287,1.51793,1.31738,0.800392,0.83501,1.59385,1.59748,0.401348,0.657726,-0.910195,-0.854772,-1.27158,-1.19152,-0.86323,-0.248041,CALI,1,CALI
-0.396518,-0.411403,-0.385432,-0.278121,-0.290959,0.00422142,-0.396453,-0.352317,0.4033,0.0638643,0.474865,0.198086,0.140928,0.135216,0.158472,0.654687,SIRA,1,DERMASON
-0.227036,-0.307028,-0.361501,0.140544,-0.579157,-0.324889,-0.237975,-0.164129,-0.443387,0.882037,0.844132,0.521814,-0.29721,0.281644,0.490727,0.720998,SEKER,1,DERMASON
0.804896,1.01972,1.3208,0.00780517,1.74724,1.26026,0.801523,0.875546,0.75216,-0.11091,-1.28211,-1.55669,-0.14534,-1.35432,-1.49433,0.161534,HOROZ,1,HOROZ
7.51413,4.79586,3.50534,7.575,-0.759239,-0.567327,7.4583,5.58902,0.166751,0.357792,0.330631,0.715006,-3.98224,-1.23407,0.693066,-0.00662389,BOMBAY,1,unknown
-0.808988,-0.799841,-0.65009,-0.980368,-0.0667041,0.220511,-0.806558,-0.837481,0.338147,0.0469552,0.249162,-0.0562333,1.02738,0.210495,-0.0965731,-0.0808581,DERMASON,1,DERMASON
0.136758,0.20684,0.212253,0.115986,0.187879,0.432713,0.13114,0.221424,-1.13919,0.266854,-0.196047,-0.293377,-0.262526,-0.467332,-0.329658,0.408241,SIRA,1,SIRA
8.82151,5.47676,4.17135,8.24962,-0.56868,-0.311741,8.78861,6.30346,0.512113,-0.243919,0.162726,0.451387,-4.12363,-1.43418,0.417721,-1.32528,BOMBAY,1,unknown
2.0293,2.13839,1.70598,1.77419,0.661069,0.754585,2.04023,1.94011,0.227038,-0.993639,-1.80493,-0.713155,-1.61936,-1.2017,-0.731047,0.701781,BARBUNYA,1,unknown
2.23859,1.90755,1.5163,2.46862,-1.69259e-05,0.279237,2.21033,2.10856,1.17194,0.67757,-0.306795,-0.11009,-2.0423,-0.946866,-0.149909,0.406176,BARBUNYA,1,CALI
-0.857074,-1.0108,-1.18148,-0.163016,-1.46158,-1.95367,-0.859363,-0.896891,0.392499,0.566247,1.39378,1.69026,0.0112106,1.84879,1.7608,0.795565,SEKER,1,SEKER
2.07653,1.94996,1.24113,2.61063,-0.356196,-0.0647667,2.07283,1.97843,-0.459686,-0.351978,-0.954366,0.265409,-2.12631,-0.714868,0.226868,0.532829,BARBUNYA,1,unknown
0.113832,0.14951,0.134607,0.194513,0.0231459,0.299088,0.107836,0.197805,0.930098,0.304371,0.00391715,-0.14108,-0.329778,-0.359734,-0.180493,0.112747,SIRA,1,SIRA
2.5608,2.10688,1.90869,2.49113,0.376303,0.570891,2.5462,2.36146,1.00349,0.0195064,-0.201967,-0.498753,-2.02651,-1.19248,-0.527827,-0.716832,CALI,1,CALI
-0.978273,-1.01597,-0.933036,-1.01827,-0.465762,-0.18761,-0.97246,-1.04963,0.763842,-0.227937,0.466223,0.373513,1.0737,0.706673,0.337463,0.0573636,DERMASON,1,DERMASON
1.23326,1.49429,1.08822,1.17372,0.422654,0.602728,1.24759,1.26512,0.99429,-1.1457,-1.75788,-0.510448,-1.18357,-0.93521,-0.539008,0.437616,BARBUNYA,1,unknown
-0.513972,-0.708519,-0.945645,0.449039,-1.52469,-2.13204,-0.523429,-0.486326,0.503773,0.980399,1.71313,1.78595,-0.590715,1.59773,1.86972,0.780384,SEKER,1,SEKER
0.624182,0.863391,1.18615,-0.178588,1.76487,1.2666,0.619677,0.704677,-0.571328,0.00988296,-1.28583,-1.56932,0.0507941,-1.31989,-1.50532,0.136431,HOROZ,1,HOROZ
-0.468252,-0.433932,-0.351282,-0.521277,-0.0391179,0.245092,-0.467655,-0.433796,-0.58958,0.0506552,0.169121,-0.0724846,0.429496,-0.0236955,-0.112692,0.346634,DERMASON,1,DERMASON
8.71259,5.61203,4.57258,7.31047,0.0511053,0.322688,8.62316,6.2455,1.25439,0.852937,-0.365657,-0.161392,-3.92104,-1.64393,-0.200496,0.384413,BOMBAY,1,unknown
0.709842,0.734142,0.195884,1.52389,-0.813761,-0.647442,0.708825,0.786186,0.205021,-0.226885,-0.326281,0.792918,-1.43858,0.0238807,0.775525,0.371281,BARBUNYA,1,SEKER
0.0711989,0.00280212,-0.0750733,0.430134,-0.422253,-0.137736,0.0671675,0.153653,-0.847796,0.180789,0.623852,0.334839,-0.561676,-0.0157756,0.297789,0.41158,SIRA,1,SIRA
2.42443,2.05294,1.61149,2.80627,-0.108548,0.182425,2.49101,2.25534,-1.32142,-3.26264,-0.36671,-0.0868165,-2.15177,-0.970642,-0.12689,-2.75003,CALI,1,unknown
1.95934,2.02933,1.61792,1.78818,0.556662,0.690428,1.96658,1.88303,0.951472,-0.825883,-1.59866,-0.630863,-1.6201,-1.15005,-0.653488,0.388544,BARBUNYA,1,unknown
-0.745531,-0.88237,-1.13498,0.112651,-1.56927,-2.26626,-0.748783,-0.760059,0.211951,0.578226,1.2997,1.85336,-0.269823,1.89609,1.9469,0.725499,SEKER,1,SEKER
-1.12273,-1.2296,-0.985761,-1.40359,-0.194174,0.101336,-1.12571,-1.23773,-1.00656,0.889034,0.846452,0.0960322,1.61041,0.597447,0.0554957,0.680124,DERMASON,1,DERMASON
-0.278078,-0.354204,-0.483522,0.254372,-0.816921,-0.65219,-0.286842,-0.220188,0.467625,0.739839,0.83784,0.780453,-0.37751,0.51728,0.7623,-0.191124,SIRA,1,SIRA
1.43533,1.60403,0.763679,2.1623,-0.579982,-0.325928,1.44099,1.44205,0.523402,-0.710612,-1.53805,0.494447,-1.84187,-0.419092,0.462311,-0.273518,BARBUNYA,1,unknown
-1.60089,-1.69079,-1.43332,-2.2877,-0.0426688,0.241951,-1.5901,-1.91796,-0.0714369,-0.616746,-0.199127,-0.0617376,3.21742,1.0028,-0.102035,0.610419,DERMASON,1,DERMASON
7.87517,5.08984,4.17191,6.92894,-0.0615803,0.225108,7.81515,5.79055,0.713801,0.394942,-0.0258936,-0.0683042,-3.80616,-1.55986,-0.108548,-0.33329,BOMBAY,1,unknown
0.645465,0.872203,1.27973,-0.266937,1.99001,1.34355,0.628263,0.725018,0.356493,0.786456,-1.24102,-1.70903,0.131275,-1.38968,-1.62602,0.579292,HOROZ,1,HOROZ
0.94081,1.18315,0.684267,1.21157,-0.0666104,0.220596,0.973428,1.00141,0.0435851,-2.17215,-1.48716,-0.0537738,-1.1999,-0.60071,-0.0941317,0.0128754,BARBUNYA,1,unknown
1.57183,1.63619,1.27513,1.55783,0.350354,0.552711,1.57603,1.55932,-0.121209,-0.651962,-1.23186,-0.440346,-1.46885,-0.977106,-0.471818,0.600322,BARBUNYA,1,CALI
2.05998,2.10156,1.28062,2.53105,-0.271438,0.0242991,2.08542,1.96502,-1.1447,-1.63046,-1.58375,0.160951,-2.06957,-0.76797,0.120903,0.0698026,BARBUNYA,1,unknown
-0.44053,-0.42007,-0.503613,-0.182248,-0.527967,-0.261563,-0.445384,-0.402174,-1.03559,0.515125,0.255643,0.450086,0.0500106,0.357709,0.416376,0.27162,SIRA,1,DERMASON
1.89332,2.73311,1.83164,1.36256,1.11688,0.998346,1.88808,1.8288,0.220072,-0.252364,-4.06971,-1.0927,-1.32283,-1.35104,-1.08164,0.37466,BARBUNYA,1,unknown
2.2966,2.153,1.12359,3.30224,-0.832653,-0.676003,2.3018,2.15465,-0.624297,-0.759853,-1.11891,0.796304,-2.46921,-0.465822,0.77912,-0.316521,BARBUNYA,1,unknown
-1.04134,-1.16116,-1.05223,-1.01485,-0.651677,-0.418669,-1.04134,-1.1309,1.27893,0.463915,1.02394,0.59537,1.0586,0.967226,0.567409,0.321528,DERMASON,1,DERMASON
-0.920925,-0.97143,-0.87375,-0.957192,-0.428384,-0.144675,-0.917848,-0.97681,-0.644618,0.0406511,0.599713,0.345657,0.971244,0.63151,0.308875,0.553855,DERMASON,1,DERMASON
2.46825,2.19565,2.04726,2.12514,0.766176,0.815781,2.45182,2.28958,0.804675,0.113729,-0.810882,-0.840262,-1.80501,-1.33164,-0.849762,-0.793,CALI,1,CALI
1.48322,1.54061,0.803007,2.15321,-0.534301,-0.269276,1.49243,1.48339,-0.417822,-0.89195,-1.12528,0.469384,-1.86189,-0.447982,0.436339,0.696694,BARBUNYA,1,unknown
0.59692,0.981959,0.626358,0.560661,0.350662,0.552929,0.607154,0.678536,-0.317721,-0.895913,-1.91327,-0.466692,-0.653651,-0.735517,-0.497116,-0.388826,BARBUNYA,1,SIRA
2.51022,2.57536,1.60297,2.85851,-0.14699,0.146556,2.53807,2.32225,-1.35234,-1.68641,-2.07607,0.0256696,-2.24661,-0.930088,-0.0150102,-0.0923273,BARBUNYA,1,unknown
-0.439282,-0.519796,-0.866902,0.510135,-1.46194,-1.95466,-0.442544,-0.400755,0.136521,0.37477,0.907072,1.69267,-0.648157,1.44099,1.76353,0.855512,SEKER,1,SEKER
3.27479,3.48475,2.2509,3.19086,0.269438,0.494318,3.32058,2.89705,-0.679344,-2.25023,-3.16576,-0.393266,-2.41046,-1.25202,-0.42647,-0.453151,BARBUNYA,1,unknown
7.44108,4.97425,3.74584,7.01317,-0.387922,-0.0994095,7.40976,5.54783,0.620108,-0.159952,-0.320317,0.296835,-3.84235,-1.39397,0.25892,0.411416,BOMBAY,1,unknown
0.0750089,0.107965,0.182633,0.00458261,0.242291,0.474128,0.0632298,0.157611,0.569535,0.74548,0.0381037,-0.337585,-0.159835,-0.470416,-0.372604,0.685363,SIRA,1,SIRA
-0.759261,-0.657394,-0.402442,-1.1783,0.512985,0.662529,-0.761178,-0.776717,-2.27378,0.455016,-0.33166,-0.648999,1.3741,-0.265711,-0.670628,-1.78127,HOROZ,1,unknown
1.00072,1.38853,0.855786,1.11846,0.196544,0.439395,1.05567,1.0562,-0.590723,-3.37728,-2.11858,-0.348967,-1.08746,-0.787405,-0.383635,-1.36426,BARBUNYA,1,unknown
-0.743561,-0.727286,-0.66897,-0.780511,-0.27483,0.0208285,-0.740456,-0.757672,-0.0202596,-0.0538455,0.230929,0.18275,0.733456,0.353556,0.142943,0.725654,DERMASON,1,DERMASON
10.9729,6.57546,5.08266,9.26061,-0.363237,-0.0723921,10.9074,7.39811,-0.377324,0.144568,-0.200257,0.25674,-4.36389,-1.6251,0.218039,-0.0533082,BOMBAY,1,unknown
1.09558,1.11378,0.699093,1.52961,-0.263344,0.0325497,1.09091,1.14213,-0.0569859,-0.112835,-0.615549,0.147743,-1.42942,-0.52774,0.107568,-0.0951658,BARBUNYA,1,CALI
-1.2095,-1.28638,-1.06349,-1.5527,-0.175558,0.119338,-1.20692,-1.35418,0.954663,0.289794,0.51029,0.0757298,1.84852,0.664607,0.0351107,0.650016,DERMASON,1,DERMASON
1.32267,2.11523,0.979569,1.56633,0.0203584,0.296714,1.36843,1.34391,-0.982012,-2.74819,-3.69338,-0.155933,-1.4427,-0.765861,-0.195123,-0.538089,BARBUNYA,1,unknown
0.0725784,0.091163,0.0807606,0.182178,-0.0366909,0.247235,0.0713634,0.155086,-0.0109125,-0.0251222,0.120131,-0.0824513,-0.316337,-0.303382,-0.122567,0.0698333,SIRA,1,SIRA
2.35927,2.06888,1.7536,2.40408,0.277818,0.500489,2.36106,2.20416,0.51129,-0.622296,-0.615485,-0.430987,-1.95332,-1.12683,-0.462818,-1.57883,CALI,1,CALI
-0.797296,-0.873053,-0.859301,-0.591793,-0.70869,-0.495974,-0.795455,-0.823132,0.888273,0.100542,0.84352,0.661665,0.51678,0.801123,0.636897,0.263473,DERMASON,1,DERMASON
0.0117489,-0.113159,-0.428777,0.931144,-1.17757,-1.28416,0.0119101,0.0915734,-0.365123,-0.105016,1.00251,1.27259,-0.995697,0.738011,1.29406,0.524928,SEKER,1,SEKER
-1.33675,-1.49843,-1.36971,-1.44098,-0.788528,-0.609945,-1.33505,-1.53011,-0.538289,0.518312,0.992126,0.763851,1.6787,1.47293,0.744705,0.442109,DERMASON,1,DERMASON
1.28161,1.44492,0.819686,1.70687,-0.24585,0.0502358,1.29348,1.30783,0.892328,-1.01841,-1.39666,0.142609,-1.5656,-0.584867,0.102388,0.391662,BARBUNYA,1,unknown
1.1049,1.25186,1.06913,0.969124,0.558286,0.691453,1.12029,1.15053,-0.750928,-1.20346,-1.19325,-0.650227,-1.00126,-0.977279,-0.671789,-0.303251,BARBUNYA,1,CALI
0.550871,1.07938,1.32547,-0.296382,2.08638,1.37438,0.648726,0.634155,-0.561839,-6.24569,-2.4907,-1.92673,0.403933,-1.46748,-1.81092,-6.01847,HOROZ,1,unknown
0.281211,0.485647,0.774188,-0.362898,1.39459,1.12287,0.277223,0.36831,-2.1269,0.0938905,-0.954993,-1.30401,0.24836,-1.09975,-1.27175,0.293332,HOROZ,1,HOROZ
7.6758,4.99602,3.77041,7.30201,-0.483014,-0.207801,7.59877,5.67968,-0.297824,0.783848,-0.0378931,0.399723,-3.91734,-1.37231,0.36442,0.297332,BOMBAY,1,unknown
6.60511,4.67216,3.41577,6.54535,-0.430651,-0.147248,6.69393,5.06576,0.123352,-2.85076,-0.703848,0.280871,-3.66988,-1.33192,0.242628,-1.83688,BOMBAY,1,unknown
10.0309,6.11481,4.85694,8.59186,-0.263804,0.0320824,9.97794,6.92996,0.863239,0.0189343,-0.0788411,0.116596,-4.20293,-1.62358,0.0761776,-1.23519,BOMBAY,1,unknown
11.1039,7.14741,6.22339,7.80675,0.92134,0.900416,11.189,7.46191,1.27408,-2.24784,-1.44212,-1.01169,-3.99713,-2.00746,-1.00779,-2.53852,BOMBAY,1,unknown
7.84508,5.0902,4.0694,7.03314,-0.174895,0.119975,7.75712,5.77388,1.0925,0.982269,-0.0705928,0.0589808,-3.84171,-1.51216,0.0183187,0.0656579,BOMBAY,1,unknown
1.18643,1.40141,0.774877,1.57687,-0.210849,0.0850305,1.19917,1.22351,0.392905,-1.0622,-1.53879,0.106915,-1.47762,-0.578694,0.0664365,0.439096,BARBUNYA,1,unknown
-0.829944,-0.913768,-0.884305,-0.65559,-0.694601,-0.476565,-0.831799,-0.863291,-0.577974,0.500201,0.888205,0.652813,0.584086,0.821511,0.627598,0.543028,DERMASON,1,DERMASON
1.90193,2.19416,1.44532,1.95171,0.259779,0.48717,1.90835,1.83589,0.0880285,-0.785348,-2.35444,-0.367553,-1.72127,-1.00988,-0.401627,0.175225,BARBUNYA,1,unknown
1.54444,1.87507,1.03335,1.92155,-0.154244,0.139691,1.55957,1.53593,-0.0950961,-1.18426,-2.23657,0.030889,-1.69229,-0.718356,-0.00979388,-0.175746,BARBUNYA,1,unknown
7.17832,4.88136,4.04367,6.27146,0.134634,0.390919,7.15219,5.39845,1.00592,-0.249378,-0.439403,-0.289731,-3.59695,-1.59112,-0.326109,-1.36042,BOMBAY,1,unknown
0.0388134,0.345904,0.748986,-0.848946,1.90698,1.316,0.0412172,0.11991,-1.14904,-0.27903,-1.3862,-1.66451,0.843603,-1.21446,-1.58773,0.149225,HOROZ,1,HOROZ
1.93326,1.96296,2.20304,1.03896,1.82352,1.28734,1.92849,1.86165,0.702799,-0.280826,-1.42219,-1.66041,-1.005,-1.59595,-1.58419,-2.01924,HOROZ,1,unknown
-0.517257,-0.575832,-0.56497,-0.289876,-0.52915,-0.263002,-0.527108,-0.490118,-0.82237,1.01907,0.768992,0.45019,0.168999,0.408924,0.416483,0.227523,DERMASON,1,DERMASON
1.51495,1.29737,1.25896,1.50663,0.369281,0.565997,1.50877,1.51066,0.250973,-0.132228,0.0477949,-0.481389,-1.40732,-0.985584,-0.511205,-0.300532,CALI,1,CALI
-0.164959,-0.0746572,-0.161121,0.00558355,-0.214048,0.0818824,-0.160899,-0.0966346,-1.01082,-0.3483,-0.199905,0.0788274,-0.113618,-0.080266,0.0382187,-0.700622,SIRA,1,SIRA
0.506267,1.01565,0.779076,0.209614,0.842356,0.858148,0.531885,0.590893,-0.664138,-1.86072,-2.40056,-0.946679,-0.256927,-0.975513,-0.948143,-2.49702,HOROZ,1,unknown
2.56921,2.26054,1.09706,3.86127,-1.11539,-1.16069,2.59158,2.36796,0.234272,-1.46294,-0.787563,1.18954,-2.75145,-0.298241,1.20294,0.586415,BARBUNYA,1,unknown
-0.0837651,-0.0774864,-0.00645718,-0.0823885,0.0633783,0.332925,-0.091504,-0.00945431,1.02339,0.535961,0.26092,-0.168837,-0.0656673,-0.290935,-0.207819,0.556549,SIRA,1,SIRA
-1.61757,-1.88114,-1.684,-1.90907,-0.901688,-0.784081,-1.61218,-1.94363,-0.454223,0.25421,1.2592,0.911071,2.46648,2.06875,0.901515,0.641894,DERMASON,1,DERMASON
7.53568,4.91874,4.19759,6.46255,0.158585,0.409878,7.49516,5.60114,0.791997,0.0273376,-0.0139304,-0.294974,-3.6665,-1.61706,-0.331213,-0.699031,BOMBAY,1,unknown
0.170194,0.502469,0.756872,-0.551631,1.57421,1.19548,0.176456,0.255718,-1.35583,-0.585612,-1.5346,-1.4551,0.500824,-1.14586,-1.40547,-0.610415,HOROZ,1,HOROZ
0.717397,0.937295,0.554859,0.921287,-0.0107864,0.269913,0.7391,0.793329,-0.643657,-1.58729,-1.25158,-0.105175,-0.977602,-0.56103,-0.145051,0.19037,BARBUNYA,1,unknown
1.57334,1.47138,1.11447,1.8037,0.00787612,0.286033,1.55266,1.56061,0.510456,0.567684,-0.534255,-0.105515,-1.64346,-0.800495,-0.145388,0.866359,CALI,1,CALI
1.49465,2.26644,1.04316,1.78835,-0.0582781,0.228063,1.54343,1.49323,-1.11636,-2.83433,-3.69598,-0.0576741,-1.61447,-0.75506,-0.098003,0.179611,BARBUNYA,1,unknown
2.08002,1.85159,1.52419,2.15409,0.207293,0.447638,2.06883,1.98125,-0.978109,-0.0224623,-0.546339,-0.310262,-1.85641,-1.01658,-0.34608,0.467964,BARBUNYA,1,CALI
1.85108,1.85707,1.20421,2.27295,-0.194841,0.100687,1.84515,1.7939,0.48516,-0.212917,-1.25351,0.0630358,-1.90223,-0.77406,0.0223821,-0.543283,BARBUNYA,1,CALI
-1.21607,-1.26893,-1.02393,-1.63452,-0.0253433,0.257213,-1.21195,-1.36311,0.62659,0.103087,0.318792,-0.0831847,1.99176,0.531197,-0.123293,0.463053,DERMASON,1,DERMASON
2.20253,1.91217,1.83833,2.00691,0.633454,0.737953,2.21717,2.07978,0.422166,-1.1569,-0.432253,-0.758353,-1.69855,-1.25253,-0.773411,-1.96578,CALI,1,CALI
-1.05907,-1.17648,-1.16954,-0.862496,-0.953106,-0.86859,-1.05438,-1.15399,-0.0214836,-0.062176,0.990038,0.976063,0.843417,1.34979,0.971302,0.614505,DERMASON,1,DERMASON
2.5723,2.27955,2.1227,2.2919,0.7255,0.792486,2.63825,2.37035,-1.09265,-3.1824,-0.8522,-0.861986,-1.84956,-1.35669,-0.86992,-2.96101,CALI,1,CALI
0.937066,1.112,0.844702,0.956292,0.30462,0.520031,0.949931,0.997972,0.603844,-1.06469,-1.19332,-0.419612,-0.993686,-0.80913,-0.451869,-0.212525,BARBUNYA,1,CALI
0.510866,0.514754,0.56218,0.459745,0.352546,0.554258,0.495542,0.595365,1.44557,0.739494,-0.0730485,-0.462852,-0.569728,-0.705807,-0.493433,-0.177736,SIRA,1,SIRA
-0.551876,-0.375855,-0.263355,-0.848747,0.392056,0.581802,-0.547184,-0.53024,-1.73138,-0.282518,-0.699898,-0.517467,0.883238,-0.293274,-0.545714,-0.884103,DERMASON,1,SIRA
8.98534,5.72331,4.75883,7.39813,0.138902,0.394316,8.91559,6.39015,1.48978,0.43612,-0.316975,-0.265323,-3.93209,-1.69377,-0.302322,-0.29844,BOMBAY,1,unknown
-0.584918,-0.683077,-0.874559,0.0744354,-1.20443,-1.33974,-0.58824,-0.568797,1.20215,0.471124,1.03922,1.32088,-0.237379,1.21613,1.3473,0.892953,SEKER,1,SEKER
0.604672,0.861903,0.774777,0.527074,0.561565,0.69352,0.662992,0.685978,-1.01965,-3.8226,-1.35694,-0.780582,-0.466904,-0.913915,-0.794185,-5.18903,HOROZ,1,unknown
-1.13488,-1.24876,-1.14975,-1.14356,-0.693618,-0.475219,-1.13165,-1.25388,-0.740591,0.156024,0.887509,0.642928,1.24181,1.10983,0.617222,0.240325,DERMASON,1,DERMASON
1.58142,2.13176,1.17176,1.75543,0.101319,0.364105,1.60585,1.56749,-0.955056,-1.63351,-3.02602,-0.215763,-1.59281,-0.861732,-0.253876,0.191904,BARBUNYA,1,unknown
0.790313,0.909653,0.531009,1.11296,-0.174194,0.120649,0.793841,0.861909,1.3347,-0.513925,-0.840029,0.0700594,-1.13857,-0.478469,0.0294232,0.495372,BARBUNYA,1,unknown
1.38501,1.58399,0.507313,2.52673,-1.03497,-1.01084,1.43647,1.39837,0.548318,-3.00953,-1.61997,1.05976,-2.06116,-0.0435422,1.06168,-0.163294,BARBUNYA,1,unknown
0.792941,1.04524,0.454435,1.2705,-0.367686,-0.0772281,0.813401,0.864368,0.45322,-1.50581,-1.43943,0.261479,-1.24221,-0.360048,0.222865,-0.0579057,BARBUNYA,1,unknown
-0.753414,-0.861432,-1.00833,-0.185281,-1.21197,-1.35558,-0.753948,-0.769618,-0.0230137,0.312906,1.08843,1.33116,0.0318963,1.38008,1.35866,0.885979,SEKER,1,SEKER
0.522821,0.781788,0.933507,-0.0520143,1.29333,1.07929,0.522008,0.60698,-2.012,-0.191891,-1.32371,-1.23712,-0.0770431,-1.13197,-1.21197,-0.033749,HOROZ,1,HOROZ
-0.891693,-0.809801,-0.683102,-1.19208,0.0845834,0.350437,-0.887831,-0.940072,0.0422053,-0.0586095,-0.286893,-0.185747,1.29296,0.169239,-0.224437,0.701084,DERMASON,1,DERMASON
8.35162,5.4552,4.08938,7.76524,-0.446306,-0.165124,8.30608,6.05146,0.243522,0.0433503,-0.411301,0.314084,-4.00828,-1.45338,0.276546,-1.27697,BOMBAY,1,unknown
-0.471668,-0.581975,-0.913739,0.50798,-1.51884,-2.11495,-0.476305,-0.437704,0.239893,0.516177,1.11295,1.78127,-0.648236,1.55483,1.86438,0.918837,SEKER,1,SEKER
-1.02031,-0.998331,-0.686457,-1.54077,0.442573,0.616166,-1.02217,-1.10367,-0.676645,0.656338,0.00755332,-0.546542,1.86801,-0.0148189,-0.573447,-0.256211,DERMASON,1,DERMASON
-0.360454,0.00206889,0.47564,-1.35543,2.1273,1.38711,-0.351653,-0.311775,-2.9825,-0.690338,-1.66864,-1.84788,1.63063,-1.18267,-1.74439,-1.57226,HOROZ,1,HOROZ
0.137218,0.153736,0.107096,0.326824,-0.11565,0.175863,0.139209,0.221897,0.392456,-0.27632,0.0983979,-0.0246946,-0.427913,-0.292992,-0.0652298,-0.75219,SIRA,1,SIRA
-0.169294,-0.233622,-0.274072,0.152691,-0.474338,-0.197618,-0.179748,-0.101324,1.33793,0.802283,0.722466,0.391934,-0.297408,0.150163,0.356404,0.368284,SIRA,1,SIRA
0.747483,1.0382,0.400337,1.25738,-0.420468,-0.135722,0.756401,0.821706,-0.488273,-0.827255,-1.58049,0.32143,-1.2342,-0.305801,0.284061,0.00463971,BARBUNYA,1,unknown
0.93411,1.33804,0.772389,1.12932,0.0925467,0.356957,0.983563,0.995256,-1.2524,-3.11065,-2.14737,-0.264472,-1.07882,-0.720966,-0.301492,-1.93256,BARBUNYA,1,unknown
1.11062,1.10119,0.60478,1.69416,-0.469983,-0.192528,1.11919,1.15567,-0.387066,-0.835161,-0.502177,0.396019,-1.56515,-0.38105,0.360608,0.68737,BARBUNYA,1,unknown
1.33889,1.41828,0.603927,2.2102,-0.770703,-0.583894,1.35616,1.35812,0.409761,-1.29607,-1.09266,0.743436,-1.89137,-0.234767,0.723099,0.49182,BARBUNYA,1,unknown
0.40287,0.417477,0.467145,0.343577,0.327954,0.536808,0.390708,0.489542,-0.2886,0.589691,-0.0532045,-0.426615,-0.479324,-0.648291,-0.458611,0.338935,SIRA,1,SIRA
7.98737,5.23969,4.15312,7.13014,-0.157448,0.136649,7.95439,5.85249,1.40401,-0.174701,-0.30328,0.0207118,-3.85505,-1.53558,-0.0199628,-0.666833,BOMBAY,1,unknown
7.10692,4.6785,3.5998,6.82868,-0.415432,-0.130051,7.05033,5.35753,1.27678,0.43507,0.064523,0.314819,-3.78369,-1.3606,0.277298,-0.0317875,BOMBAY,1,unknown
2.27433,2.15707,2.18054,1.66215,1.25862,1.06388,2.29832,2.13698,-0.74176,-1.54938,-1.19595,-1.2648,-1.46214,-1.484,-1.23675,-2.20499,CALI,1,CALI
0.00531128,-0.0319294,-0.0270782,0.208841,-0.196837,0.0987441,0.00493833,0.0848146,-0.421903,-0.0630786,0.476468,0.0687887,-0.326306,-0.170636,0.0281491,-0.410397,SIRA,1,SIRA
-0.317558,-0.459049,-0.843301,0.83372,-1.61431,-2.40955,-0.323056,-0.263908,0.79032,0.493622,1.28077,1.92831,-0.926126,1.56337,2.03315,0.854483,SEKER,1,SEKER
0.672793,0.664202,0.678339,0.625909,0.362299,0.561112,0.656989,0.751048,-0.631839,0.68624,-0.133117,-0.461076,-0.73055,-0.75573,-0.491728,0.22874,SIRA,1,SIRA
-0.734758,-0.777678,-0.673061,-0.748738,-0.308382,-0.0139151,-0.733549,-0.747023,-0.66942,0.128901,0.634856,0.219814,0.691849,0.377092,0.180506,0.761172,DERMASON,1,DERMASON
-1.06833,-1.1311,-1.00252,-1.19424,-0.417557,-0.132441,-1.06845,-1.16609,-0.203404,0.499307,0.569022,0.330539,1.30645,0.752751,0.293385,0.444273,DERMASON,1,DERMASON
0.133802,0.475921,0.843817,-0.740183,1.91718,1.31944,0.13327,0.218383,1.53061,-0.0954557,-1.57291,-1.68883,0.732316,-1.2537,-1.60866,-0.593315,HOROZ,1,HOROZ
0.556718,0.872459,0.923904,0.26912,0.974362,0.927888,0.641367,0.639805,-2.45848,-5.44851,-1.59514,-1.16518,-0.163248,-1.10419,-1.14726,-6.90917,HOROZ,1,unknown
1.47908,1.49595,0.701874,2.32211,-0.73249,-0.52923,1.49185,1.47983,0.24326,-1.06832,-0.952175,0.706606,-1.96733,-0.301313,0.684206,0.826574,BARBUNYA,1,unknown
0.411279,0.422312,0.41262,0.458362,0.166826,0.41634,0.403747,0.497841,0.70871,0.280174,-0.0400413,-0.28299,-0.575587,-0.564561,-0.319544,0.0436291,SIRA,1,SIRA
-0.976039,-1.06528,-1.01901,-0.857021,-0.731857,-0.528338,-0.979238,-1.04678,0.833757,0.766765,0.844317,0.684482,0.856548,0.985029,0.660896,0.0866571,DERMASON,1,DERMASON
-0.258765,-0.392622,-0.60709,0.516173,-1.14321,-1.21507,-0.267863,-0.198916,0.184093,0.754106,1.20588,1.23204,-0.650001,0.88189,1.2495,0.743448,SEKER,1,SEKER
2.16147,1.99978,1.01196,3.21958,-0.895385,-0.773964,2.16579,2.04689,1.36644,-0.711785,-0.905361,0.885962,-2.43709,-0.379669,0.874646,0.0583784,BARBUNYA,1,unknown
0.216309,0.293721,0.323743,0.146286,0.307876,0.522385,0.21409,0.302721,-0.325717,-0.00462883,-0.274811,-0.41822,-0.277278,-0.576207,-0.450529,-0.0459072,SIRA,1,SIRA
1.34849,1.63023,1.83636,0.445951,1.95812,1.33308,1.34693,1.36651,-2.29446,-0.332051,-1.91841,-1.73837,-0.512681,-1.5375,-1.65116,-1.54915,HOROZ,1,HOROZ
-1.22297,-1.32035,-1.14331,-1.45254,-0.405556,-0.118985,-1.22041,-1.3725,-0.273448,0.303662,0.650043,0.314073,1.70155,0.895703,0.276536,0.331596,DERMASON,1,DERMASON
1.62964,1.65323,1.57473,1.34944,0.839108,0.856374,1.67648,1.60845,-0.0471643,-2.69307,-1.118,-0.94407,-1.22943,-1.23617,-0.945741,-2.49875,CALI,1,CALI
0.302101,1.08949,1.33365,-0.950972,2.92079,1.59815,0.333707,0.389283,-3.47973,-2.30388,-3.45702,-2.30727,1.0286,-1.58038,-2.12489,-1.12296,HOROZ,1,unknown
1.83072,1.56741,1.16651,2.28558,-0.240736,0.0553679,1.82475,1.77703,0.894208,-0.207435,-0.110265,0.11773,-1.91591,-0.739533,0.0773193,-0.311788,CALI,1,CALI
10.2132,6.7664,5.42491,8.22318,0.231456,0.465983,10.5787,7.02187,-1.10496,-6.90158,-1.50264,-0.504108,-4.04045,-1.82896,-0.532948,-5.91966,BOMBAY,1,unknown
-0.469171,-0.542388,-0.751244,0.184668,-1.11529,-1.16049,-0.473787,-0.434848,0.244015,0.51266,0.862766,1.19399,-0.340982,1.00488,1.20781,0.73981,SEKER,1,SEKER
9.50909,6.17987,5.50482,6.98061,0.830084,0.851431,9.41265,6.66338,1.74007,0.852725,-0.875295,-0.911989,-3.79907,-1.91763,-0.916173,-1.53171,BOMBAY,1,unknown
3.60469,3.42401,2.52153,3.28048,0.465667,0.631566,3.5795,3.13423,0.855487,0.197425,-2.32175,-0.549298,-2.47613,-1.36258,-0.576072,0.429578,BARBUNYA,1,unknown
0.932402,1.21213,1.53807,-0.0368142,2.08387,1.37359,0.913717,0.993687,-3.01255,0.73112,-1.63984,-1.76533,-0.120344,-1.47408,-1.6742,0.772463,HOROZ,1,HOROZ
7.76008,5.24742,4.35443,6.48606,0.259324,0.486832,7.72574,5.72667,-0.420833,-0.126095,-0.645435,-0.380421,-3.68027,-1.66072,-0.414066,-0.325541,BOMBAY,1,unknown
1.13828,1.40095,1.73113,0.126522,2.15968,1.39704,1.11725,1.18049,0.316018,0.765643,-1.70038,-1.824,-0.27034,-1.53726,-1.72414,0.330001,HOROZ,1,HOROZ
1.57617,1.48542,1.33135,1.56207,0.40897,0.593412,1.57319,1.56301,-0.773255,-0.302164,-0.585823,-0.547011,-1.41447,-1.03235,-0.573894,-1.42554,CALI,1,CALI
1.68719,2.0366,1.07406,2.13471,-0.244115,0.0519789,1.71566,1.65706,1.08273,-1.81282,-2.40172,0.132063,-1.83411,-0.697292,0.0917556,0.0768505,BARBUNYA,1,unknown
1.65283,1.712,0.967657,2.22493,-0.407246,-0.120873,1.66363,1.62808,-0.545766,-0.976287,-1.28275,0.323035,-1.90274,-0.580255,0.285703,0.584583,BARBUNYA,1,unknown
2.1413,2.45653,1.63777,2.10045,0.360149,0.559604,2.19038,2.03068,-1.57241,-2.63494,-2.60949,-0.457834,-1.81814,-1.10062,-0.488617,0.277163,BARBUNYA,1,unknown
1.5024,2.07454,1.04574,1.78976,-0.0564405,0.229705,1.5455,1.49989,0.522872,-2.55495,-3.05638,-0.0527837,-1.62222,-0.754288,-0.0931487,0.427684,BARBUNYA,1,unknown
0.438803,0.47083,0.519361,0.352242,0.386957,0.57828,0.432021,0.524935,0.952639,0.219914,-0.168657,-0.486141,-0.480657,-0.695705,-0.515756,0.13103,SIRA,1,SIRA
0.574782,0.764294,0.842174,0.196394,0.935847,0.908003,0.592694,0.657235,0.170845,-1.3708,-1.02953,-0.969855,-0.313652,-1.00724,-0.969447,-0.426805,SIRA,1,SIRA
-0.789216,-0.86929,-0.748314,-0.766494,-0.40426,-0.117538,-0.79552,-0.813239,1.4742,0.922346,0.877234,0.311448,0.732161,0.493966,0.273852,0.289118,DERMASON,1,DERMASON
-0.467398,-0.348476,-0.336258,-0.558249,0.0148191,0.291984,-0.464104,-0.432819,-1.01453,-0.18759,-0.346454,-0.113473,0.455785,-0.0541255,-0.153251,0.827929,SIRA,1,DERMASON
2.87198,3.02935,1.79655,3.19039,-0.152333,0.141503,2.84824,2.59887,0.504686,0.308018,-2.68518,0.0371302,-2.42403,-0.989122,-0.00355367,0.123731,BARBUNYA,1,unknown
-0.710781,-0.628666,-0.573845,-0.819635,-0.0988751,0.191317,-0.696883,-0.718119,-1.09972,-1.11674,-0.183565,-0.0245415,0.815863,0.165953,-0.0650775,-0.119443,SIRA,1,SIRA
6.15302,3.98716,2.5897,7.27846,-1.26666,-1.47404,6.06647,4.79632,0.694506,1.3415,0.729168,1.39113,-3.91173,-0.795479,1.42509,0.329849,BOMBAY,1,unknown
-1.36302,-1.57921,-1.48039,-1.33774,-1.05672,-1.05033,-1.35991,-1.56726,0.537026,0.350377,1.40942,1.12112,1.49913,1.88956,1.1283,0.93116,DERMASON,1,DERMASON
1.224,1.83257,1.25467,0.918705,0.817343,0.844415,1.27534,1.25691,-1.12487,-3.07411,-3.04442,-0.857445,-0.975726,-1.11088,-0.86571,0.197613,BARBUNYA,1,unknown
9.06213,5.67681,4.97588,7.14595,0.393462,0.582771,8.97943,6.43058,0.239696,0.668728,-0.0883206,-0.500076,-3.86791,-1.77303,-0.529092,-0.174356,BOMBAY,1,unknown
0.403396,0.503701,0.494609,0.315238,0.386281,0.577813,0.393612,0.490061,-1.80792,0.432123,-0.496567,-0.489607,-0.440871,-0.685848,-0.519074,-0.0242372,SIRA,1,SIRA
-1.00902,-1.02041,-0.924758,-1.143,-0.34178,-0.0492661,-1.0039,-1.08909,-0.496837,-0.136413,0.252437,0.249666,1.22929,0.626145,0.210841,0.532243,DERMASON,1,DERMASON
1.00519,1.54123,0.717963,1.29501,-0.0859255,0.203138,1.04289,1.06027,-0.794303,-2.43426,-2.68745,-0.0329881,-1.26378,-0.607815,-0.0734798,0.0551177,BARBUNYA,1,unknown
-0.251736,-0.159131,-0.202799,-0.138175,-0.155021,0.138954,-0.251854,-0.191192,0.183317,0.0159163,-0.196581,0.00507028,0.0523053,-0.087678,-0.0355752,-1.14405,SIRA,1,SIRA
-0.721423,-0.705738,-0.697823,-0.65001,-0.428143,-0.144401,-0.713796,-0.730929,0.38561,-0.506447,0.243255,0.335772,0.589584,0.462026,0.298744,0.211441,SIRA,1,DERMASON
0.389469,0.254431,-0.24658,1.56486,-1.32273,-1.60225,0.380766,0.476295,0.174336,0.36691,0.779293,1.48985,-1.48324,0.697221,1.53507,0.938697,SEKER,1,SEKER
-0.903846,-0.999943,-1.23679,-0.208665,-1.5079,-2.08332,-0.90242,-0.955314,0.277994,0.20714,0.941291,1.76587,0.0543883,1.98225,1.84681,0.962937,SEKER,1,SEKER
1.64002,1.55038,1.52086,1.39476,0.743476,0.80284,1.65879,1.61724,0.867434,-1.35709,-0.655392,-0.831589,-1.30102,-1.18502,-0.841703,-1.19445,CALI,1,CALI
-0.453471,-0.492127,-0.535805,-0.180934,-0.572718,-0.316796,-0.459908,-0.416915,0.749657,0.663224,0.633706,0.518737,0.0276007,0.421024,0.487529,0.875434,SIRA,1,SIRA
1.02503,0.938657,0.560232,1.59272,-0.455707,-0.175953,1.01448,1.07832,0.691184,0.232673,-0.0590542,0.37239,-1.48806,-0.368252,0.33631,0.418244,BARBUNYA,1,CALI
-1.27184,-1.42355,-1.33505,-1.27925,-0.871728,-0.736445,-1.26811,-1.43958,-0.0440973,0.193032,1.01291,0.871565,1.42549,1.49885,0.859262,0.586632,DERMASON,1,DERMASON
0.713521,0.74227,0.584538,0.852066,0.0751496,0.342673,0.706501,0.789665,1.14132,0.134289,-0.351021,-0.18114,-0.931333,-0.605255,-0.219911,0.528831,CALI,1,SIRA
0.415877,0.334913,0.25126,0.716558,-0.225924,0.0701395,0.402908,0.502375,1.36519,0.636276,0.453683,0.124345,-0.816879,-0.3092,0.0839797,0.494637,SIRA,1,SIRA
-0.879671,-1.05966,-1.19216,-0.223227,-1.43767,-1.88937,-0.885249,-0.925038,0.459482,0.93279,1.58637,1.66071,0.0688195,1.84342,1.7273,1.00076,SEKER,1,SEKER
-0.451041,-0.344713,-0.329638,-0.493941,-0.0321194,0.251263,-0.443641,-0.414143,0.587279,-0.552557,-0.269794,-0.0935101,0.416086,-0.0490238,-0.133515,-0.167853,SIRA,1,SIRA
0.697886,1.09519,1.37592,-0.279046,2.13614,1.38983,0.692429,0.774866,-1.12172,0.0449244,-2.00783,-1.80511,0.14741,-1.44443,-1.70809,0.499685,HOROZ,1,HOROZ
-1.09179,-1.21586,-1.20756,-0.88915,-0.989518,-0.930645,-1.09317,-1.19685,-0.637614,0.668741,1.01117,1.01251,0.892379,1.4229,1.01058,0.251183,DERMASON,1,DERMASON
2.19957,2.38472,1.32702,2.75039,-0.351446,-0.0596433,2.25803,2.07741,-0.227898,-3.0132,-2.21754,0.231858,-2.17832,-0.760112,0.192736,-0.4831,BARBUNYA,1,unknown
-0.315127,-0.383312,-0.407732,-0.0133696,-0.526699,-0.260024,-0.320796,-0.261207,1.11658,0.506474,0.79832,0.457421,-0.137957,0.284551,0.42396,0.581664,SIRA,1,DERMASON
-0.0324608,0.243958,0.437013,-0.561722,1.12675,1.00305,-0.0231423,0.0450125,-2.79291,-0.77766,-1.22233,-1.13912,0.53414,-0.910678,-1.12371,-1.18103,HOROZ,1,HOROZ
0.33383,0.665744,0.753367,-0.169012,1.16737,1.02219,0.349006,0.421013,-1.40089,-1.20636,-1.5801,-1.17394,0.0918455,-1.04674,-1.15516,-1.32665,HOROZ,1,HOROZ
9.17729,5.60308,4.23844,8.53761,-0.626573,-0.385647,9.09995,6.49097,0.36706,0.551965,0.272215,0.543035,-4.20303,-1.42358,0.512805,-0.473257,BOMBAY,1,unknown
1.23051,1.3871,0.497289,2.18806,-0.867846,-0.730357,1.25423,1.26267,0.926782,-1.6382,-1.32953,0.849674,-1.86507,-0.130462,0.835904,0.00517844,BARBUNYA,1,unknown
0.832224,0.746496,0.623717,1.04359,-0.018097,0.263549,0.814434,0.90103,-0.871944,0.727257,0.119391,-0.0826368,-1.09207,-0.584311,-0.122751,0.751602,BARBUNYA,1,SIRA
-0.498732,-0.128121,-0.688207,-0.019213,-0.895213,-0.773689,-0.487924,-0.468763,0.534379,-0.844221,-1.7528,0.899816,-0.130483,0.769776,0.889464,0.538201,SEKER,1,SEKER
0.866777,1.10246,0.889498,0.7856,0.490706,0.648048,0.918752,0.933124,-0.912418,-3.28662,-1.41192,-0.621244,-0.814187,-0.900479,-0.644387,-1.4717,BARBUNYA,1,unknown
0.640342,0.826031,1.05533,0.13364,1.27157,1.06966,0.669706,0.720126,-0.516951,-2.0607,-1.04988,-1.29736,-0.160058,-1.19226,-1.26583,-3.12764,HOROZ,1,HOROZ
1.71675,1.74955,1.69569,1.30892,1.00758,0.944745,1.71366,1.68192,1.23073,-0.321643,-1.23508,-1.05826,-1.22384,-1.30492,-1.05031,-1.66482,CALI,1,CALI
-0.257714,-0.225426,-0.195124,-0.218207,-0.0789655,0.209452,-0.262182,-0.19776,0.141152,0.373881,0.16008,-0.0295748,0.0829524,-0.109169,-0.0700851,0.440199,DERMASON,1,SIRA
1.56894,1.50902,0.955211,2.06616,-0.325481,-0.0319169,1.57493,1.55685,0.810395,-0.739141,-0.71127,0.237467,-1.80876,-0.607712,0.198436,0.730391,BARBUNYA,1,unknown
-0.915604,-0.908019,-0.705081,-1.21336,0.0707975,0.339077,-0.910876,-0.970104,0.211423,-0.138985,0.194967,-0.185945,1.34449,0.187056,-0.224631,0.191825,DERMASON,1,DERMASON
-0.776012,-0.822757,-0.737901,-0.752074,-0.401124,-0.114043,-0.77822,-0.797111,0.000366209,0.49628,0.64724,0.314571,0.704989,0.486258,0.277045,0.524364,DERMASON,1,DERMASON
-0.405255,-0.523185,-0.769117,0.432842,-1.29407,-1.53584,-0.408137,-0.362181,0.838015,0.322271,1.15048,1.4253,-0.556443,1.16315,1.46306,0.171848,SEKER,1,SEKER
1.61269,1.74441,0.987756,2.10982,-0.318129,-0.024152,1.62051,1.59408,-0.376736,-0.830964,-1.53537,0.223702,-1.83046,-0.626915,0.184452,0.521844,BARBUNYA,1,unknown
1.28693,1.59687,0.926539,1.5666,-0.0379475,0.246126,1.31491,1.31251,1.2998,-1.85054,-1.98608,-0.090032,-1.45089,-0.719731,-0.130073,-0.255466,BARBUNYA,1,unknown
2.24713,1.91534,1.01306,3.39863,-0.980016,-0.914269,2.23867,2.11536,1.2379,-0.174153,-0.314024,0.991655,-2.52289,-0.337867,0.988095,-0.0361145,BARBUNYA,1,unknown
1.79393,1.58316,1.40322,1.85525,0.2808,0.502677,1.78505,1.74645,1.11361,-0.0641526,-0.298149,-0.416242,-1.62858,-1.01228,-0.448623,-0.91968,CALI,1,CALI
-0.0975601,-0.286685,-0.590526,0.953373,-1.38073,-1.7428,-0.113517,-0.0241807,0.681559,1.18229,1.4822,1.56314,-1.01511,1.05791,1.61724,0.574913,SEKER,1,SEKER
1.89989,2.1679,1.25312,2.29092,-0.156078,0.137951,1.90648,1.83421,0.824961,-0.792679,-2.26831,0.0210213,-1.91146,-0.807739,-0.0196537,-0.603965,BARBUNYA,1,unknown
-1.34896,-1.46645,-1.3552,-1.49489,-0.716583,-0.506937,-1.33706,-1.54735,-0.922976,-0.845153,0.6099,0.658339,1.79065,1.38104,0.633402,-0.180889,DERMASON,1,DERMASON
2.84196,2.73292,1.40531,3.84357,-0.837812,-0.683877,2.85321,2.57624,0.400401,-1.02512,-1.8004,0.806023,-2.72584,-0.581344,0.789444,-0.20338,BARBUNYA,1,unknown
2.1346,2.13025,1.365,2.51663,-0.179351,0.115687,2.13706,2.02529,1.35764,-0.628838,-1.48231,0.0746588,-2.07143,-0.830105,0.0340363,0.466896,BARBUNYA,1,unknown
1.71583,1.79374,0.662262,2.91592,-1.07681,-1.08748,1.7278,1.68115,0.078412,-1.03345,-1.41279,1.14395,-2.29896,-0.0943603,1.15316,0.797733,BARBUNYA,1,unknown
2.11286,2.75244,1.67513,1.99905,0.468358,0.633348,2.15294,2.00778,-0.176547,-2.2569,-3.60174,-0.560606,-1.74923,-1.14472,-0.586838,0.0884429,BARBUNYA,1,unknown
-0.802748,-0.812126,-0.670144,-0.950725,-0.1246,0.167552,-0.801394,-0.829818,0.203249,0.153086,0.378141,0.0234701,0.957994,0.269209,-0.0172076,0.671226,DERMASON,1,DERMASON
3.00244,2.84709,2.01055,3.05488,0.125521,0.383635,3.02441,2.69653,-1.27351,-1.42434,-1.80545,-0.230396,-2.36469,-1.13818,-0.268201,0.522268,BARBUNYA,1,unknown
-0.433239,-0.175255,0.142169,-1.12509,1.30793,1.0857,-0.424856,-0.393885,-0.148212,-0.641695,-1.13328,-1.26808,1.2594,-0.831665,-1.23969,-0.849294,HOROZ,1,HOROZ
-0.719846,-0.725017,-0.510677,-0.96768,0.13394,0.390365,-0.720961,-0.72903,0.948593,0.348784,0.382899,-0.237573,0.98519,0.0093257,-0.275221,0.558423,DERMASON,1,DERMASON
2.62255,2.56218,1.43397,3.35123,-0.57245,-0.31646,2.65355,2.40909,1.03094,-1.79941,-1.7513,0.498012,-2.50442,-0.705079,0.466009,0.157693,BARBUNYA,1,unknown
-0.439873,-0.533582,-0.67939,0.130325,-0.986038,-0.924632,-0.449515,-0.401427,0.497665,0.935528,0.995228,1.02266,-0.288035,0.831842,1.02155,0.747741,SEKER,1,SEKER
0.875185,1.1164,0.712845,1.00714,0.112176,0.3729,0.88357,0.940912,0.551887,-0.806656,-1.44104,-0.220615,-1.05292,-0.678474,-0.258627,0.404374,BARBUNYA,1,unknown
2.4082,2.06323,1.25116,3.23278,-0.680477,-0.457312,2.4098,2.24262,0.228995,-0.618567,-0.454379,0.644682,-2.46239,-0.578457,0.619062,0.847729,BARBUNYA,1,unknown
2.95856,2.72369,1.90239,3.14692,-0.0292796,0.25376,2.95514,2.6638,-0.983861,-0.478033,-1.48963,-0.0746935,-2.4142,-1.05777,-0.114881,0.630166,BARBUNYA,1,unknown
2.70657,2.35832,2.40721,2.0018,1.23189,1.05185,2.6857,2.47347,-0.135857,0.236904,-0.796501,-1.19483,-1.74345,-1.51443,-1.17398,-0.191666,CALI,1,CALI
1.45839,1.57805,0.997769,1.81591,-0.124608,0.167544,1.47849,1.46198,0.443022,-1.43268,-1.35934,-0.00812067,-1.61458,-0.718384,-0.0487262,-0.482927,BARBUNYA,1,CALI
6.72361,4.51113,3.74165,6.04138,0.0193696,0.295871,6.66714,5.13534,0.594798,0.494433,-0.0241503,-0.135659,-3.55484,-1.50209,-0.175149,0.174603,BOMBAY,1,unknown
0.571104,0.881908,1.07638,-0.0909878,1.52417,1.17583,0.573974,0.653689,-2.66561,-0.434962,-1.57983,-1.44198,0.0156987,-1.24623,-1.39393,-1.53047,HOROZ,1,HOROZ
0.0763227,0.537803,0.846137,-0.882667,2.09407,1.37678,0.0900193,0.158976,-2.8382,-1.10598,-2.11535,-1.79017,0.893955,-1.28778,-1.69538,-0.0106346,HOROZ,1,HOROZ
-0.298442,-0.269682,-0.204315,-0.315003,-0.0102793,0.270353,-0.300204,-0.2427,-0.918275,0.171958,0.189335,-0.094724,0.183903,-0.133904,-0.134716,0.594705,DERMASON,1,SIRA
1.10648,1.40323,1.66916,0.144353,2.05973,1.36597,1.0975,1.15195,-2.448,0.120338,-1.81754,-1.76108,-0.286588,-1.50486,-1.67057,0.289652,HOROZ,1,HOROZ
-0.280508,-0.241978,-0.196944,-0.264472,-0.0428302,0.241808,-0.279612,-0.222871,-1.01855,-0.0554013,0.127151,-0.0751418,0.145067,-0.12949,-0.115326,0.111199,SIRA,1,SIRA
1.49511,1.56964,0.849027,2.10731,-0.460064,-0.180994,1.50786,1.49362,0.820077,-1.06759,-1.20634,0.378378,-1.82719,-0.505652,0.342462,0.457219,BARBUNYA,1,unknown
0.973195,1.39162,1.45437,0.208006,1.71499,1.24855,0.966069,1.03108,-0.625494,0.057552,-2.22446,-1.56519,-0.301943,-1.39328,-1.50173,-1.11539,HOROZ,1,HOROZ
1.269,1.58967,0.601203,2.08237,-0.702283,-0.487123,1.29335,1.29671,0.0378867,-1.66598,-2.01589,0.645444,-1.79861,-0.274877,0.619862,-0.0326364,BARBUNYA,1,unknown
-1.08909,-1.20857,-1.09318,-1.10624,-0.637234,-0.399597,-1.09104,-1.19331,0.404516,0.732318,0.97816,0.58775,1.17248,1.00889,0.559445,0.651072,DERMASON,1,DERMASON
1.8746,2.00099,2.33153,0.707945,2.29976,1.43856,1.85238,1.81335,0.960125,0.533396,-1.7356,-1.91904,-0.794359,-1.68858,-1.80446,0.00606447,HOROZ,1,HOROZ
-0.320842,-0.442516,-0.785098,0.69936,-1.47007,-1.97692,-0.327704,-0.26756,0.397194,0.60997,1.14966,1.70296,-0.811425,1.352,1.77521,0.791669,SEKER,1,SEKER
1.75846,1.61352,1.07675,2.27775,-0.327235,-0.0337748,1.7713,1.71686,1.02057,-1.07522,-0.542792,0.219674,-1.91996,-0.665705,0.180364,0.0228661,BARBUNYA,1,unknown
-0.298507,-0.28169,-0.16167,-0.376499,0.10204,0.36469,-0.304077,-0.242772,-0.550332,0.48812,0.26197,-0.21196,0.261388,-0.215964,-0.250149,0.359591,SIRA,1,DERMASON
8.04268,5.14511,4.26635,7.02321,-0.0363049,0.247576,8.00849,5.88292,0.143807,-0.15478,0.0516445,-0.105874,-3.82416,-1.58403,-0.145742,-0.776849,BOMBAY,1,unknown
0.963211,1.32519,1.67415,-0.100725,2.33775,1.44943,0.959226,1.02195,-2.0694,-0.117141,-1.99523,-1.95334,-0.0110364,-1.56034,-1.83326,-0.46859,HOROZ,1,HOROZ
0.823947,1.0108,1.1758,0.253999,1.31123,1.08714,0.819082,0.893321,0.62413,-0.0286118,-1.16995,-1.26023,-0.369226,-1.21804,-1.23267,-0.43076,HOROZ,1,HOROZ
-0.0387671,-0.161953,-0.251842,0.449162,-0.65698,-0.425724,-0.0516747,0.0383428,-0.295971,0.903685,1.023,0.612313,-0.588055,0.244188,0.585134,0.693632,SIRA,1,SEKER
1.11955,1.15738,0.741567,1.47392,-0.179999,0.115062,1.12493,1.16369,-0.777497,-0.663416,-0.725048,0.08476,-1.41556,-0.572291,0.0441735,0.809926,BARBUNYA,1,unknown
10.5584,6.44961,5.46764,8.26535,0.241395,0.473456,10.5116,7.19413,-0.955601,-0.127127,-0.343433,-0.402243,-4.11989,-1.81361,-0.435131,-1.77593,BOMBAY,1,unknown
0.986728,1.07614,0.814714,1.07201,0.183142,0.429047,0.989437,1.04344,-0.408618,-0.498457,-0.849093,-0.279393,-1.11466,-0.744446,-0.31604,0.763085,BARBUNYA,1,CALI
0.30624,0.61991,0.959223,-0.532359,1.84183,1.29372,0.312211,0.39343,-0.594554,-0.588463,-1.48675,-1.62916,0.462384,-1.27066,-1.55721,-0.191948,HOROZ,1,HOROZ
-0.687527,-0.620393,-0.620654,-0.680297,-0.290263,0.00494156,-0.68578,-0.69023,0.238573,0.0512521,-0.0790342,0.181875,0.631213,0.312289,0.142058,0.0974518,SIRA,1,DERMASON
-0.408999,-0.519519,-1.04786,1.01282,-1.94774,-3.82415,-0.411816,-0.366413,0.671197,0.31876,1.1015,2.49064,-1.07269,2.21682,2.69481,0.915676,SEKER,1,SEKER
1.64685,1.63001,1.10175,1.9781,-0.118098,0.173594,1.63335,1.62302,-0.581132,0.192786,-0.968016,0.0187879,-1.75348,-0.75023,-0.0218843,0.744832,BARBUNYA,1,CALI
0.254607,0.0194381,-0.491115,1.72595,-1.66966,-2.59742,0.233585,0.341502,0.813812,1.28306,1.49566,2.0183,-1.59244,1.22464,2.13731,0.898127,SEKER,1,SEKER
1.50621,1.38645,1.06203,1.77847,-0.031619,0.251703,1.50005,1.50316,-0.77735,-0.131393,-0.38673,-0.0828341,-1.60964,-0.771782,-0.122946,0.24357,BARBUNYA,1,CALI
-1.07871,-1.15308,-1.07908,-1.09479,-0.625123,-0.383758,-1.0742,-1.17968,0.249432,-0.0308462,0.645112,0.570557,1.16048,0.98212,0.541492,0.548191,DERMASON,1,DERMASON
7.14278,4.60415,3.48717,7.06391,-0.584048,-0.33106,7.06989,5.3781,0.443029,0.792987,0.354995,0.512747,-3.85245,-1.2849,0.481306,0.203121,BOMBAY,1,unknown
-0.373132,-0.416445,-0.631088,0.269952,-1.01639,-0.977683,-0.374763,-0.325996,0.421315,0.197767,0.652415,1.02947,-0.386827,0.789001,1.02891,-0.360525,SIRA,1,DERMASON
0.907505,1.61634,0.751196,1.01686,0.149818,0.402968,0.943798,0.97077,-1.08615,-2.38748,-3.27325,-0.257507,-1.06008,-0.709261,-0.294695,0.385866,BARBUNYA,1,unknown
-0.665652,-0.781634,-0.70692,-0.489056,-0.571741,-0.315572,-0.673966,-0.664121,1.10981,1.00756,1.16059,0.51763,0.372357,0.571077,0.486379,0.876312,DERMASON,1,DERMASON
-0.404006,-0.365161,-0.363451,-0.328296,-0.219682,0.0763224,-0.406265,-0.36077,-0.960738,0.267698,0.139984,0.115617,0.20504,0.0777474,0.0751922,0.417137,SIRA,1,SIRA
1.67858,1.6562,0.942972,2.31635,-0.485359,-0.210565,1.69087,1.64981,0.0605011,-1.04797,-0.97551,0.413963,-1.96084,-0.53418,0.37909,0.708022,BARBUNYA,1,unknown
-0.104261,-0.235947,-0.718765,1.2081,-1.66545,-2.58263,-0.109062,-0.031346,0.680127,0.319952,1.11465,2.00428,-1.21652,1.46411,2.12105,0.670865,SEKER,1,SEKER
11.6314,7.01758,5.72965,8.97918,0.12419,0.382568,11.5759,7.716,0.242006,-0.0693402,-0.59547,-0.255094,-4.29939,-1.81487,-0.29234,-0.446373,BOMBAY,1,unknown
1.08185,1.16785,0.479134,1.92148,-0.738628,-0.537904,1.09711,1.12976,-0.653254,-1.1975,-0.909123,0.664313,-1.67269,-0.20108,0.639679,-0.893412,BARBUNYA,1,unknown
-1.49421,-1.60125,-1.45103,-1.87322,-0.522501,-0.254936,-1.48734,-1.7573,0.815119,-0.0769182,0.22276,0.460138,2.3915,1.37717,0.42677,0.847266,DERMASON,1,DERMASON
-0.280771,-0.332754,-0.56321,0.419041,-1.02715,-0.996812,-0.277675,-0.223161,1.231,-0.235956,0.684997,1.0318,-0.513735,0.726473,1.03142,-0.756798,SIRA,1,SIRA
7.14416,4.67126,3.74581,6.58795,-0.215365,0.0805844,7.0684,5.37889,0.382545,0.856678,0.14554,0.117255,-3.72746,-1.43963,0.0768409,0.641699,BOMBAY,1,unknown
-0.504907,-0.534274,-0.603946,-0.205563,-0.64691,-0.412352,-0.511164,-0.475873,-0.269744,0.68396,0.575903,0.606038,0.0535444,0.52719,0.578566,0.89096,SEKER,1,DERMASON
0.0560901,0.33382,0.682929,-0.715092,1.65145,1.22499,0.0566453,0.137933,1.21437,-0.148717,-1.24502,-1.50152,0.689265,-1.13597,-1.44618,-0.291889,HOROZ,1,HOROZ
0.733097,0.774435,0.488523,1.05237,-0.181469,0.113645,0.730902,0.808152,-0.585966,-0.161966,-0.427606,0.0793939,-1.09323,-0.453517,0.0387873,0.558701,BARBUNYA,1,SIRA
-0.502608,-0.556769,-0.496968,-0.374094,-0.368145,-0.077728,-0.510389,-0.473225,1.1987,0.819644,0.738998,0.275719,0.256015,0.260892,0.237374,0.433589,DERMASON,1,DERMASON
2.2629,2.48427,1.67444,2.2548,0.295027,0.51307,2.29263,2.1279,-1.37096,-1.79183,-2.39144,-0.389385,-1.92103,-1.08976,-0.422724,0.593604,BARBUNYA,1,unknown
-0.57178,-0.609028,-0.803345,-0.0275122,-1.04266,-1.0247,-0.574361,-0.553435,0.0468769,0.394028,0.626236,1.10161,-0.13435,1.00438,1.10708,0.902801,SEKER,1,SEKER
8.96819,5.88329,4.72048,7.68802,-0.00534076,0.274635,9.20582,6.38111,-0.0650568,-5.21476,-0.769187,-0.224508,-3.94238,-1.67942,-0.262439,-3.99203,BOMBAY,1,unknown
1.31137,1.4187,0.998501,1.50161,0.0853728,0.351085,1.31278,1.334,-1.33067,-0.478926,-1.18742,-0.212645,-1.40462,-0.794264,-0.250821,-0.270053,BARBUNYA,1,CALI
0.133473,-0.0479566,-0.332791,1.06395,-1.14269,-1.21403,0.117002,0.218045,0.521867,1.04823,1.2659,1.2308,-1.10727,0.631238,1.24814,0.726018,SEKER,1,SEKER
-0.706248,-0.886036,-0.997165,-0.0585524,-1.28054,-1.50513,-0.71528,-0.712672,0.274984,1.11597,1.62276,1.42931,-0.103456,1.42977,1.46752,0.936297,SEKER,1,SEKER
1.4486,1.44216,1.17602,1.55434,0.244081,0.475469,1.49011,1.45353,-0.985275,-2.49381,-0.824902,-0.399789,-1.40432,-0.928156,-0.432764,-1.58958,BARBUNYA,1,CALI
8.59533,5.74331,5.16598,6.38846,0.883862,0.880565,8.5468,6.1828,-0.360509,0.0766551,-0.87368,-0.9544,-3.63014,-1.88832,-0.955245,-1.47409,BOMBAY,1,unknown
4.66809,3.20374,1.86388,6.28665,-1.44109,-1.89845,4.61261,3.86101,-0.0508805,0.903925,0.642988,1.64184,-3.6311,-0.456435,1.70596,0.226732,BOMBAY,1,unknown
9.20527,5.83346,4.83878,7.60468,0.106011,0.367913,9.20988,6.5056,0.967063,-0.959339,-0.336929,-0.258508,-3.96898,-1.70339,-0.295672,-1.2274,BOMBAY,1,unknown
0.93273,1.39203,1.70849,-0.225737,2.5303,1.50217,0.929338,0.993989,-3.35255,-0.143005,-2.36382,-2.04886,0.0916929,-1.59466,-1.91297,0.424075,HOROZ,1,HOROZ
2.53243,2.34147,1.95142,2.34721,0.51428,0.663366,2.53103,2.33949,0.617838,-0.509362,-1.19114,-0.605345,-1.95917,-1.23673,-0.629326,-0.0637151,BARBUNYA,1,CALI
1.68968,2.19074,1.24012,1.87803,0.092476,0.356899,1.7092,1.65916,0.177226,-1.39034,-2.92374,-0.21764,-1.66333,-0.887477,-0.255715,-0.198247,BARBUNYA,1,unknown
1.45563,1.61592,0.830111,2.07493,-0.460576,-0.181588,1.461,1.4596,0.555751,-0.698173,-1.52056,0.366859,-1.79556,-0.501507,0.330628,0.0279315,BARBUNYA,1,unknown
-1.09645,-1.09618,-0.81762,-1.58555,0.271495,0.495835,-1.09227,-1.20299,1.01392,0.0189926,0.0807515,-0.372737,1.91337,0.181297,-0.406639,0.393366,DERMASON,1,DERMASON
-0.839337,-0.860021,-0.714071,-0.978192,-0.166366,0.128149,-0.837415,-0.874901,0.49419,0.115906,0.437657,0.0595727,1.00518,0.325709,0.0189117,0.410468,DERMASON,1,DERMASON
-1.28899,-1.44003,-1.27914,-1.44684,-0.634373,-0.395843,-1.28522,-1.46333,0.67801,0.201191,0.981681,0.586533,1.67595,1.23303,0.558173,0.726407,DERMASON,1,DERMASON
0.0408499,0.012258,-0.526262,1.2054,-1.44431,-1.90704,0.0392806,0.122037,0.725808,0.0124884,0.407124,1.66338,-1.21726,1.05192,1.73033,0.766063,SEKER,1,SEKER
8.6668,5.77391,4.93347,6.84126,0.502235,0.655563,8.66357,6.22106,0.815152,-0.801295,-0.862842,-0.642709,-3.75362,-1.79732,-0.664687,-1.90287,BOMBAY,1,unknown
-0.670053,-0.757147,-0.872357,-0.193689,-1.02121,-0.986226,-0.672934,-0.669364,-0.0489502,0.487125,0.956213,1.07329,0.0403522,1.06138,1.07634,0.902552,SEKER,1,SEKER
2.15247,2.21071,1.39245,2.50979,-0.148063,0.145543,2.18974,2.03966,-0.640255,-2.12805,-1.72928,0.0393624,-2.06496,-0.852418,-0.001321,0.366413,BARBUNYA,1,unknown
0.19542,0.221629,0.18404,0.313035,-0.00713083,0.273084,0.190077,0.28147,0.7337,0.221852,0.0128848,-0.111263,-0.442879,-0.374194,-0.151068,0.100632,SIRA,1,SIRA
1.32654,1.1881,0.930011,1.62301,-0.0717406,0.215979,1.31311,1.34731,-0.73586,0.287935,-0.114374,-0.0418392,-1.50459,-0.703071,-0.0822782,0.259767,BARBUNYA,1,CALI
-0.0165637,0.39831,0.598567,-0.74657,1.56343,1.19128,-0.00558382,0.0617945,-2.22013,-0.903224,-1.896,-1.45664,0.755484,-1.08979,-1.40682,-0.988364,HOROZ,1,HOROZ
7.30583,4.92876,4.31326,5.95781,0.478905,0.640307,7.23708,5.47118,1.06594,0.671243,-0.387644,-0.579846,-3.51977,-1.69938,-0.60513,-0.288422,BOMBAY,1,unknown
0.782102,1.02356,1.30551,-0.00390691,1.73927,1.25738,0.78177,0.854219,0.84002,-0.284667,-1.38561,-1.561,-0.119425,-1.35137,-1.49808,-0.246669,HOROZ,1,HOROZ
-0.944771,-1.06286,-1.03091,-0.754853,-0.831031,-0.673535,-0.946122,-1.00697,0.0684887,0.536253,1.08101,0.826769,0.698191,1.08673,0.811506,0.797719,DERMASON,1,DERMASON
1.53886,1.42737,1.3612,1.38262,0.574224,0.701465,1.51425,1.53115,1.28138,0.775613,-0.457162,-0.653201,-1.3301,-1.0776,-0.674596,0.118475,CALI,1,CALI
6.33433,4.34058,3.36028,6.13189,-0.298908,-0.00402775,6.27575,4.90516,0.937886,0.613539,-0.127891,0.189367,-3.58029,-1.34472,0.149641,0.0327373,BOMBAY,1,unknown
0.203368,0.261535,0.187547,0.332747,-0.0180618,0.263579,0.205957,0.289564,-0.641039,-0.335586,-0.165088,-0.10517,-0.455594,-0.373488,-0.145046,-0.0778849,SIRA,1,SIRA
-0.082517,-0.253613,-0.643548,1.0967,-1.5209,-2.12095,-0.0924723,-0.00812363,0.782407,0.706183,1.35488,1.78475,-1.13877,1.24532,1.86835,0.928793,SEKER,1,SEKER
0.376134,0.562788,0.669978,0.00974408,0.883313,0.880271,0.367146,0.463087,-1.80544,0.391841,-0.910906,-0.927357,-0.127278,-0.926432,-0.930348,-0.426187,SIRA,1,HOROZ
1.37358,1.56044,0.810935,1.9363,-0.397728,-0.110266,1.39315,1.38842,-0.246415,-1.41151,-1.56287,0.294897,-1.70541,-0.521149,0.256941,-0.0438182,BARBUNYA,1,unknown
9.41108,5.92302,4.75758,7.97067,-0.0929932,0.196698,9.37972,6.61269,-1.04367,-0.314018,-0.321041,-0.0526809,-4.06422,-1.64678,-0.0930467,-0.92888,BOMBAY,1,unknown
-0.137631,-0.131711,-0.0860758,-0.0749565,-0.0494611,0.235924,-0.143017,-0.0671556,-0.51262,0.382674,0.283267,-0.0686827,-0.0578333,-0.197168,-0.108923,0.102673,SIRA,1,SIRA
1.98581,2.4814,1.60572,1.85132,0.498639,0.653224,2.00989,1.90468,-0.669636,-1.57738,-3.08668,-0.577003,-1.66467,-1.12918,-0.602429,0.493215,BARBUNYA,1,unknown
1.18203,1.33023,1.11181,1.07776,0.523155,0.669083,1.19749,1.21958,0.879139,-1.20664,-1.25713,-0.629787,-1.0755,-0.985345,-0.652471,-0.701945,BARBUNYA,1,CALI
-0.583473,-0.756241,-0.919187,0.169392,-1.32309,-1.60311,-0.593146,-0.567105,0.799911,1.06146,1.56775,1.48993,-0.332198,1.37424,1.53516,0.923988,SEKER,1,SEKER
-0.819762,-0.825137,-0.762215,-0.829558,-0.370938,-0.0807727,-0.808495,-0.850735,1.00249,-0.848878,0.342438,0.270319,0.819114,0.483736,0.231869,0.130795,SIRA,1,DERMASON
-0.280771,-0.200254,-0.218534,-0.236664,-0.09567,0.194251,-0.277352,-0.223161,-0.171299,-0.262444,-0.122001,-0.0155824,0.106948,-0.0870357,-0.056159,0.328463,SIRA,1,SIRA
1.3456,1.73709,0.740622,1.9879,-0.502434,-0.230821,1.38541,1.36398,-0.558424,-2.43983,-2.33191,0.419841,-1.74595,-0.438179,0.38515,0.230887,BARBUNYA,1,unknown
-0.673666,-0.742158,-0.674617,-0.558472,-0.469955,-0.192495,-0.679776,-0.673672,-0.276915,0.801539,0.826201,0.390684,0.4681,0.471597,0.355118,0.499149,DERMASON,1,DERMASON
-0.820419,-0.866917,-0.798275,-0.778244,-0.468228,-0.190482,-0.825021,-0.851544,-0.739165,0.776053,0.62701,0.387501,0.740815,0.582944,0.351843,0.455172,DERMASON,1,DERMASON
8.4541,5.64022,4.98578,6.4945,0.703113,0.779458,8.51658,6.10685,0.118855,-2.06909,-0.782189,-0.811902,-3.65657,-1.83856,-0.823388,-1.74765,BOMBAY,1,unknown
0.322859,0.904846,1.05721,-0.541717,1.99266,1.34441,0.364564,0.410059,-3.37123,-2.96135,-2.65823,-1.7875,0.566009,-1.35099,-1.69311,-2.67478,HOROZ,1,unknown
2.27341,1.92628,1.82372,2.09863,0.553828,0.688637,2.2437,2.13625,1.12197,0.727331,-0.282207,-0.654116,-1.79355,-1.21662,-0.67546,-0.602997,CALI,1,CALI
9.551,6.08074,5.15461,7.54632,0.338341,0.544207,9.47416,6.685,0.698541,0.492532,-0.568697,-0.48438,-3.94975,-1.79236,-0.514069,-1.48561,BOMBAY,1,unknown
1.18662,1.56329,0.78264,1.56018,-0.191459,0.103975,1.20446,1.22368,0.55597,-1.33223,-2.18048,0.0893399,-1.46881,-0.589066,0.0487725,0.540261,BARBUNYA,1,unknown
-0.822981,-0.869179,-0.836584,-0.718494,-0.574251,-0.318719,-0.822568,-0.854701,0.636337,0.261639,0.623724,0.509039,0.664732,0.689397,0.477455,0.471914,DERMASON,1,DERMASON
2.44571,2.22334,0.987413,3.86854,-1.21435,-1.3606,2.46325,2.27199,1.19192,-1.27362,-0.97876,1.30139,-2.73688,-0.19908,1.32579,-0.207107,BARBUNYA,1,unknown
0.44465,0.790372,1.24335,-0.606023,2.33713,1.44925,0.437315,0.530676,-2.34563,0.253662,-1.68192,-1.93845,0.537797,-1.44941,-1.82076,0.160759,HOROZ,1,HOROZ
2.20299,2.19676,1.62953,2.25805,0.247181,0.477788,2.20536,2.08014,-0.832607,-0.631717,-1.54038,-0.371736,-1.89628,-1.07022,-0.405672,-0.427062,BARBUNYA,1,CALI
0.162049,0.052544,-0.0765439,0.653454,-0.58001,-0.325963,0.149666,0.24738,1.00938,0.736707,0.808063,0.522888,-0.769925,0.0750334,0.491844,0.72399,BARBUNYA,1,SIRA
2.31236,2.01313,1.88957,2.09142,0.627049,0.734061,2.32975,2.16713,0.664254,-1.27115,-0.525145,-0.72983,-1.77633,-1.25775,-0.746696,-1.07617,CALI,1,CALI
1.00696,1.2589,0.456649,1.73336,-0.653348,-0.420889,1.0263,1.06189,0.777105,-1.4239,-1.57004,0.602729,-1.58673,-0.215349,0.575105,0.509346,BARBUNYA,1,unknown
-1.04331,-1.09357,-0.991788,-1.12937,-0.458889,-0.179633,-1.03992,-1.13346,-0.718822,0.0780944,0.501012,0.373311,1.21824,0.767032,0.337255,0.324128,DERMASON,1,DERMASON
-0.70973,-0.721613,-0.795822,-0.425837,-0.746343,-0.548863,-0.706824,-0.716856,-0.718897,-0.0503595,0.431244,0.693704,0.338002,0.756131,0.670607,-0.200975,DERMASON,1,DERMASON
2.53545,2.73838,1.75004,2.74985,0.0587574,0.329079,2.59636,2.34183,-1.32806,-2.99699,-2.55095,-0.23193,-2.14113,-1.06211,-0.269701,-1.94722,BARBUNYA,1,unknown
-0.111552,-0.118831,-0.074978,-0.0337814,-0.0681607,0.219202,-0.120295,-0.039153,-0.0824476,0.630165,0.352035,-0.043695,-0.108216,-0.19258,-0.0841222,0.32509,SIRA,1,SIRA
0.0642357,0.155217,0.101971,0.123397,0.0378858,0.311579,0.0711698,0.146413,-0.135358,-0.615689,-0.277639,-0.153852,-0.262236,-0.346973,-0.193075,0.18025,SIRA,1,SIRA
0.408257,1.19774,0.123835,0.984365,-0.561135,-0.302332,0.458295,0.494859,-0.78989,-3.44834,-3.46786,0.444847,-0.984756,-0.0915135,0.410962,-1.25016,BARBUNYA,1,unknown
-0.514695,-0.492106,-0.419013,-0.543752,-0.116334,0.17523,-0.516392,-0.48716,-0.974415,0.279344,0.241071,0.0119837,0.448251,0.066705,-0.0286771,0.562247,DERMASON,1,DERMASON
-0.272363,-0.207122,-0.128037,-0.364599,0.138547,0.394034,-0.276126,-0.213885,1.01777,0.323929,-0.0333239,-0.245382,0.245292,-0.252263,-0.282854,0.432987,DERMASON,1,SIRA
-0.739488,-0.776931,-0.798962,-0.539758,-0.662891,-0.433618,-0.736777,-0.752742,-0.591211,-0.0169383,0.595662,0.620594,0.437086,0.71692,0.593806,0.737912,DERMASON,1,DERMASON
1.81174,1.61377,1.46221,1.74832,0.41814,0.599663,1.77808,1.76126,0.00110423,1.09233,-0.373539,-0.509986,-1.59101,-1.06273,-0.538566,0.299631,CALI,1,CALI
9.31418,5.96308,4.73255,7.95242,-0.101963,0.188484,9.40135,6.56238,1.34467,-2.44584,-0.548643,-0.067735,-4.04508,-1.64649,-0.107983,-1.8116,BOMBAY,1,unknown
1.76477,1.72513,1.04469,2.32526,-0.387621,-0.0990766,1.76304,1.72213,0.705095,-0.393788,-0.988169,0.298946,-1.96072,-0.62248,0.261076,0.498746,BARBUNYA,1,unknown
-1.00409,-1.01784,-0.81803,-1.30255,-0.021436,0.260633,-1.00119,-1.08275,0.0224624,0.108722,0.273585,-0.0891271,1.46844,0.335305,-0.129177,0.388629,DERMASON,1,DERMASON
3.99621,3.18972,2.90739,3.34909,0.777229,0.822029,3.97289,3.40816,-0.861106,0.0627173,-0.747525,-0.828211,-2.50058,-1.52015,-0.838562,0.0389796,CALI,1,unknown
1.7245,1.91701,1.13417,2.0829,-0.150059,0.143655,1.73296,1.68842,-0.680547,-0.868511,-1.85885,0.0504928,-1.81834,-0.751402,0.0098177,0.697022,BARBUNYA,1,unknown
2.14709,2.40108,1.45984,2.3866,-0.00602642,0.274041,2.17876,2.03533,0.717856,-1.88981,-2.40966,-0.103972,-1.99466,-0.925603,-0.143862,0.410392,BARBUNYA,1,unknown
2.25659,2.04934,1.54325,2.48988,0.0137722,0.291088,2.24835,2.12289,0.601486,-0.185406,-0.828924,-0.142767,-2.03667,-0.966882,-0.182155,-0.293325,BARBUNYA,1,CALI
-0.798675,-0.83673,-0.794869,-0.71287,-0.517688,-0.249122,-0.794035,-0.824823,0.599506,-0.182543,0.577657,0.438512,0.665011,0.608669,0.404418,0.277336,DERMASON,1,DERMASON
10.0539,6.53604,6.10271,6.81723,1.32358,1.09252,10.0379,6.94159,0.691472,-0.618608,-1.13086,-1.31607,-3.7392,-2.04994,-1.2825,-2.32453,BOMBAY,1,unknown
-0.663287,-0.728607,-0.667102,-0.547574,-0.468059,-0.190284,-0.667769,-0.661306,0.299916,0.636346,0.806044,0.394386,0.447522,0.46698,0.358927,0.706359,DERMASON,1,DERMASON
1.9868,1.83418,1.15308,2.59935,-0.436372,-0.153758,1.97697,1.90548,-0.246758,-0.0626987,-0.754767,0.344869,-2.11182,-0.650265,0.308067,0.20887,BARBUNYA,1,unknown
10.505,6.75572,5.83446,7.58859,0.767266,0.816399,10.4632,7.16763,0.739464,-0.206168,-1.16152,-0.842145,-3.97167,-1.93897,-0.85151,-0.831067,BOMBAY,1,unknown
1.97576,2.27315,1.23813,2.45792,-0.270926,0.0248227,1.99279,1.89647,1.62851,-1.2641,-2.42696,0.147254,-2.01533,-0.75665,0.107075,-0.404264,BARBUNYA,1,unknown
8.93476,5.67156,4.46868,7.83062,-0.225008,0.0710485,8.87427,6.36345,0.454616,0.267592,-0.239604,0.0928103,-4.03555,-1.57001,0.0522585,-0.612006,BOMBAY,1,unknown
7.90722,5.20587,4.26415,6.83661,0.0411818,0.314357,7.86363,5.80828,0.690395,0.0511763,-0.319265,-0.17758,-3.77617,-1.60036,-0.216414,-0.577285,BOMBAY,1,unknown
-0.435341,0.218413,-0.482499,-0.164177,-0.513111,-0.24361,-0.385479,-0.396274,-0.801465,-4.17938,-3.07885,0.397518,0.0745934,0.312876,0.362151,-0.98493,SIRA,1,unknown
1.37029,1.47685,1.41293,1.03416,0.907801,0.893287,1.37024,1.38555,0.302157,-0.412469,-1.23273,-0.968131,-1.0245,-1.19629,-0.967863,-1.2517,CALI,1,CALI
7.47012,5.09244,3.99741,6.72768,-0.0977681,0.192331,7.44752,5.56422,0.612144,-0.349681,-0.620515,-0.0541281,-3.73495,-1.52713,-0.0944834,-1.15941,BOMBAY,1,unknown
0.394528,0.765,0.931925,-0.312186,1.55981,1.18987,0.40123,0.481298,-1.32567,-0.650481,-1.77431,-1.43562,0.209935,-1.19819,-1.38834,-0.226121,HOROZ,1,HOROZ
2.13112,2.11148,0.746432,3.7081,-1.35779,-1.6862,2.1785,2.02249,-0.851485,-2.56543,-1.42172,1.49933,-2.65991,0.0135277,1.54568,-0.408715,BARBUNYA,1,unknown
0.249943,0.228795,0.196138,0.407024,-0.0645717,0.222426,0.238233,0.336792,0.585829,0.63944,0.241473,-0.0395667,-0.546897,-0.349811,-0.0800198,0.610548,SIRA,1,SIRA
-0.973609,-0.938026,-0.707951,-1.3854,0.240543,0.472818,-0.974267,-1.04367,-0.730817,0.483285,-0.0432946,-0.344855,1.59609,0.10599,-0.379651,0.349513,DERMASON,1,DERMASON
0.179194,0.248178,0.405686,-0.0786078,0.612564,0.725212,0.165998,0.264917,1.36083,0.784272,-0.210864,-0.679429,-0.0639408,-0.720046,-0.699328,0.391218,SIRA,1,SIRA
6.7853,4.83546,4.21942,5.43593,0.672706,0.761523,6.78088,5.17138,1.16614,-0.710799,-0.901191,-0.757046,-3.34104,-1.72515,-0.772188,-0.618099,BOMBAY,1,unknown
-0.450121,-0.469175,-0.374794,-0.432585,-0.148558,0.145076,-0.453324,-0.413095,0.42498,0.376015,0.506763,0.0389508,0.326479,0.0478992,-0.0017327,0.332715,SIRA,1,DERMASON
0.645334,0.674764,0.412117,0.974449,-0.216514,0.0794514,0.646079,0.724892,0.421209,-0.318975,-0.302532,0.120344,-1.03604,-0.397418,0.0799506,0.709834,BARBUNYA,1,SIRA
2.3121,2.02261,1.93458,1.9713,0.759803,0.812163,2.27882,2.16692,1.01341,0.865842,-0.564138,-0.809657,-1.7344,-1.29368,-0.821298,0.195923,CALI,1,CALI
-1.35744,-1.4267,-1.26916,-1.69222,-0.38525,-0.0964631,-1.34784,-1.55934,-0.415832,-0.533073,0.213182,0.29198,2.0947,1.02901,0.253963,0.343092,DERMASON,1,DERMASON
-1.2723,-1.37155,-1.30392,-1.33624,-0.772906,-0.587095,-1.26508,-1.44021,-0.685727,-0.256888,0.592556,0.745592,1.51577,1.37119,0.725379,0.473181,DERMASON,1,DERMASON
1.83374,1.85517,1.41651,1.85901,0.292342,0.511115,1.83379,1.77953,-0.925936,-0.486376,-1.29795,-0.393654,-1.66549,-1.0091,-0.426845,0.337698,BARBUNYA,1,CALI
-0.214095,0.195095,-0.474289,0.39056,-0.896738,-0.776132,-0.212606,-0.149997,0.417351,-0.128563,-1.87575,0.902268,-0.52998,0.575276,0.892089,0.555894,SEKER,1,unknown
1.56139,1.59337,1.25163,1.60688,0.289877,0.509317,1.56577,1.55041,0.383754,-0.659708,-1.09014,-0.406317,-1.47978,-0.957241,-0.439059,-0.227192,BARBUNYA,1,CALI
2.00848,1.7309,1.39309,2.24125,0.017037,0.293879,1.98633,1.92316,-0.908266,0.485578,-0.257419,-0.13449,-1.90079,-0.912972,-0.173996,0.132188,BARBUNYA,1,CALI
1.64514,1.83801,1.15978,1.9015,-0.0079287,0.272393,1.65608,1.62158,-0.304272,-0.982402,-1.79732,-0.107326,-1.68993,-0.818489,-0.147178,0.216435,BARBUNYA,1,unknown
0.454634,0.458905,0.395181,0.597589,0.0373308,0.31111,0.450096,0.54047,-1.07662,0.0680704,-0.0345799,-0.16535,-0.690186,-0.507769,-0.20439,-0.265526,SIRA,1,SIRA
0.948824,1.34431,0.746103,1.13111,0.0609958,0.330943,0.966521,1.00876,0.0163176,-1.33622,-2.12145,-0.182971,-1.13632,-0.678489,-0.22171,-0.0548005,BARBUNYA,1,unknown
1.78539,1.6284,0.820114,2.80235,-0.869167,-0.732426,1.7897,1.73934,0.942705,-0.678487,-0.52025,0.848299,-2.21621,-0.302267,0.834439,-0.0984396,BARBUNYA,1,unknown
-0.743758,-0.713659,-0.604966,-0.864366,-0.10493,0.185757,-0.744006,-0.757911,-1.15587,0.278489,0.13928,-0.0174899,0.872894,0.194347,-0.0580584,-0.0880105,DERMASON,1,DERMASON
8.21544,5.73216,4.72013,6.67594,0.430003,0.607703,8.33842,5.97745,0.770395,-3.27296,-1.33392,-0.60838,-3.6857,-1.76241,-0.632203,-3.03792,BOMBAY,1,unknown
-0.491703,-0.630956,-0.728371,0.0676054,-1.00789,-0.962686,-0.498963,-0.460681,0.841436,0.764377,1.31584,1.05512,-0.230099,0.899403,1.05665,0.879717,SEKER,1,SEKER
-0.933078,-1.05018,-1.2447,-0.287092,-1.46873,-1.97324,-0.929016,-0.992158,0.570758,-0.0588258,1.08061,1.70149,0.145371,1.94828,1.77354,0.809461,SEKER,1,SEKER
1.61263,1.52639,0.750157,2.54605,-0.804633,-0.633793,1.61263,1.59402,0.230557,-0.453326,-0.642194,0.778871,-2.08336,-0.29581,0.760622,0.276233,BARBUNYA,1,unknown
-1.3355,-1.45521,-1.30709,-1.54917,-0.586732,-0.334457,-1.32628,-1.52835,1.05082,-0.490312,0.651572,0.520422,1.85507,1.22521,0.489281,0.363117,DERMASON,1,DERMASON
2.33726,2.16014,1.88862,2.15838,0.579324,0.704651,2.35635,2.18681,-0.507001,-1.34113,-1.03388,-0.701232,-1.80509,-1.24883,-0.719844,-1.56188,CALI,1,CALI
2.38456,2.47985,2.0739,1.89448,0.963377,0.922254,2.36648,2.22406,0.805766,0.201985,-2.06709,-0.973051,-1.68824,-1.37678,-0.972381,0.3227,CALI,1,unknown
1.51357,1.71073,1.06843,1.79781,-0.0374378,0.246576,1.53672,1.50948,-0.220726,-1.57841,-1.71109,-0.0867039,-1.61269,-0.775717,-0.126778,-0.114242,BARBUNYA,1,unknown
-0.7521,-0.890851,-1.07852,-0.0349002,-1.40424,-1.80222,-0.7544,-0.768023,0.733119,0.488098,1.31241,1.60657,-0.125279,1.65045,1.66614,0.859578,SEKER,1,SEKER
10.2907,6.31328,5.18274,8.44812,-0.00853964,0.271863,10.411,7.06071,-0.0964872,-2.89856,-0.298007,-0.177489,-4.15193,-1.73214,-0.216324,-2.38671,BOMBAY,1,unknown
1.72739,1.89997,1.39505,1.67295,0.399093,0.586645,1.75491,1.69085,-1.22696,-1.76249,-1.7864,-0.482414,-1.5509,-1.03176,-0.512186,0.69336,BARBUNYA,1,unknown
1.41739,1.30691,1.23433,1.31758,0.480608,0.641427,1.39199,1.42651,0.343454,0.869293,-0.336685,-0.559609,-1.2947,-1.00386,-0.585889,0.545481,CALI,1,CALI
1.86232,1.74816,1.45382,1.91085,0.296423,0.514085,1.85923,1.8032,-1.20567,-0.34574,-0.781123,-0.432189,-1.66356,-1.03424,-0.463974,-0.973968,CALI,1,CALI
0.763643,0.976744,1.27947,0.023775,1.67589,1.23413,0.766729,0.836902,-1.44079,-0.48336,-1.24898,-1.53968,-0.11602,-1.33744,-1.47951,-1.17363,HOROZ,1,HOROZ
2.92381,2.7394,1.6188,3.57619,-0.51921,-0.250958,2.95004,2.63779,0.83784,-1.58776,-1.62686,0.444692,-2.61821,-0.792017,0.410801,0.434279,BARBUNYA,1,unknown
-0.894715,-0.901573,-0.679498,-1.20223,0.100283,0.363262,-0.891962,-0.943858,-1.25067,0.060556,0.309142,-0.205441,1.31422,0.155996,-0.24376,0.538615,DERMASON,1,DERMASON
8.24093,5.15012,3.9774,7.70975,-0.498699,-0.22637,8.16354,5.99134,0.384215,0.694194,0.320963,0.416254,-4.0203,-1.40754,0.381451,0.253937,BOMBAY,1,unknown
0.0796073,0.157313,0.0976126,0.162876,0.000501741,0.279684,0.0764631,0.162385,-1.08277,0.112634,-0.211641,-0.112417,-0.306433,-0.326289,-0.152209,0.339346,SIRA,1,SIRA
8.40805,5.553,4.57893,7.02242,0.177572,0.424723,8.38954,6.08199,-0.466738,-0.494443,-0.606371,-0.327845,-3.81558,-1.68196,-0.363155,-1.24876,BOMBAY,1,unknown
-1.2235,-1.36416,-1.21899,-1.3317,-0.63977,-0.402932,-1.22228,-1.37322,-0.551233,0.473538,0.991467,0.594234,1.4965,1.16257,0.566222,0.773194,DERMASON,1,DERMASON
1.20292,1.62897,0.734927,1.67634,-0.318099,-0.0241205,1.22596,1.23818,-0.369763,-1.60552,-2.37694,0.224082,-1.54887,-0.514054,0.184839,0.536695,BARBUNYA,1,unknown
1.94174,1.81608,1.48036,2.01523,0.253796,0.482723,1.95263,1.8686,1.05983,-0.989714,-0.816922,-0.388421,-1.73501,-1.02832,-0.421792,-0.82115,CALI,1,CALI
0.808115,1.2484,1.46978,-0.0854799,2.04619,1.36167,0.837931,0.878552,-2.67856,-2.04625,-2.23185,-1.81542,0.0402098,-1.47157,-1.71686,-2.39421,HOROZ,1,HOROZ
0.0363172,-0.0102369,-0.0111309,0.234118,-0.195688,0.0998628,0.0246916,0.117302,-0.455056,0.758052,0.514877,0.0887199,-0.376142,-0.171361,0.0481498,0.356682,SIRA,1,SIRA
1.0578,1.30605,0.509317,1.84568,-0.662959,-0.433709,1.09847,1.10804,-0.652635,-2.57757,-1.58781,0.550105,-1.60019,-0.266624,0.520168,-1.71742,BARBUNYA,1,unknown
1.80687,1.44324,1.10794,2.30739,-0.313123,-0.0188864,1.78092,1.75722,0.537586,0.732193,0.37236,0.214144,-1.94681,-0.680546,0.174752,0.372772,BARBUNYA,1,CALI
-0.356381,-0.536951,-0.667394,0.351012,-1.11501,-1.15995,-0.37089,-0.307213,0.259802,1.28578,1.5627,1.19479,-0.50053,0.919792,1.20868,0.779007,SEKER,1,SEKER
1.32779,1.6076,0.536248,2.30153,-0.889052,-0.763851,1.34403,1.3484,-0.306832,-1.2435,-1.89668,0.898245,-1.95313,-0.131119,0.887784,0.750973,BARBUNYA,1,unknown
1.99271,2.29685,1.52819,1.98932,0.32127,0.532025,2.03184,1.91031,0.564168,-2.24174,-2.46254,-0.420822,-1.74937,-1.05442,-0.453034,0.324627,BARBUNYA,1,unknown
1.57131,1.73069,1.31686,1.48939,0.445721,0.618276,1.58636,1.55887,-1.28104,-1.18017,-1.60958,-0.524505,-1.4233,-1.01993,-0.552433,0.694506,BARBUNYA,1,unknown
2.4984,2.54495,1.65989,2.73434,-0.0193839,0.262426,2.52393,2.31306,0.984164,-1.59455,-2.00226,-0.0992305,-2.18389,-0.990477,-0.139174,0.0921231,BARBUNYA,1,unknown
1.11049,1.20886,1.33624,0.57835,1.21011,1.04194,1.09505,1.15555,-0.357273,0.472412,-0.986563,-1.16591,-0.69144,-1.23643,-1.14792,0.309807,HOROZ,1,HOROZ
-0.0360738,0.0309691,-0.0586411,0.129302,-0.176232,0.11869,-0.0410235,0.0411922,-0.35478,0.29776,-0.106531,0.069346,-0.275162,-0.150672,0.0287079,0.392043,SIRA,1,SIRA
8.34065,5.75891,5.15818,6.14962,1.00056,0.941203,8.34068,6.04551,-0.544929,-0.855951,-1.24168,-1.07019,-3.54059,-1.91015,-1.06118,-2.35791,BOMBAY,1,unknown
-0.501951,-0.691648,-0.992351,0.599063,-1.66699,-2.58802,-0.511615,-0.472468,0.774955,0.989008,1.67517,2.00223,-0.716513,1.8019,2.11867,0.528245,SEKER,1,SEKER
1.54615,1.79213,1.08161,1.85395,-0.0599102,0.226604,1.5779,1.53739,-0.791022,-1.99294,-1.92291,-0.0713919,-1.64243,-0.7753,-0.111609,-0.384577,BARBUNYA,1,unknown
-0.491638,-0.375571,-0.251991,-0.755045,0.318265,0.529868,-0.486504,-0.460605,-1.37521,-0.342068,-0.33256,-0.40603,0.699105,-0.248861,-0.438782,0.779895,SIRA,1,SIRA
0.000384488,0.0731989,0.00516194,0.128669,-0.0925672,0.197087,-0.000806896,0.0796371,-0.220312,-0.000295176,-0.15241,-0.0276503,-0.261502,-0.234284,-0.0681706,0.00255167,SIRA,1,SIRA
5.98459,4.35744,3.39531,5.61733,-0.044571,0.240266,6.00037,4.69424,-1.42522,-1.17431,-0.765945,-0.0993474,-3.39815,-1.42763,-0.139289,-0.842398,BOMBAY,1,unknown
1.79032,1.72386,0.944013,2.59407,-0.639119,-0.402075,1.78964,1.74344,1.49149,-0.446351,-0.903769,0.561488,-2.09485,-0.476883,0.532032,-0.343632,BARBUNYA,1,unknown
0.275496,0.629968,0.151554,0.549243,-0.226604,0.0694646,0.299817,0.36256,0.270257,-1.82436,-1.66539,0.123435,-0.669685,-0.253021,0.0830628,0.435604,BARBUNYA,1,unknown
1.80254,1.76934,0.634016,3.16557,-1.22088,-1.37446,1.805,1.75362,0.998697,-0.594345,-1.05104,1.3393,-2.42632,0.00715657,1.36766,0.743931,BARBUNYA,1,unknown
1.65703,1.58675,1.11124,1.98071,-0.109813,0.181259,1.65621,1.63163,0.528967,-0.419795,-0.754724,0.0117416,-1.75659,-0.756553,-0.0289188,0.798636,BARBUNYA,1,CALI
-0.121471,-0.0568522,-0.173233,0.122191,-0.320193,-0.0263276,-0.120424,-0.049789,-0.191966,-0.126457,-0.0645596,0.206595,-0.249188,-0.0112928,0.167096,-0.173012,SIRA,1,SIRA
2.06648,1.87246,1.84738,1.66275,0.896851,0.887486,2.03455,1.97029,-0.54105,0.902998,-0.672399,-0.925227,-1.52724,-1.30531,-0.928384,0.0922999,CALI,1,CALI
1.29804,1.1873,1.17505,1.16839,0.526224,0.671054,1.29058,1.32228,0.327638,-0.0150682,-0.213676,-0.599514,-1.18327,-0.997065,-0.623798,0.565936,BARBUNYA,1,CALI
0.90803,1.10256,1.39141,0.13199,1.71108,1.24712,0.897191,0.971255,1.02479,0.290707,-1.25945,-1.54125,-0.257019,-1.36906,-1.48088,-0.228997,HOROZ,1,HOROZ
-0.00263728,-0.174605,-0.444588,0.926718,-1.19363,-1.31722,-0.016687,0.0764596,0.53931,0.965067,1.30742,1.29187,-0.989217,0.762965,1.31529,0.428845,SEKER,1,SEKER
6.58093,4.65952,3.38462,6.49465,-0.432175,-0.14898,6.62976,5.05151,-0.336027,-1.93657,-0.704473,0.314028,-3.67554,-1.31652,0.276489,-0.721037,BOMBAY,1,unknown
0.820925,1.03186,0.834877,0.723997,0.474203,0.637209,0.82657,0.890504,-0.853386,-0.642373,-1.27496,-0.573692,-0.801229,-0.86195,-0.599282,-0.213038,BARBUNYA,1,CALI
-1.14624,-1.08921,-0.990277,-1.45641,-0.149761,0.143938,-1.13759,-1.26902,1.18867,-0.487547,-0.379171,0.0345421,1.71633,0.566191,-0.00614176,0.126529,DERMASON,1,DERMASON
-1.01329,-1.06223,-0.939107,-1.12616,-0.379472,-0.0901106,-1.00984,-1.0946,0.475552,0.0530289,0.518422,0.285439,1.21319,0.661239,0.247288,0.336503,DERMASON,1,DERMASON
-0.956398,-1.03505,-1.02747,-0.794038,-0.79502,-0.619523,-0.953998,-1.02173,-0.411812,0.134871,0.780075,0.777433,0.754165,1.05206,0.759097,0.634784,DERMASON,1,DERMASON
1.48446,1.60713,0.982246,1.88201,-0.18324,0.111935,1.50438,1.48447,-0.817774,-1.42139,-1.39306,0.0617511,-1.66725,-0.685839,0.0210946,-0.149995,BARBUNYA,1,unknown
2.42555,2.10999,1.92328,2.2328,0.56351,0.694744,2.42458,2.25621,0.330236,-0.514842,-0.592838,-0.66831,-1.87049,-1.24821,-0.68885,-0.824019,CALI,1,CALI
9.1987,5.92983,5.0092,7.18917,0.396838,0.585095,9.09337,6.50216,0.586535,1.06899,-0.603904,-0.474797,-3.89814,-1.77202,-0.504887,0.90581,BOMBAY,1,unknown
1.23136,1.04758,0.395191,2.34805,-1.056,-1.049,1.22228,1.26343,0.814977,0.0884848,0.202697,1.11939,-1.98471,0.0500868,1.12642,0.905401,BARBUNYA,1,unknown
2.33673,1.96002,1.02868,3.58885,-1.05399,-1.04533,2.32659,2.18639,1.55684,-0.119652,-0.237243,1.06684,-2.59636,-0.315048,1.06934,-0.768857,BARBUNYA,1,unknown
-0.502345,-0.569192,-0.605561,-0.174892,-0.672012,-0.445868,-0.508,-0.472922,1.14902,0.627986,0.823393,0.617806,0.0424146,0.535077,0.590885,0.262922,DERMASON,1,DERMASON
1.60126,1.39603,1.33404,1.55576,0.416479,0.598533,1.57029,1.58437,1.48245,1.0629,-0.106066,-0.5204,-1.44613,-1.0243,-0.548514,-0.154871,CALI,1,CALI
1.22177,1.18191,0.979331,1.36198,0.161598,0.412244,1.21544,1.25492,1.0549,-0.0547311,-0.46478,-0.296982,-1.29233,-0.817569,-0.333166,-0.666249,CALI,1,CALI
2.38764,2.5134,1.34062,3.066,-0.510702,-0.240715,2.39882,2.22649,-1.16136,-1.01313,-2.17346,0.425957,-2.36059,-0.695214,0.391459,0.114958,BARBUNYA,1,unknown
6.7983,4.86313,3.97271,5.90558,0.252477,0.48174,6.83214,5.17897,0.976405,-1.58006,-0.960659,-0.417701,-3.47087,-1.60969,-0.450029,-1.96662,BOMBAY,1,unknown
-0.879869,-1.0044,-1.15252,-0.304699,-1.32992,-1.61923,-0.882021,-0.925284,0.65497,0.570029,1.16448,1.49972,0.160899,1.67754,1.54611,0.921599,SEKER,1,SEKER
-0.594772,-0.519706,-0.460679,-0.707044,-0.0329639,0.25052,-0.593856,-0.580346,0.360708,0.0830486,-0.101319,-0.0641417,0.635053,0.0593165,-0.10442,0.882413,DERMASON,1,DERMASON
8.99059,5.6009,4.09125,8.53745,-0.717554,-0.50829,8.91959,6.39292,1.28339,0.459026,0.0321185,0.660024,-4.20794,-1.36734,0.635173,-0.162957,BOMBAY,1,unknown
-0.291938,-0.485424,-0.733371,0.674869,-1.39326,-1.77427,-0.304206,-0.235501,1.04951,1.04113,1.62306,1.58945,-0.791682,1.22414,1.64685,0.830897,SEKER,1,SEKER
0.291196,0.324378,0.306191,0.359725,0.111088,0.372021,0.294007,0.378343,0.738126,-0.371842,-0.0805866,-0.238957,-0.473015,-0.493273,-0.276574,-0.317967,SIRA,1,SIRA
-0.669133,-0.672944,-0.524644,-0.805025,-0.0388907,0.245293,-0.67061,-0.668268,-0.496797,0.351406,0.388618,-0.063922,0.76689,0.107547,-0.104202,0.670346,DERMASON,1,DERMASON
0.0161502,0.123736,0.174178,-0.103675,0.324083,0.53404,0.0168161,0.0961901,-1.59044,-0.143925,-0.349796,-0.430644,-0.0259267,-0.505351,-0.462488,0.0509783,SIRA,1,SIRA
-0.686804,-0.857358,-1.06215,0.141201,-1.49147,-2.03653,-0.689653,-0.689365,0.450771,0.495744,1.55515,1.73972,-0.30478,1.71821,1.817,0.929371,SEKER,1,SEKER
0.51126,0.877274,0.337731,0.79523,-0.178173,0.116822,0.540987,0.595748,-0.590287,-2.11725,-1.79695,0.0749807,-0.884057,-0.377462,0.0343592,0.523362,BARBUNYA,1,unknown
-0.701453,-0.697099,-0.528848,-0.868617,0.013161,0.290565,-0.702628,-0.706915,0.923116,0.342837,0.32521,-0.135588,0.87703,0.0743003,-0.175079,-0.0506972,DERMASON,1,DERMASON
1.76996,1.57818,1.47005,1.71141,0.452785,0.622999,1.77008,1.72646,0.805577,-0.481112,-0.35388,-0.576073,-1.52899,-1.08696,-0.601545,-1.03446,CALI,1,CALI
-0.616121,-0.655616,-0.517142,-0.673098,-0.145544,0.147921,-0.622388,-0.605449,0.366868,0.769704,0.637055,0.0502358,0.593891,0.160179,0.00956033,0.858512,DERMASON,1,DERMASON
-0.597925,-0.759492,-0.87663,0.0353546,-1.1817,-1.29262,-0.60851,-0.584046,0.12412,1.16033,1.48807,1.29208,-0.201114,1.2006,1.31553,0.982849,SEKER,1,SEKER
0.160538,0.471743,0.835482,-0.679426,1.83329,1.29075,0.163868,0.245832,-2.55989,-0.377196,-1.4322,-1.62777,0.647868,-1.23073,-1.55601,-0.374658,HOROZ,1,HOROZ
-1.05493,-1.15571,-1.05823,-1.06041,-0.622242,-0.380011,-1.05586,-1.14859,0.606387,0.581763,0.866791,0.572815,1.10468,0.960022,0.543848,0.745697,DERMASON,1,DERMASON
2.5721,2.26513,2.13798,2.19732,0.807877,0.839173,2.57802,2.3702,-0.215269,-0.806864,-0.797456,-0.888061,-1.83588,-1.36793,-0.894065,-1.31012,CALI,1,CALI
-0.448742,-0.634138,-0.816973,0.37506,-1.31913,-1.59382,-0.461264,-0.411523,0.207292,1.19753,1.62957,1.48292,-0.52615,1.2515,1.52732,0.881326,SEKER,1,SEKER
7.3013,4.70614,3.44239,7.39126,-0.735233,-0.533101,7.21971,5.4686,0.495351,0.954177,0.282292,0.683813,-3.9341,-1.22877,0.660191,-0.0777369,BOMBAY,1,unknown
1.6596,1.74742,0.651245,2.90141,-1.08031,-1.09401,1.67951,1.63379,1.53722,-1.41063,-1.40264,1.09207,-2.24476,-0.110757,1.09672,-1.09436,BARBUNYA,1,unknown
-0.268487,-0.286076,-0.416224,0.125251,-0.639416,-0.402466,-0.271994,-0.209615,1.19577,0.300874,0.466459,0.592765,-0.28265,0.361674,0.564685,0.736403,SIRA,1,SIRA
1.33962,1.42959,0.637657,2.14324,-0.698871,-0.482427,1.35423,1.35875,0.883717,-1.16012,-1.13792,0.660637,-1.85418,-0.287503,0.635817,0.637136,BARBUNYA,1,unknown
-1.30567,-1.43641,-1.18002,-1.67274,-0.252087,0.0439526,-1.30278,-1.48655,-0.330577,0.329258,0.790434,0.153158,2.05316,0.837458,0.113034,0.533422,DERMASON,1,DERMASON
0.60211,0.845759,1.24628,-0.264166,1.94092,1.32738,0.588627,0.683519,1.21531,0.576788,-1.29414,-1.71158,0.180377,-1.38123,-1.6282,-0.893496,HOROZ,1,HOROZ
1.73343,1.99401,1.00982,2.3508,-0.437623,-0.155186,1.7815,1.69591,-0.104726,-2.71643,-2.11651,0.335649,-1.95858,-0.593658,0.298619,-0.168529,BARBUNYA,1,unknown
6.84475,4.79575,3.94017,5.95702,0.204171,0.445249,6.80431,5.20602,0.59756,0.107002,-0.695326,-0.344422,-3.5074,-1.58702,-0.379232,-0.923934,BOMBAY,1,unknown
-0.312828,-0.324218,-0.323575,-0.142406,-0.314858,-0.0207095,-0.311759,-0.258654,0.570563,-0.0568229,0.438624,0.212018,0.00889879,0.0966894,0.172595,0.228918,SIRA,1,SIRA
-0.0497374,0.0644279,0.0472958,-0.0252256,0.0876013,0.352912,-0.039797,0.0267235,-1.66821,-0.822435,-0.364257,-0.239818,-0.0647289,-0.353695,-0.277416,-1.1975,SIRA,1,SIRA
1.19832,1.96768,1.07631,1.13204,0.440518,0.614786,1.2756,1.23409,-1.4485,-4.42537,-3.57388,-0.534264,-1.14289,-0.939252,-0.561743,0.142388,BARBUNYA,1,unknown
2.13526,2.34264,1.21094,2.79781,-0.489924,-0.215957,2.17779,2.02582,0.107278,-2.35702,-2.24157,0.402976,-2.21956,-0.652203,0.36777,0.135869,BARBUNYA,1,unknown
0.801218,1.05463,1.23086,0.132655,1.50122,1.16667,0.788806,0.872108,-1.0689,0.423713,-1.44916,-1.39656,-0.254095,-1.27843,-1.35388,-0.335676,HOROZ,1,HOROZ
-1.35757,-1.47561,-1.25018,-1.73963,-0.305163,-0.0105488,-1.35081,-1.55953,0.491855,-0.149568,0.598853,0.220214,2.15181,0.960449,0.180912,0.900799,DERMASON,1,DERMASON
0.804699,0.988233,1.13775,0.24708,1.26904,1.06853,0.79978,0.875362,-1.25511,-0.0198501,-1.14257,-1.21496,-0.381023,-1.19138,-1.19208,0.127204,HOROZ,1,HOROZ
1.18899,1.10383,0.789544,1.63014,-0.229335,0.0667502,1.21305,1.22579,0.255513,-1.66067,-0.223912,0.0769637,-1.46426,-0.596987,0.0363486,-1.34912,CALI,1,CALI
1.69645,1.81794,0.970669,2.32823,-0.464163,-0.185751,1.70798,1.66486,-1.06123,-1.01226,-1.56581,0.374828,-1.95391,-0.561604,0.338815,0.167748,BARBUNYA,1,unknown
7.89836,5.04047,3.97145,7.30129,-0.347994,-0.0559292,7.80934,5.80338,0.200176,0.993747,0.155587,0.230482,-3.90516,-1.45285,0.191338,-0.397823,BOMBAY,1,unknown
-1.1312,-1.13831,-0.900514,-1.57212,0.117735,0.377383,-1.13016,-1.24898,-1.27796,0.415865,0.0929305,-0.216243,1.87515,0.338959,-0.254346,0.76873,DERMASON,1,DERMASON
-0.073386,-0.0224597,0.0627178,-0.156393,0.219402,0.456863,-0.0760112,0.00160275,-0.162137,0.137891,-0.00176524,-0.327471,0.0229747,-0.400811,-0.362793,0.25268,SIRA,1,SIRA
-0.89951,-0.911672,-0.791817,-1.03522,-0.233499,0.0626026,-0.897449,-0.949872,0.16464,0.136814,0.342857,0.136752,1.0735,0.43641,0.0964826,0.653852,DERMASON,1,DERMASON
-0.27164,-0.267828,-0.160914,-0.309168,0.0447996,0.3174,-0.283937,-0.213089,-1.26613,1.0273,0.335657,-0.154651,0.184175,-0.189886,-0.193861,0.403704,DERMASON,1,SIRA
-0.672155,-0.688722,-0.674456,-0.548591,-0.477757,-0.201623,-0.669512,-0.67187,-0.882435,-0.0424936,0.472969,0.39424,0.463133,0.473406,0.358776,0.313337,DERMASON,1,DERMASON
-0.0679337,-0.112329,-0.134529,0.191155,-0.322143,-0.0283869,-0.0778187,0.0074034,0.468744,0.691634,0.555362,0.21206,-0.321016,-0.0346504,0.172639,-0.0525404,SIRA,1,SIRA
10.7922,6.47703,5.24126,8.89715,-0.140068,0.153079,10.7885,7.30953,1.47613,-0.845828,-0.148718,-0.0250858,-4.2626,-1.70765,-0.0656191,-1.67931,BOMBAY,1,unknown
-0.230649,-0.380835,-0.563839,0.5019,-1.08061,-1.09457,-0.242494,-0.16808,0.218665,0.958428,1.30094,1.15504,-0.64534,0.796499,1.16525,0.999176,SEKER,1,SEKER
1.40163,1.52691,1.49666,0.92217,1.10008,0.990289,1.41323,1.41283,0.517263,-1.00782,-1.33564,-1.08374,-0.978942,-1.2574,-1.0735,0.211016,BARBUNYA,1,CALI
-0.358351,-0.387891,-0.294012,-0.324721,-0.126355,0.165917,-0.362433,-0.30942,0.6079,0.39833,0.561761,0.0215716,0.196832,-0.0178472,-0.0191041,0.535685,SIRA,1,DERMASON
-0.212124,-0.214725,-0.516654,0.479637,-1.00777,-0.96248,-0.208991,-0.147848,-0.134431,-0.260972,0.358763,1.04374,-0.609492,0.690531,1.04434,0.500905,SEKER,1,SEKER
-0.266516,-0.407681,-0.838547,0.981147,-1.6869,-2.65884,-0.275545,-0.207445,0.719754,0.753721,1.25761,2.04364,-1.04458,1.63198,2.16675,0.816483,SEKER,1,SEKER
13.4968,7.72722,6.31073,10.1901,0.0236331,0.299503,13.6117,8.57975,0.354693,-2.48549,-0.442301,-0.192783,-4.51847,-1.86649,-0.231344,-1.77724,BOMBAY,1,unknown
1.1769,1.5579,1.01745,1.19294,0.327271,0.53632,1.19465,1.21502,1.18847,-1.32793,-2.19137,-0.441341,-1.17822,-0.884447,-0.472774,-0.242705,BARBUNYA,1,unknown
-0.653368,-0.654025,-0.593911,-0.631278,-0.293145,0.00195739,-0.656021,-0.649513,0.398736,0.453881,0.371537,0.188911,0.565607,0.293856,0.14918,0.23939,DERMASON,1,DERMASON
-1.44842,-1.56068,-1.39548,-1.79214,-0.505161,-0.234078,-1.43692,-1.69008,-0.738107,-0.7689,0.370007,0.425459,2.26966,1.27771,0.390945,0.320018,DERMASON,1,DERMASON
9.22682,6.0481,5.1541,7.22098,0.480433,0.641312,9.25443,6.51685,1.29098,-1.37826,-0.87825,-0.636725,-3.84868,-1.8234,-0.659031,-2.40975,BOMBAY,1,unknown
1.75137,1.85934,1.19098,2.07505,-0.0862287,0.202862,1.75781,1.71093,-0.63926,-0.775571,-1.56047,-0.0359645,-1.79315,-0.804696,-0.0764391,-0.0652403,BARBUNYA,1,unknown
0.177683,0.230061,0.216089,0.2759,0.0630444,0.332647,0.180329,0.263374,-0.604909,-0.333202,-0.120334,-0.225601,-0.352767,-0.440593,-0.263508,-1.55848,SIRA,1,SIRA
7.36462,4.87978,4.23863,6.16775,0.323541,0.533652,7.31887,5.50456,0.444126,0.160236,-0.153703,-0.447582,-3.57931,-1.65844,-0.478772,-0.608904,BOMBAY,1,unknown
1.34435,2.08119,1.22322,1.2088,0.550357,0.68644,1.41884,1.36289,-1.59605,-4.17828,-3.52392,-0.634212,-1.19878,-1.02549,-0.656656,0.0465002,BARBUNYA,1,unknown
1.06398,1.41169,0.718552,1.39539,-0.153316,0.140572,1.06974,1.11362,-0.0557013,-0.67794,-1.99541,0.0546919,-1.35681,-0.573631,0.0140225,0.726982,BARBUNYA,1,unknown
7.42801,4.89983,3.95814,6.73308,-0.127419,0.164924,7.38987,5.54044,0.960896,-0.0119982,-0.118488,-0.0227064,-3.7372,-1.51271,-0.0632512,-1.11981,BOMBAY,1,unknown
-0.269932,-0.269696,-0.325055,-0.0152691,-0.415422,-0.130039,-0.265216,-0.211207,-0.243371,-0.37184,0.357128,0.31488,-0.115184,0.149086,0.277361,-0.029206,DERMASON,1,SIRA
0.374558,0.741792,0.240494,0.639693,-0.183438,0.111744,0.397227,0.461524,0.9682,-1.69635,-1.75331,0.0770166,-0.747818,-0.323785,0.0364017,0.397365,BARBUNYA,1,unknown
-0.641281,-0.776772,-1.01174,0.179769,-1.4494,-1.9207,-0.645369,-0.635175,0.246882,0.582382,1.30145,1.67678,-0.343224,1.61007,1.74551,0.951798,SEKER,1,SEKER
0.571826,0.748779,0.0883449,1.40041,-0.860315,-0.718597,0.599924,0.654386,0.0818259,-2.00034,-0.96883,0.843244,-1.34275,0.117286,0.829051,0.108434,BARBUNYA,1,unknown
1.70046,1.61079,1.58106,1.44747,0.769902,0.817891,1.71508,1.66823,0.346498,-1.15859,-0.716725,-0.869855,-1.32101,-1.21477,-0.877212,-1.82724,CALI,1,CALI
1.17802,1.57358,0.814104,1.49895,-0.116412,0.175157,1.21085,1.21601,-0.698132,-2.12508,-2.24764,0.00488503,-1.41891,-0.635798,-0.03576,0.299641,BARBUNYA,1,unknown
1.68357,2.105,1.46027,1.50998,0.58889,0.710605,1.71217,1.65402,-2.08335,-1.81933,-2.65046,-0.663291,-1.42452,-1.11239,-0.684117,0.221721,BARBUNYA,1,unknown
11.5258,6.98502,5.71308,8.88694,0.149221,0.402496,11.5345,7.66553,1.11923,-1.04982,-0.626561,-0.279215,-4.27978,-1.81774,-0.315867,-0.446256,BOMBAY,1,unknown
-0.910349,-1.06669,-1.21895,-0.266071,-1.44682,-1.91376,-0.914814,-0.963489,0.233653,0.843361,1.39072,1.67025,0.120243,1.88857,1.73811,0.866138,SEKER,1,SEKER
2.15937,1.95966,1.63952,2.19719,0.297342,0.514753,2.16676,2.0452,-1.35649,-0.844246,-0.751727,-0.440503,-1.83726,-1.09557,-0.471969,-1.25525,CALI,1,CALI
1.07396,1.12232,1.20585,0.68335,0.957618,0.919289,1.05728,1.12264,-0.978212,0.555362,-0.734079,-0.966675,-0.785337,-1.13131,-0.966526,0.392686,HOROZ,1,CALI
-1.20622,-1.30196,-1.10451,-1.45978,-0.334752,-0.0417624,-1.20563,-1.34973,-1.18877,0.535733,0.660035,0.232118,1.71952,0.802322,0.193,0.176789,DERMASON,1,DERMASON
1.71517,1.53264,1.35048,1.76283,0.288053,0.507986,1.70049,1.68059,1.02086,0.229951,-0.333603,-0.409349,-1.58127,-0.992283,-0.441982,-0.405621,CALI,1,CALI
1.1522,1.52062,0.840411,1.39907,-0.0196986,0.262151,1.17206,1.19296,-1.03366,-1.44142,-2.12838,-0.0921331,-1.34847,-0.684353,-0.132152,0.34207,BARBUNYA,1,unknown
0.672136,0.666796,-0.040121,1.89213,-1.27112,-1.48399,0.694946,0.750423,0.0552423,-1.6594,-0.148987,1.39999,-1.68916,0.483524,1.43492,0.413016,SEKER,1,unknown
1.59837,1.76839,2.03954,0.576084,2.07795,1.37173,1.58023,1.58191,0.519234,0.434141,-1.67266,-1.77292,-0.688656,-1.59169,-1.68068,0.284844,HOROZ,1,HOROZ
10.6222,6.58681,5.40298,8.39881,0.147772,0.401351,10.6011,7.22572,-0.301317,-0.55578,-0.620216,-0.29747,-4.16036,-1.78468,-0.333641,-1.17858,BOMBAY,1,unknown
0.0570754,0.213024,-0.111509,0.467505,-0.494431,-0.221297,0.0581301,0.138959,-0.898363,-0.185541,-0.623079,0.408189,-0.586972,0.0436534,0.373139,0.139781,SEKER,1,SIRA
0.0399959,1.18457,0.936571,-1.02528,2.41441,1.47089,0.0845323,0.121145,-0.106537,-3.33153,-4.75158,-2.02212,1.14266,-1.3897,-1.89073,-1.43366,HOROZ,1,unknown
0.621226,0.753898,0.376068,0.989806,-0.269391,0.0263898,0.625422,0.701847,-0.398931,-0.526328,-0.789005,0.169068,-1.04026,-0.35784,0.129106,0.441676,BARBUNYA,1,SIRA
1.67313,1.9392,0.791662,2.57773,-0.7804,-0.598022,1.7023,1.64522,0.762114,-1.84768,-2.09167,0.762621,-2.11312,-0.323356,0.743401,0.743909,BARBUNYA,1,unknown
1.91349,1.81472,1.71735,1.64086,0.772314,0.819255,1.92849,1.8454,1.16729,-1.17451,-0.896815,-0.867036,-1.46347,-1.25252,-0.8746,-1.63909,CALI,1,CALI
2.92466,2.80759,1.89042,3.11515,-0.0222817,0.259893,2.93758,2.63843,-1.24101,-1.08917,-1.8554,-0.0868594,-2.39357,-1.05807,-0.126932,0.440933,BARBUNYA,1,unknown
0.618467,0.56092,0.385652,0.963289,-0.239815,0.0562907,0.60554,0.699205,1.06572,0.534454,0.162707,0.140431,-1.02215,-0.375074,0.100192,0.544615,BARBUNYA,1,SIRA
-1.07536,-1.13535,-1.02132,-1.19412,-0.447347,-0.16632,-1.07413,-1.17529,0.224223,0.34845,0.54141,0.373982,1.29159,0.798587,0.337945,0.808045,DERMASON,1,DERMASON
-0.919677,-0.965716,-0.746787,-1.16649,-0.0406143,0.243769,-0.922625,-0.975236,-0.157999,0.68835,0.568575,-0.0668393,1.26423,0.285513,-0.107095,0.498907,DERMASON,1,DERMASON
-1.20576,-1.22636,-0.898314,-1.79302,0.363459,0.561925,-1.20253,-1.3491,-0.163459,0.206535,0.0931988,-0.463577,2.27776,0.201293,-0.494128,0.174028,DERMASON,1,DERMASON
-0.828236,-0.833292,-0.836866,-0.737997,-0.558667,-0.299266,-0.823213,-0.861183,-0.448098,-0.208964,0.335876,0.494703,0.684337,0.681394,0.462576,0.601349,DERMASON,1,DERMASON
1.094,1.31674,0.92234,1.14358,0.254723,0.483413,1.09982,1.14071,0.388538,-0.684587,-1.50615,-0.356907,-1.15931,-0.817046,-0.391324,0.397791,BARBUNYA,1,CALI
-1.56226,-1.64724,-1.51737,-1.98399,-0.529736,-0.263714,-1.54046,-1.85912,0.490021,-2.31061,-0.12978,0.441092,2.64172,1.45818,0.407082,-0.11691,DERMASON,1,unknown
-0.0461901,-0.0411708,0.00804662,-0.00756562,0.0208676,0.297148,-0.0588401,0.030483,0.701571,0.889136,0.252803,-0.130018,-0.13903,-0.282106,-0.169585,0.438263,SIRA,1,SIRA
1.60336,1.9282,1.0151,2.10002,-0.283914,0.0114969,1.62703,1.58616,1.015,-1.59429,-2.25597,0.150293,-1.78929,-0.666204,0.110141,-0.794321,BARBUNYA,1,unknown
0.88228,1.08763,0.692459,1.04991,0.0573096,0.327872,0.88357,0.947477,-0.354647,-0.39985,-1.28977,-0.163155,-1.09091,-0.6472,-0.202231,0.545786,BARBUNYA,1,CALI
1.41523,1.41243,0.517295,2.56027,-1.04204,-1.02358,1.41762,1.42463,0.850254,-0.543677,-0.809563,1.07929,-2.08899,-0.0406567,1.08285,0.17968,BARBUNYA,1,unknown
-0.456033,-0.433081,-0.412573,-0.374307,-0.250152,0.0459047,-0.453582,-0.419837,0.391646,-0.11788,0.240343,0.135815,0.27248,0.124103,0.0955379,-0.0191249,SIRA,1,DERMASON
-0.942866,-1.00962,-0.950271,-0.893613,-0.59846,-0.349374,-0.9407,-1.00455,0.542145,0.15202,0.702379,0.542962,0.881916,0.824798,0.512729,0.674952,DERMASON,1,DERMASON
1.16357,1.79667,1.01039,1.20407,0.310971,0.524619,1.20324,1.20311,1.19642,-2.48901,-3.10302,-0.445281,-1.16552,-0.883193,-0.476561,-0.960106,BARBUNYA,1,unknown
-0.239649,-0.396524,-0.747315,0.870637,-1.52016,-2.1188,-0.25166,-0.177933,0.701839,0.978902,1.3497,1.77234,-0.94777,1.35218,1.85419,0.567827,SEKER,1,SEKER
0.0677173,0.128156,-0.0430445,0.371336,-0.339252,-0.0465629,0.0720735,0.150034,0.533214,-0.429054,-0.111514,0.239116,-0.502375,-0.0816784,0.200112,0.252412,BARBUNYA,1,SIRA
3.7054,3.41437,2.33099,3.75548,0.0199846,0.296395,3.7148,3.20544,-0.187811,-0.977505,-2.0871,-0.135698,-2.69524,-1.19637,-0.175187,0.195756,BARBUNYA,1,unknown
-0.952457,-0.915117,-0.7655,-1.24209,0.00314576,0.281964,-0.95361,-1.01672,0.27947,0.520862,-0.0373031,-0.103293,1.36291,0.281864,-0.143191,0.774,DERMASON,1,DERMASON
0.651181,0.557095,0.50306,0.885204,-0.0459116,0.239077,0.639818,0.730469,1.03435,0.423124,0.326608,-0.0909409,-0.924584,-0.530442,-0.130972,-0.583412,SIRA,1,SIRA
-1.06019,-1.21971,-1.11295,-0.983097,-0.771063,-0.584417,-1.06316,-1.15545,-0.0458713,0.822301,1.31737,0.75714,0.990761,1.13868,0.737598,0.949892,DERMASON,1,DERMASON
8.43157,5.63653,4.62815,7.0096,0.216779,0.454869,8.42795,6.09469,0.340797,-0.787056,-0.801827,-0.379353,-3.80251,-1.70032,-0.413034,-1.78513,BOMBAY,1,unknown
1.2868,1.50169,1.93706,0.172297,2.37712,1.46053,1.26334,1.3124,0.247033,0.828326,-1.61074,-1.97417,-0.293325,-1.624,-1.8507,-0.330384,HOROZ,1,HOROZ
0.53701,0.804186,1.19361,-0.361516,1.97763,1.3395,0.5233,0.62074,-2.80022,0.622846,-1.36803,-1.71171,0.252951,-1.36651,-1.62831,0.121329,HOROZ,1,HOROZ
-0.91613,-1.02747,-1.09274,-0.536079,-1.08549,-1.10372,-0.917654,-0.970766,0.60594,0.532009,1.0473,1.1496,0.437851,1.36665,1.15932,0.597534,SEKER,1,DERMASON
1.63628,1.501,0.772368,2.54124,-0.780117,-0.597608,1.63897,1.61407,0.19205,-0.586288,-0.454714,0.758006,-2.08874,-0.315628,0.738515,0.596676,BARBUNYA,1,unknown
1.26972,1.4447,0.833154,1.64315,-0.190315,0.105085,1.28283,1.29735,0.481599,-1.08254,-1.43562,0.0946913,-1.5329,-0.609457,0.0541483,0.778473,BARBUNYA,1,unknown
0.852325,0.880788,0.331342,1.61546,-0.719326,-0.510762,0.853876,0.919718,0.5385,-0.40927,-0.459322,0.674175,-1.4992,-0.112621,0.65005,0.253505,BARBUNYA,1,unknown
2.02247,1.78306,1.33788,2.3697,-0.118317,0.173391,2.01267,1.93456,-0.0843993,-0.0715419,-0.435225,-0.00454361,-1.97111,-0.848095,-0.0451614,-0.116471,BARBUNYA,1,CALI
-1.38779,-1.5116,-1.3152,-1.72121,-0.435807,-0.153114,-1.38211,-1.60255,0.489682,0.0191601,0.588798,0.351476,2.13909,1.12442,0.314841,0.466358,DERMASON,1,DERMASON
2.37148,2.10174,1.83806,2.30045,0.431017,0.608388,2.3954,2.21378,0.445915,-1.53904,-0.71149,-0.573137,-1.88925,-1.19566,-0.598754,-1.66497,CALI,1,CALI
6.90012,4.74659,3.858,6.22631,0.0209419,0.297211,6.92341,5.23819,-0.195235,-1.33915,-0.464883,-0.194756,-3.57209,-1.53713,-0.23328,-1.94772,BOMBAY,1,unknown
-0.412809,-0.364047,-0.22998,-0.529819,0.141483,0.396367,-0.407169,-0.370723,-1.62736,-0.409693,0.0794528,-0.283239,0.484509,-0.205726,-0.319788,-0.873578,DERMASON,1,SIRA
-0.812273,-0.778902,-1.33865,0.348351,-1.96373,-3.9157,-0.80062,-0.841518,0.434524,-0.889001,0.0848557,2.51465,-0.497975,2.70137,2.72364,0.776653,SEKER,1,SEKER
0.950664,1.47279,0.764583,1.09271,0.109977,0.371123,0.992536,1.01045,-0.0790516,-2.68335,-2.61173,-0.22185,-1.11644,-0.701385,-0.259837,0.27875,BARBUNYA,1,unknown
1.37305,1.53365,1.59568,0.740759,1.37854,1.11609,1.37579,1.38796,1.04598,-0.555519,-1.45659,-1.29826,-0.823551,-1.35058,-1.26663,0.0469142,CALI,1,HOROZ
1.66827,1.83071,1.26849,1.76899,0.195912,0.438909,1.6779,1.64111,-0.740284,-0.921,-1.69992,-0.303237,-1.60557,-0.927515,-0.33925,0.325518,BARBUNYA,1,unknown
1.55824,1.56358,1.49421,1.30286,0.785025,0.826415,1.59281,1.54772,1.33022,-2.12713,-0.976774,-0.882783,-1.21408,-1.19338,-0.889182,-1.84218,CALI,1,CALI
2.44387,2.13816,1.47355,2.95788,-0.32657,-0.0330699,2.44956,2.27055,1.06752,-0.789703,-0.65329,0.212289,-2.29631,-0.821115,0.172871,-0.216285,BARBUNYA,1,unknown
2.02043,1.7689,1.43457,2.21336,0.0770661,0.344254,1.99685,1.9329,1.12248,0.546084,-0.381901,-0.203647,-1.87413,-0.950945,-0.242001,-0.237367,BARBUNYA,1,CALI
1.68889,1.76679,1.292,1.79276,0.204902,0.445809,1.69152,1.6585,0.327248,-0.588975,-1.38905,-0.324832,-1.60796,-0.943259,-0.360232,-0.164004,BARBUNYA,1,CALI
-0.645616,-0.496637,-0.471729,-0.823142,0.0564871,0.327186,-0.634718,-0.640314,-1.17145,-0.834923,-0.570964,-0.160408,0.792206,0.0192734,-0.199527,0.617702,SIRA,1,SIRA
2.80333,2.71299,1.45532,3.63071,-0.692424,-0.473585,2.83856,2.54704,-0.202532,-1.93964,-1.82554,0.65518,-2.64998,-0.656457,0.630083,0.715982,BARBUNYA,1,unknown
1.54214,1.31814,1.09087,1.7959,-0.0122045,0.26868,1.51445,1.53396,0.680851,0.928027,0.0466156,-0.0966008,-1.62703,-0.788113,-0.136572,0.454298,BARBUNYA,1,CALI
1.87073,1.81433,1.15816,2.35415,-0.29002,0.00519281,1.86026,1.81015,0.960802,-0.00787471,-1.02459,0.186764,-1.97226,-0.710909,0.147007,0.282971,BARBUNYA,1,unknown
-0.541431,-0.562399,-0.426468,-0.610941,-0.0685166,0.218882,-0.550605,-0.518105,-0.662593,0.97818,0.520432,-0.0318869,0.522128,0.0502617,-0.0723847,0.74556,DERMASON,1,DERMASON
9.47697,5.92127,4.73705,7.9817,-0.110434,0.180685,9.4009,6.64679,0.817777,0.488364,-0.234159,0.00660163,-4.0919,-1.63057,-0.0340476,0.587058,BOMBAY,1,unknown
-0.806427,-0.855677,-0.874985,-0.598529,-0.726019,-0.520129,-0.806817,-0.834334,0.0380018,0.333104,0.652516,0.68947,0.516037,0.833607,0.666148,0.503804,DERMASON,1,DERMASON
-0.2788,-0.16914,-0.321633,-0.0763476,-0.36391,-0.0731223,-0.276578,-0.220986,0.67735,-0.164954,-0.291752,0.284513,-0.0842428,0.131379,0.246342,0.914956,SEKER,1,SIRA
-1.21745,-1.33426,-1.3055,-1.11108,-0.963868,-0.886736,-1.2053,-1.36499,0.213658,-0.895892,0.809745,0.954605,1.2287,1.51499,0.948223,-0.582336,DERMASON,1,DERMASON
0.103124,0.508709,0.537267,-0.148886,0.855007,0.86503,0.243204,0.186745,-0.843581,-9.78232,-1.86371,-1.11161,0.331719,-0.941394,-1.0988,-8.51355,HOROZ,1,unknown
0.722455,1.35261,0.298253,1.3823,-0.614759,-0.370314,0.742715,0.798108,0.577049,-1.50099,-2.93378,0.541295,-1.32501,-0.152523,0.510993,-0.0505346,BARBUNYA,1,unknown
0.479991,0.852337,1.23999,-0.525219,2.23417,1.4194,0.478887,0.565279,0.221847,-0.161623,-1.81269,-1.8799,0.449109,-1.43084,-1.77147,-0.0614124,HOROZ,1,HOROZ
0.845887,1.08478,0.957489,0.582755,0.740262,0.800996,0.84684,0.913738,-0.562229,-0.373299,-1.41292,-0.794822,-0.689816,-0.987666,-0.807473,0.135503,HOROZ,1,CALI
6.96916,4.51542,3.36326,7.07087,-0.671054,-0.444578,6.92625,5.27817,0.308591,0.147416,0.360131,0.600383,-3.84544,-1.23414,0.572651,-0.303814,BOMBAY,1,unknown
0.529784,0.813794,1.09842,-0.151876,1.61742,1.21211,0.580752,0.613736,-0.83674,-3.42705,-1.44089,-1.54612,0.13702,-1.28654,-1.48513,-3.11789,HOROZ,1,unknown
-0.0231327,-0.0123812,0.0654729,-0.0273443,0.113554,0.374013,-0.0286293,0.0548652,0.619027,0.332773,0.209536,-0.233182,-0.103265,-0.361116,-0.270926,-0.0139517,SIRA,1,SIRA
9.73841,6.17317,5.10866,7.88894,0.165245,0.415103,9.7285,6.78122,1.42599,-0.711976,-0.584372,-0.340637,-4.02371,-1.75676,-0.375563,-2.16341,BOMBAY,1,unknown
-0.905554,-0.934886,-0.837951,-0.972374,-0.360556,-0.0694845,-0.902613,-0.95746,-0.338617,0.0466928,0.459228,0.271148,0.991169,0.554483,0.232715,0.56759,DERMASON,1,DERMASON
1.7896,2.29736,1.09499,2.31138,-0.328599,-0.0352214,1.8192,1.74284,0.542493,-1.8505,-3.00543,0.220149,-1.93916,-0.673018,0.180846,-0.0131598,BARBUNYA,1,unknown
1.65723,1.60076,0.764495,2.65525,-0.847658,-0.698992,1.65433,1.6318,0.784695,-0.320488,-0.813002,0.806468,-2.12253,-0.291618,0.789916,-0.607915,BARBUNYA,1,unknown
2.06819,2.02723,1.47282,2.26391,0.0839243,0.349896,2.07057,1.97167,1.72078,-0.618889,-1.27974,-0.223019,-1.89245,-0.970422,-0.260981,-0.707506,BARBUNYA,1,CALI
-0.998046,-1.07104,-0.9151,-1.12924,-0.339181,-0.0464869,-0.999249,-1.07498,-0.673917,0.563981,0.707259,0.250827,1.204,0.617292,0.212022,0.675501,DERMASON,1,DERMASON
0.567359,0.827739,0.878411,0.10438,1.06868,0.975049,0.569261,0.650078,-0.587362,-0.373657,-1.35213,-1.05625,-0.248385,-1.05066,-1.04848,0.330187,HOROZ,1,HOROZ
-0.834148,-0.83617,-0.705508,-0.982748,-0.149123,0.144541,-0.831411,-0.868484,0.953542,0.0289862,0.311961,0.0470622,1.00365,0.311643,0.00638346,0.607267,DERMASON,1,DERMASON
11.8713,7.17342,6.33454,8.41322,0.722766,0.790903,11.9382,7.83005,0.188313,-1.92036,-0.72284,-0.827439,-4.15503,-1.98506,-0.837845,-1.70875,BOMBAY,1,unknown
1.78323,1.78089,1.629,1.44234,0.827123,0.849805,1.77118,1.73753,1.13182,0.0870075,-1.15652,-0.858889,-1.38302,-1.22513,-0.867048,0.458388,BARBUNYA,1,CALI
-0.468646,-0.63364,-0.891633,0.480389,-1.47542,-1.99169,-0.476047,-0.434247,0.772553,0.759636,1.49099,1.7057,-0.613938,1.47902,1.77832,0.619073,SEKER,1,SEKER
-0.0629412,-0.206085,-0.495372,0.84639,-1.20677,-1.34464,-0.0716862,0.0127101,0.509958,0.60117,1.16334,1.32194,-0.93553,0.826532,1.34846,0.820227,SEKER,1,SEKER
-0.680366,-0.762543,-1.06204,0.180037,-1.51469,-2.10291,-0.681713,-0.68167,-0.1099,0.346021,0.92023,1.7586,-0.325107,1.7308,1.83851,0.396609,SEKER,1,SEKER
-0.796704,-0.919557,-0.968544,-0.40267,-1.00598,-0.959329,-0.798037,-0.822407,0.295701,0.422534,1.18421,1.05289,0.272201,1.15642,1.05424,0.889053,DERMASON,1,DERMASON
-1.22146,-1.3954,-1.36044,-1.05291,-1.09522,-1.12209,-1.2166,-1.37044,-0.0411739,0.0142071,1.26439,1.16423,1.09807,1.73855,1.17528,0.650022,DERMASON,1,DERMASON
6.82208,4.50641,3.48455,6.61767,-0.411381,-0.125502,6.75377,5.19283,1.4735,0.750558,0.150452,0.313519,-3.72592,-1.33752,0.275969,0.0818716,BOMBAY,1,unknown
-0.559562,-0.719151,-0.865418,0.132,-1.22956,-1.393,-0.568035,-0.539185,0.08479,0.929111,1.46997,1.35798,-0.296741,1.2288,1.38833,0.959833,SEKER,1,SEKER
7.70923,5.11593,4.22821,6.65197,0.0961941,0.359934,7.67791,5.69835,-0.35327,-0.18444,-0.34242,-0.238828,-3.71889,-1.60888,-0.276448,-0.850689,BOMBAY,1,unknown
-0.176717,-0.173816,-0.121917,-0.131933,-0.0508903,0.234653,-0.186332,-0.109362,-0.318933,0.740466,0.314547,-0.0546141,-0.0139154,-0.168163,-0.0949658,0.56689,SIRA,1,SIRA
0.67496,0.978003,0.33536,1.19125,-0.45144,-0.171029,0.689524,0.753109,0.544622,-1.16245,-1.59599,0.363954,-1.19255,-0.251765,0.327645,0.288484,BARBUNYA,1,unknown
1.34343,1.138,0.729696,1.97893,-0.508581,-0.238172,1.32589,1.36209,0.121139,0.494886,0.183629,0.442718,-1.7553,-0.423639,0.408762,0.792886,BARBUNYA,1,CALI
0.867105,1.18249,1.03724,0.510727,0.900942,0.889657,0.867819,0.933428,-1.05655,-0.363687,-1.7511,-0.926269,-0.627298,-1.06146,-0.929345,0.182362,HOROZ,1,HOROZ
-0.0160381,0.080047,0.117476,-0.0933643,0.238966,0.471634,-0.0117164,0.0623485,0.952564,-0.406825,-0.275464,-0.351901,-0.0359928,-0.441558,-0.386477,0.0284703,SIRA,1,SIRA
-0.305208,-0.415747,-0.446735,0.0855824,-0.650769,-0.417465,-0.313954,-0.250198,0.574964,0.757206,1.07054,0.600595,-0.236732,0.390547,0.572873,0.541374,SEKER,1,DERMASON
-0.143018,-0.180636,-0.220861,0.137221,-0.39362,-0.10571,-0.148763,-0.0729552,0.688093,0.413711,0.547258,0.29545,-0.274478,0.064514,0.257506,0.137626,SIRA,1,SIRA
2.19721,2.598,1.45686,2.47977,-0.0660134,0.221132,2.22272,2.07552,-0.626098,-1.62064,-2.92591,-0.039078,-2.05303,-0.902343,-0.0795341,0.574737,BARBUNYA,1,unknown
2.59509,2.17656,1.69389,2.8511,-0.0554912,0.230553,2.57086,2.38794,0.844521,0.399582,-0.38803,-0.0594218,-2.25032,-0.988239,-0.0997373,0.219017,BARBUNYA,1,CALI
-1.25174,-1.35817,-1.27794,-1.29992,-0.762534,-0.572074,-1.23913,-1.41188,-0.0916485,-0.950032,0.679849,0.719448,1.48018,1.31953,0.697754,0.00812412,DERMASON,1,DERMASON
7.33151,4.90811,3.88209,6.72118,-0.175472,0.119421,7.31938,5.48577,-0.752425,-0.566107,-0.288125,0.029953,-3.73579,-1.48638,-0.0107295,-1.01056,BOMBAY,1,unknown
0.0526741,0.127029,0.114893,0.0691054,0.0990383,0.36225,0.0567744,0.134373,-0.181699,-0.406907,-0.181839,-0.209754,-0.213221,-0.378647,-0.247988,0.332872,SIRA,1,SIRA
0.0610168,0.219402,0.148358,0.110848,0.108651,0.370051,0.0919559,0.143063,-0.0842131,-2.34734,-0.637218,-0.278578,-0.180121,-0.426822,-0.315247,-1.87703,SIRA,1,SIRA
-0.672549,-0.709792,-0.812304,-0.301851,-0.86165,-0.720676,-0.676484,-0.67234,0.349122,0.590522,0.61228,0.854529,0.174855,0.866775,0.841081,0.437223,SEKER,1,DERMASON
-0.195373,-0.37683,-0.676673,0.842303,-1.4204,-1.84394,-0.205827,-0.129611,0.605271,0.82032,1.49065,1.6286,-0.931436,1.18656,1.691,0.79632,SEKER,1,SEKER
0.523215,0.829579,1.13006,-0.156177,1.66481,1.23,0.560353,0.607363,-2.52261,-2.57531,-1.5384,-1.61524,0.195732,-1.31796,-1.54517,-4.61652,HOROZ,1,unknown
1.31735,1.43571,0.692735,2.0226,-0.572839,-0.316948,1.33505,1.33924,0.44662,-1.31935,-1.23847,0.49325,-1.76114,-0.384917,0.461068,-0.0254214,BARBUNYA,1,unknown
2.48066,2.68638,1.51929,2.91312,-0.258078,0.0378945,2.51709,2.29926,-0.0187194,-2.03503,-2.51545,0.160561,-2.29193,-0.855352,0.120509,0.570452,BARBUNYA,1,unknown
1.34461,1.42227,0.803238,1.85704,-0.357489,-0.0661647,1.36423,1.36312,-0.0254169,-1.4159,-1.09022,0.27126,-1.67382,-0.526953,0.232828,0.691853,BARBUNYA,1,unknown
6.52746,4.58602,3.64344,5.94426,-0.00885394,0.27159,6.49995,5.01994,-1.04931,-0.156404,-0.569952,-0.115253,-3.51886,-1.47908,-0.155009,-0.109955,BOMBAY,1,unknown
1.72745,1.74584,0.865871,2.59757,-0.717877,-0.508741,1.74297,1.6909,1.09814,-1.20014,-1.18722,0.659742,-2.10082,-0.401341,0.634876,-0.186217,BARBUNYA,1,unknown
-0.385679,-0.138185,0.137575,-1.03948,1.20224,1.03833,-0.3838,-0.340103,-0.758379,-0.0961499,-1.06733,-1.15663,1.08768,-0.785291,-1.13954,0.442771,HOROZ,1,HOROZ
10.0812,6.26101,5.02862,8.34208,-0.064226,0.222736,10.0087,6.95539,0.898252,0.351949,-0.406816,-0.0809214,-4.15201,-1.69107,-0.121052,-0.893888,BOMBAY,1,unknown
1.6391,1.91104,1.33431,1.64647,0.351972,0.553853,1.64439,1.61646,1.55547,-0.711511,-2.08818,-0.472934,-1.49725,-1.00836,-0.503102,-0.579965,BARBUNYA,1,unknown
-0.501097,-0.5753,-0.80532,0.196603,-1.19291,-1.31572,-0.505031,-0.471485,0.588283,0.472391,0.872534,1.30033,-0.352645,1.12653,1.32462,0.742142,SEKER,1,SEKER
8.50954,5.56265,4.53988,7.19769,0.0762763,0.343602,8.45093,6.13672,0.717465,0.282782,-0.497898,-0.223662,-3.86715,-1.65306,-0.26161,-1.00807,BOMBAY,1,unknown
-0.729306,-0.696248,-0.636646,-0.78941,-0.21914,0.076858,-0.731354,-0.740437,0.285519,0.447091,0.125665,0.119693,0.75011,0.292516,0.0792953,0.585692,DERMASON,1,DERMASON
-0.509768,-0.363701,-0.500766,-0.399099,-0.353208,-0.0615418,-0.49212,-0.481476,-0.0347862,-1.4506,-0.513883,0.269481,0.271462,0.26067,0.231016,0.795935,DERMASON,1,DERMASON
2.11818,2.55235,1.47866,2.30205,0.0657289,0.334877,2.16843,2.01207,-1.04102,-2.69196,-2.97779,-0.17563,-1.94408,-0.956368,-0.214497,0.390087,BARBUNYA,1,unknown
1.10747,1.68759,0.80476,1.37649,-0.0441072,0.240677,1.1381,1.15283,-0.0121366,-2.02414,-2.89269,-0.0776396,-1.32142,-0.663485,-0.117801,-0.0279844,BARBUNYA,1,unknown
2.20535,1.97987,1.36726,2.66759,-0.265231,0.0306306,2.19064,2.08203,1.58005,0.102859,-0.699419,0.154371,-2.14652,-0.802784,0.114258,0.07144,BARBUNYA,1,CALI
2.18788,1.976,1.77473,1.979,0.586674,0.709229,2.17683,2.06806,0.172143,-0.0513182,-0.734499,-0.659742,-1.7417,-1.20463,-0.680769,0.284428,BARBUNYA,1,CALI
0.271489,0.619993,1.04352,-0.715652,2.18097,1.4035,0.267282,0.358526,-3.13292,0.112533,-1.63687,-1.84312,0.675696,-1.36452,-1.74036,0.0860889,HOROZ,1,HOROZ
0.907571,0.877253,0.536368,1.38458,-0.349834,-0.0579075,0.899128,0.970831,-0.869114,0.153137,-0.22304,0.245415,-1.33,-0.408911,0.206517,0.0651889,CALI,1,CALI
7.35365,4.88096,4.11754,6.27279,0.187248,0.432226,7.29924,5.49833,0.385314,0.349981,-0.17378,-0.289614,-3.63246,-1.60307,-0.325995,0.526809,BOMBAY,1,unknown
0.275693,0.916515,1.21276,-0.675988,2.3794,1.46117,0.391224,0.362759,0.250508,-7.79374,-2.8907,-2.14044,0.918215,-1.50171,-1.98869,-7.44223,HOROZ,1,unknown
1.64186,1.59067,1.26582,1.81892,0.159245,0.410396,1.67777,1.6188,-1.25344,-2.1723,-0.820058,-0.331545,-1.57344,-0.936382,-0.366746,-2.03815,CALI,1,CALI
-0.0840278,0.0334386,-0.100331,0.0904866,-0.200459,0.0952107,-0.0797553,-0.00973448,-0.831951,-0.386218,-0.372727,0.0832974,-0.222695,-0.117704,0.0427052,-0.021789,SIRA,1,SIRA
-0.254298,-0.285066,-0.461461,0.247993,-0.784245,-0.603654,-0.257664,-0.194006,-0.63595,0.281911,0.544171,0.766986,-0.401774,0.49127,0.748025,0.731618,SEKER,1,SEKER
1.23865,1.43543,0.806032,1.65289,-0.226064,0.0700011,1.25204,1.26989,-0.108625,-1.09684,-1.50188,0.111686,-1.51876,-0.59082,0.0712358,0.0306921,BARBUNYA,1,unknown
-0.216985,-0.220632,-0.238565,-0.0484397,-0.274595,0.0210693,-0.226097,-0.153151,1.0528,0.726843,0.366557,0.183262,-0.107684,0.0222211,0.143461,0.753239,SIRA,1,SIRA
8.19416,5.27568,4.39243,6.97806,0.0690239,0.337608,8.12417,5.96584,0.881346,0.552489,-0.116677,-0.194667,-3.82208,-1.62429,-0.233193,-0.19637,BOMBAY,1,unknown
7.438,5.08468,4.16549,6.40395,0.162091,0.412631,7.45785,5.54609,1.07418,-1.25525,-0.64492,-0.306846,-3.64326,-1.61474,-0.342759,-1.01669,BOMBAY,1,unknown
-0.234525,-0.191517,-0.227027,-0.0772141,-0.236475,0.0596319,-0.235264,-0.172322,0.902391,0.0590145,0.0910498,0.111451,-0.0389663,-0.0204721,0.0709997,-0.37576,SIRA,1,SIRA
0.175121,0.497295,0.00876802,0.549262,-0.402978,-0.116108,0.192271,0.260755,0.554723,-1.34764,-1.48806,0.311638,-0.666882,-0.0809604,0.274046,0.346496,BARBUNYA,1,unknown
2.21987,1.95681,1.78723,2.05836,0.544005,0.682409,2.20226,2.09363,1.26124,0.224205,-0.564168,-0.646943,-1.76678,-1.20419,-0.668687,-0.657745,CALI,1,CALI
7.27016,4.85608,4.04672,6.32991,0.110439,0.371497,7.23379,5.45088,0.538867,-0.0333728,-0.225443,-0.240156,-3.63279,-1.57991,-0.277745,-0.385973,BOMBAY,1,unknown
-0.840389,-0.638019,-0.6383,-1.08289,0.0483879,0.320412,-0.814886,-0.876202,-1.18405,-2.29715,-1.00497,-0.179398,1.18089,0.136622,-0.2182,-0.38184,DERMASON,1,DERMASON
-0.0653717,0.0695951,0.157188,-0.285687,0.463334,0.630018,-0.0668447,0.0101272,-0.793575,0.0464924,-0.473856,-0.548926,0.159539,-0.546263,-0.575718,0.36388,SIRA,1,SIRA
2.3324,2.17861,2.08865,1.78644,1.06155,0.971561,2.30019,2.18297,0.213596,0.81288,-1.11779,-1.0525,-1.61532,-1.40312,-1.04506,0.256948,CALI,1,CALI
0.519077,0.768534,0.352271,0.78389,-0.152595,0.141254,0.536662,0.603345,-0.243813,-1.35403,-1.27825,0.0523232,-0.879015,-0.394779,0.0116504,0.667824,BARBUNYA,1,unknown
1.57853,1.69826,1.19809,1.70238,0.165589,0.415372,1.58939,1.56503,-0.855166,-0.976687,-1.45963,-0.274312,-1.56068,-0.892123,-0.311089,0.323934,BARBUNYA,1,CALI
0.894038,0.975616,0.432607,1.51066,-0.544923,-0.282285,0.906422,0.958344,-0.113167,-1.0365,-0.74161,0.481637,-1.43847,-0.254474,0.449029,0.698743,BARBUNYA,1,unknown
1.70302,2.00305,1.3193,1.74177,0.269122,0.494085,1.73057,1.67038,-0.587811,-1.76737,-2.23675,-0.362134,-1.5979,-0.965552,-0.396384,0.709835,BARBUNYA,1,unknown
0.639225,0.898627,1.28234,-0.271365,1.99859,1.34634,0.629812,0.71906,-0.333808,0.307788,-1.38481,-1.72273,0.148291,-1.39458,-1.63776,0.234837,HOROZ,1,HOROZ
2.69987,2.70714,1.48544,3.39686,-0.548725,-0.286966,2.73895,2.46836,0.259968,-2.10339,-2.0547,0.476381,-2.53129,-0.732247,0.443584,0.359426,BARBUNYA,1,unknown
-0.599567,-0.624205,-0.491876,-0.664532,-0.116258,0.1753,-0.60696,-0.585975,0.845145,0.862142,0.539854,0.0164775,0.588138,0.123497,-0.0241912,0.729552,DERMASON,1,DERMASON
0.633707,0.896683,0.134908,1.47547,-0.852679,-0.706746,0.66112,0.713787,-0.0856541,-1.94423,-1.39789,0.825547,-1.38884,0.0782367,0.810206,-0.169873,BARBUNYA,1,unknown
6.82977,4.7201,3.95374,5.95375,0.215712,0.454058,6.84724,5.1973,-0.754605,-1.20906,-0.495067,-0.372385,-3.49412,-1.59589,-0.406299,-1.56213,BOMBAY,1,unknown
8.04984,5.15211,4.00412,7.45703,-0.386265,-0.0975817,7.99299,5.88685,1.46982,0.305928,0.0411534,0.269084,-3.94357,-1.44919,0.230611,-0.514221,BOMBAY,1,unknown
10.3575,6.33989,5.25383,8.27858,0.101663,0.364384,10.3077,7.09413,0.509506,-0.061891,-0.289833,-0.234686,-4.14381,-1.75322,-0.272397,-0.499426,BOMBAY,1,unknown
0.129269,0.359545,-0.286269,0.960346,-1.02718,-0.996863,0.146116,0.213718,0.222492,-1.32933,-1.02784,1.07616,-1.0255,0.51011,1.07946,0.734403,BARBUNYA,1,SEKER
1.73567,1.49585,1.34247,1.82686,0.235558,0.469073,1.71559,1.69778,1.23418,0.480196,-0.103782,-0.367681,-1.61627,-0.975396,-0.40175,-0.685105,CALI,1,CALI
-1.00337,-1.06795,-0.839984,-1.26321,-0.0949952,0.194868,-1.00687,-1.08182,-0.603364,0.826636,0.641096,-0.0157344,1.41143,0.39541,-0.0563104,0.34816,DERMASON,1,DERMASON
-0.848009,-0.913387,-0.907023,-0.669718,-0.716473,-0.506784,-0.848324,-0.88564,0.900872,0.353585,0.747665,0.678658,0.602024,0.860476,0.654766,0.52824,DERMASON,1,DERMASON
1.38705,1.94954,0.862752,1.87694,-0.306645,-0.0120975,1.39857,1.40014,0.817195,-1.00385,-2.96405,0.194683,-1.66597,-0.583774,0.155025,-0.0756181,BARBUNYA,1,unknown
3.11136,2.5353,1.73653,3.72221,-0.487775,-0.213416,3.08999,2.77725,1.15464,0.164032,-0.4308,0.403635,-2.68125,-0.847123,0.368449,0.245275,BARBUNYA,1,unknown
-0.533614,-0.616713,-0.775726,0.0409055,-1.05226,-1.04216,-0.537178,-0.50904,0.528258,0.459909,0.934674,1.10801,-0.196854,0.979211,1.11404,0.689873,SEKER,1,SEKER
0.152918,0.333896,0.216664,0.35195,0.00388812,0.282603,0.199049,0.238021,-0.876852,-3.36392,-0.786616,-0.273766,-0.293935,-0.461351,-0.310556,-5.45759,HOROZ,1,unknown
1.65414,1.70769,1.19228,1.85418,0.0574912,0.328024,1.66944,1.62919,-1.15637,-1.19095,-1.2614,-0.163967,-1.66734,-0.850947,-0.203029,0.522302,BARBUNYA,1,unknown
1.45931,1.73016,1.12334,1.61189,0.146458,0.400311,1.4812,1.46278,0.167428,-1.52154,-1.95421,-0.276113,-1.47756,-0.865174,-0.312844,-0.429589,BARBUNYA,1,unknown
3.40085,2.63362,2.44779,3.09766,0.510068,0.660643,3.37022,2.9884,-0.275648,0.431447,-0.0889594,-0.610223,-2.36454,-1.3626,-0.633949,-0.393867,CALI,1,CALI
2.11759,1.95495,1.89937,1.77906,0.864588,0.870212,2.15042,2.01159,-0.381129,-1.94399,-0.854514,-0.959638,-1.53948,-1.32911,-0.96006,-2.29493,CALI,1,CALI
6.41342,4.16718,3.23033,6.48547,-0.537918,-0.273695,6.38014,4.95231,0.491842,-0.00681166,0.574424,0.449685,-3.68342,-1.24598,0.415962,-0.143965,BOMBAY,1,unknown
-0.166732,-0.132589,-0.177338,-0.000487,-0.230773,0.0653199,-0.171614,-0.0985527,0.351194,0.358303,0.125851,0.120297,-0.13689,-0.049799,0.0799035,0.162362,SIRA,1,SIRA
-1.15327,-1.25061,-1.14382,-1.23339,-0.606365,-0.359499,-1.14727,-1.27841,-0.0800167,-0.165718,0.738695,0.557687,1.34634,1.04873,0.52807,0.867622,DERMASON,1,DERMASON
1.75255,1.8348,1.42903,1.67414,0.435055,0.611111,1.75058,1.71192,0.895454,-0.380587,-1.46202,-0.51788,-1.5486,-1.05466,-0.546108,0.580905,BARBUNYA,1,CALI
-1.10992,-1.15117,-1.03083,-1.27589,-0.387958,-0.0994491,-1.10221,-1.22077,-1.09756,-0.388012,0.366457,0.29455,1.43108,0.760977,0.256587,0.328357,DERMASON,1,DERMASON
0.868222,1.06082,1.42285,0.0192433,1.87023,1.30351,0.85252,0.934463,-2.74235,0.588223,-1.22453,-1.65152,-0.140147,-1.41085,-1.57652,-0.333671,HOROZ,1,HOROZ
-1.32853,-1.45622,-1.32885,-1.48711,-0.679928,-0.456568,-1.32331,-1.51856,-0.17,0.0379223,0.727817,0.632197,1.75196,1.3281,0.605965,0.435732,DERMASON,1,DERMASON
-0.522972,-0.690382,-0.779264,0.077771,-1.08153,-1.0963,-0.534532,-0.496723,0.326378,1.17972,1.52008,1.14904,-0.236142,1.00739,1.15871,0.75652,DERMASON,1,SEKER
-0.655338,-0.802753,-1.02655,0.163672,-1.45883,-1.94618,-0.66183,-0.651854,0.599699,0.823075,1.38696,1.69322,-0.329939,1.64014,1.76415,1.02444,SEKER,1,SEKER
2.15963,1.97578,1.29851,2.68146,-0.340264,-0.0476438,2.14022,2.04541,-0.283675,0.318441,-0.815439,0.244182,-2.16231,-0.744814,0.205262,0.394678,BARBUNYA,1,unknown
-0.350534,-0.130618,-0.803113,0.67694,-1.47924,-2.0023,-0.333965,-0.300672,0.151466,-1.34167,-0.912209,1.69189,-0.767249,1.36576,1.76265,-0.0104306,SEKER,1,unknown
9.23411,5.96404,4.87784,7.56718,0.147194,0.400894,9.19394,6.52066,0.32712,-0.140449,-0.65034,-0.293939,-3.96221,-1.71637,-0.330205,-1.06774,BOMBAY,1,unknown
1.58589,1.44586,1.03652,1.97682,-0.185677,0.10958,1.5863,1.5713,0.529239,-0.468784,-0.380561,0.0796571,-1.74364,-0.701499,0.0390514,0.408275,BARBUNYA,1,CALI
0.391966,0.582889,0.898673,-0.285644,1.48567,1.16041,0.385091,0.478764,1.36439,0.244719,-0.939385,-1.37415,0.16786,-1.1666,-1.33406,0.127383,HOROZ,1,HOROZ
8.8062,5.72784,4.89265,7.07842,0.366931,0.564355,8.82431,6.29533,-1.47253,-1.20812,-0.560567,-0.523256,-3.81805,-1.76712,-0.551241,-1.96837,BOMBAY,1,unknown
7.88515,4.99122,4.03393,7.16126,-0.250724,0.0453281,7.81986,5.79607,0.508173,0.502899,0.285653,0.132467,-3.87221,-1.48812,0.0921625,-0.162026,BOMBAY,1,unknown
1.73225,1.68697,1.29594,1.85718,0.165577,0.415364,1.72618,1.69492,1.40214,-0.183354,-0.933288,-0.277997,-1.66014,-0.928462,-0.31468,0.185669,BARBUNYA,1,CALI
-1.38634,-1.35812,-1.29972,-1.7198,-0.41052,-0.124537,-1.36759,-1.60048,0.760817,-1.77154,-0.576456,0.297763,2.17706,1.07014,0.259867,-0.445352,DERMASON,1,DERMASON
9.93719,6.22464,5.14217,8.0432,0.124395,0.382733,9.95489,6.8825,1.05467,-1.19437,-0.481925,-0.289439,-4.06851,-1.75037,-0.325825,-1.71599,BOMBAY,1,unknown
-0.696855,-0.762757,-0.670855,-0.640273,-0.397108,-0.109577,-0.7045,-0.7014,0.233181,0.971069,0.803741,0.315891,0.558377,0.42737,0.278395,0.730122,DERMASON,1,DERMASON
-0.834279,-0.906954,-0.844106,-0.730051,-0.575837,-0.320712,-0.83522,-0.868646,-0.959702,0.408839,0.806255,0.501688,0.691391,0.692545,0.469824,0.14907,DERMASON,1,DERMASON
1.43704,1.37412,1.29686,1.26651,0.589929,0.71125,1.42394,1.44353,1.0246,0.234988,-0.568457,-0.658242,-1.25406,-1.05826,-0.679354,0.451856,BARBUNYA,1,CALI
0.474276,0.336061,0.223742,0.888681,-0.3794,-0.090032,0.45397,0.559695,0.99479,1.08315,0.723832,0.300599,-0.972028,-0.216206,0.262764,0.88169,SEKER,1,SIRA
1.70926,1.72673,1.11426,2.08941,-0.174734,0.12013,1.72444,1.67563,0.4829,-1.18483,-1.1667,0.0735781,-1.81991,-0.735073,0.0329522,0.602975,BARBUNYA,1,unknown
7.14712,4.82078,4.07257,6.12941,0.220731,0.457871,7.0857,5.38059,-0.833872,0.536266,-0.306849,-0.347949,-3.57011,-1.60948,-0.382649,-0.469097,BOMBAY,1,unknown
8.92766,5.49339,4.45356,7.80243,-0.223978,0.0720697,8.84619,6.3597,0.783417,0.665805,0.257471,0.109792,-4.03957,-1.56366,0.0693303,0.0418048,BOMBAY,1,unknown
0.0745491,-0.0710741,-0.282541,0.80569,-0.928009,-0.826897,0.0590338,0.157134,0.923319,1.01991,1.08835,0.948268,-0.90019,0.440116,0.941414,0.765611,SEKER,1,SEKER
10.6149,6.56851,5.52822,8.20945,0.30223,0.5183,10.5785,7.22208,-0.559574,-0.304681,-0.582519,-0.44877,-4.1131,-1.82999,-0.479913,-1.39631,BOMBAY,1,unknown
1.16665,1.49494,0.57947,1.87729,-0.607002,-0.360317,1.19388,1.20587,0.36125,-1.83102,-1.98063,0.544001,-1.6781,-0.306291,0.513811,0.361705,BARBUNYA,1,unknown
1.00906,1.03583,0.802845,1.16019,0.105367,0.36739,1.01106,1.0638,-1.23063,-0.462474,-0.58089,-0.219584,-1.16612,-0.716839,-0.257618,0.196264,BARBUNYA,1,CALI
-0.246546,-0.429118,-0.604005,0.548284,-1.15923,-1.24701,-0.261601,-0.185496,0.530193,1.2339,1.5257,1.25142,-0.675905,0.89004,1.27078,0.659235,SEKER,1,SEKER
1.92538,1.72853,1.47317,1.99802,0.257828,0.485721,1.94379,1.85518,-0.00333652,-1.32799,-0.504624,-0.393982,-1.7222,-1.02783,-0.427161,-0.888384,CALI,1,CALI
-0.546949,-0.68783,-0.81582,0.0753604,-1.12792,-1.18501,-0.556673,-0.524513,1.0843,1.03349,1.33556,1.21361,-0.235958,1.08524,1.22929,0.822932,SEKER,1,SEKER
2.52691,2.40968,1.47237,3.11233,-0.411856,-0.126035,2.54852,2.33521,-0.41871,-1.4353,-1.45496,0.309231,-2.37938,-0.786655,0.271585,-0.0896492,BARBUNYA,1,unknown
2.59693,2.47626,1.95838,2.46849,0.440559,0.614814,2.61366,2.38936,-0.188424,-1.23763,-1.51387,-0.550244,-2.01986,-1.2219,-0.576973,-0.466548,BARBUNYA,1,CALI
3.12528,3.03652,2.38328,2.73409,0.682803,0.76751,3.14415,2.78752,1.7288,-1.3064,-2.14338,-0.757734,-2.17367,-1.38907,-0.772833,-0.311192,BARBUNYA,1,unknown
-0.338316,-0.488848,-0.644071,0.353848,-1.08729,-1.10711,-0.348167,-0.287024,0.699115,0.874256,1.34971,1.16063,-0.506637,0.876879,1.17136,0.886309,SEKER,1,SEKER
0.209806,0.370475,-0.140341,0.921654,-0.831577,-0.674365,0.232617,0.296112,0.537137,-1.7348,-0.705487,0.803073,-0.97095,0.257385,0.786309,-0.0387034,BARBUNYA,1,unknown
0.0864391,0.110787,0.116616,0.140417,0.0432289,0.316079,0.0794326,0.169471,0.0170697,0.390629,0.0808114,-0.148107,-0.292684,-0.352715,-0.187417,0.588776,SIRA,1,SIRA
0.841223,1.14757,0.399503,1.44942,-0.543575,-0.280629,0.849615,0.909403,-0.586447,-0.804203,-1.69874,0.479242,-1.39408,-0.237297,0.446548,0.668919,BARBUNYA,1,unknown
1.79236,1.7478,1.70273,1.42816,0.92022,0.899829,1.82495,1.74514,0.534198,-1.98751,-0.995132,-0.981749,-1.31957,-1.28358,-0.980362,-1.3939,CALI,1,CALI
0.824998,1.17717,0.612235,1.14195,-0.10071,0.189634,0.886346,0.8943,-1.27502,-3.84166,-1.88149,-0.0672309,-1.09424,-0.572844,-0.107483,-1.74668,BARBUNYA,1,unknown
1.06319,1.2618,1.61667,0.126021,2.01096,1.35035,1.03727,1.11291,-3.07187,1.0733,-1.38337,-1.72802,-0.270606,-1.48268,-1.64229,0.352744,HOROZ,1,HOROZ
1.88334,1.91988,1.73356,1.68171,0.759202,0.811821,1.99072,1.82056,-0.138305,-5.2974,-1.4025,-0.931056,-1.40834,-1.27656,-0.933757,-4.55069,CALI,1,unknown
0.192004,0.148279,0.0688899,0.488986,-0.285043,0.0103327,0.185235,0.277989,-1.1399,0.323536,0.405646,0.18225,-0.611917,-0.177653,0.142438,0.312767,SIRA,1,SIRA
0.173348,0.0138905,-0.281055,1.06967,-1.086,-1.10469,0.161028,0.258942,-0.0526172,0.725597,1.09964,1.153,-1.11062,0.546386,1.16303,0.68831,SEKER,1,SEKER
0.917424,1.07188,0.672014,1.1575,-0.0428944,0.241752,0.926821,0.979909,0.00673422,-0.867595,-1.08914,-0.0615619,-1.17619,-0.598191,-0.101861,0.608503,BARBUNYA,1,unknown
2.10044,1.8697,1.48669,2.25967,0.10074,0.363634,2.08568,1.99776,1.03224,0.130741,-0.559889,-0.212463,-1.91614,-0.971503,-0.250643,0.293739,BARBUNYA,1,CALI
2.11391,1.99652,1.15871,2.8229,-0.553839,-0.293282,2.10395,2.00862,1.34013,-0.0833575,-1.02948,0.491491,-2.24664,-0.597606,0.459244,0.684318,BARBUNYA,1,unknown
0.88136,0.860409,0.131552,2.04334,-1.16907,-1.26686,0.880536,0.946626,0.306926,-0.277948,-0.245643,1.2717,-1.79852,0.294125,1.29307,0.884033,BARBUNYA,1,unknown
1.77442,2.01806,1.5111,1.59947,0.578432,0.704095,1.78854,1.73019,-1.45733,-1.13463,-2.08601,-0.649258,-1.49258,-1.12359,-0.670873,0.412397,BARBUNYA,1,unknown
0.00997531,0.080469,0.154367,-0.0836713,0.280125,0.502182,-0.00254983,0.089712,-0.166092,0.841988,-0.143199,-0.393363,-0.042385,-0.47911,-0.426564,-0.0809398,SIRA,1,SIRA
1.94069,2.1187,1.42367,2.08652,0.147695,0.40129,1.95586,1.86774,0.861727,-1.18213,-1.98014,-0.277808,-1.7901,-0.972426,-0.314496,-0.448473,BARBUNYA,1,unknown
1.62938,1.78548,1.26778,1.70191,0.24116,0.47328,1.64052,1.60823,0.532872,-0.991907,-1.64393,-0.351538,-1.55471,-0.943991,-0.386126,0.119823,BARBUNYA,1,unknown
-0.12469,0.266384,0.540457,-0.916344,1.67409,1.23346,-0.116163,-0.0532443,-2.2738,-0.70518,-1.78181,-1.53296,0.975091,-1.09536,-1.47365,-0.946296,HOROZ,1,HOROZ
0.421264,0.368648,0.335774,0.619142,-0.0517522,0.233886,0.409234,0.507682,1.71374,0.571642,0.294015,-0.0785078,-0.70663,-0.441337,-0.118661,-0.343209,SIRA,1,SIRA
1.76969,1.98807,1.03159,2.36377,-0.423167,-0.138768,1.83185,1.72624,-0.683624,-3.3495,-1.9902,0.334695,-1.9802,-0.603343,0.297641,0.370231,BARBUNYA,1,unknown
1.59239,1.82806,1.26752,1.62325,0.295692,0.513553,1.60928,1.57683,-1.46748,-1.26834,-1.91849,-0.39851,-1.5051,-0.960101,-0.431529,0.271924,BARBUNYA,1,unknown
7.59132,5.04521,4.17879,6.522,0.11872,0.378175,7.53518,5.63239,0.858241,0.353353,-0.307544,-0.237731,-3.69678,-1.60077,-0.275375,0.00315054,BOMBAY,1,unknown
-1.01867,-1.15508,-1.33326,-0.374286,-1.5355,-2.16393,-1.01791,-1.10155,0.254081,0.358777,1.16985,1.78331,0.265899,2.14242,1.8667,0.163628,DERMASON,1,SEKER
10.6767,6.69377,5.6337,8.23627,0.357797,0.557952,10.72,7.25264,-1.36694,-1.60691,-0.824922,-0.544169,-4.09165,-1.86075,-0.571186,-3.07186,BOMBAY,1,unknown
1.75807,1.67898,1.34797,1.86207,0.217515,0.455429,1.76885,1.71653,-0.620431,-0.979024,-0.819328,-0.350726,-1.63947,-0.971498,-0.38534,-0.687195,CALI,1,CALI
1.668,1.65802,1.27929,1.79699,0.188444,0.43315,1.67409,1.64089,1.44232,-0.751851,-1.0164,-0.32557,-1.59386,-0.939057,-0.360948,-0.777149,BARBUNYA,1,CALI
0.402739,0.643242,0.969135,-0.35179,1.6542,1.22603,0.395033,0.489412,1.45459,0.295261,-1.18178,-1.49513,0.244403,-1.22991,-1.44059,0.0532877,HOROZ,1,HOROZ
1.66216,1.42503,1.04265,2.14018,-0.279812,0.0157175,1.6644,1.63596,0.81764,-0.567857,-0.0310435,0.167946,-1.83544,-0.671008,0.127971,-0.000808871,BARBUNYA,1,CALI
2.03357,1.8316,1.6136,2.02114,0.388876,0.579607,2.07451,1.94358,0.233818,-2.31187,-0.603405,-0.536268,-1.71473,-1.11849,-0.563655,-1.70696,CALI,1,CALI
2.42377,2.34659,1.7816,2.39353,0.312741,0.525895,2.41535,2.25483,-1.22686,-0.207002,-1.49599,-0.412496,-1.99695,-1.12923,-0.445014,0.341166,BARBUNYA,1,CALI
1.93116,1.91077,0.803941,3.15952,-1.0598,-1.05597,1.95534,1.85992,0.233592,-1.5871,-1.22635,1.08566,-2.396,-0.19525,1.08976,-0.396037,BARBUNYA,1,unknown
0.946459,1.44716,0.417611,1.66221,-0.653284,-0.420805,0.97104,1.00659,1.28678,-1.72202,-2.52893,0.60514,-1.54088,-0.192586,0.577627,0.596114,BARBUNYA,1,unknown
1.33627,1.55626,0.949505,1.5908,-0.0290236,0.253984,1.34842,1.35582,-0.315368,-1.03418,-1.66731,-0.0712051,-1.49651,-0.722153,-0.111424,0.768263,BARBUNYA,1,unknown
1.36386,1.19518,0.95777,1.72837,-0.110852,0.180299,1.38967,1.37994,-1.18115,-1.72815,-0.0127553,-0.0508471,-1.52673,-0.717939,-0.0912259,-1.5267,CALI,1,CALI
1.09958,1.1505,0.795538,1.43694,-0.0954289,0.194472,1.13713,1.14574,-0.972716,-2.39656,-0.767006,-0.0684542,-1.32011,-0.655949,-0.108696,-1.59524,CALI,1,CALI
0.539638,0.888369,0.76979,0.193243,0.845178,0.859687,0.555124,0.623285,0.401432,-1.22142,-1.73291,-0.873537,-0.340283,-0.945677,-0.880623,0.466818,BARBUNYA,1,HOROZ
1.94798,2.03068,1.03254,2.72861,-0.625126,-0.383761,1.98323,1.87372,0.378858,-2.07941,-1.63616,0.56498,-2.18724,-0.515265,0.535674,0.352969,BARBUNYA,1,unknown
-1.60299,-1.82837,-1.6151,-1.98667,-0.70365,-0.489007,-1.59733,-1.92119,1.2604,0.197816,0.951276,0.673183,2.60091,1.77428,0.649006,0.873912,DERMASON,1,DERMASON
2.17625,1.96397,1.77192,2.04675,0.536175,0.677422,2.19574,2.05874,1.18496,-1.36472,-0.719968,-0.667592,-1.73087,-1.20627,-0.688173,-1.71385,CALI,1,CALI
-0.796442,-0.786241,-0.619639,-0.97802,-0.0224152,0.259776,-0.803202,-0.822086,-1.52137,0.975665,0.248275,-0.115428,1.04526,0.155042,-0.155182,-0.61593,DERMASON,1,DERMASON
8.20585,5.51897,4.43882,6.96743,0.105374,0.367396,8.20021,5.97222,1.40125,-0.73964,-0.783531,-0.250409,-3.80582,-1.64401,-0.287765,-0.949658,BOMBAY,1,unknown
1.99449,2.06867,1.27542,2.39504,-0.196368,0.0992003,2.01222,1.91176,-1.20283,-1.29508,-1.64576,0.0914835,-2.00015,-0.790929,0.0509256,0.431169,BARBUNYA,1,unknown
-0.387781,-0.410158,-0.299349,-0.395915,-0.0737424,0.214173,-0.398002,-0.34247,1.2971,0.94423,0.521216,-0.0313883,0.275969,-0.0398429,-0.0718888,0.568726,DERMASON,1,SIRA
0.473422,0.750868,1.03812,-0.280774,1.67267,1.23293,0.463459,0.55886,-1.5501,0.41219,-1.38528,-1.51772,0.17953,-1.25896,-1.46035,-0.353423,HOROZ,1,HOROZ
0.648619,0.883976,1.12909,-0.0492196,1.55162,1.18666,0.644466,0.728026,-2.31094,-0.0193444,-1.2818,-1.42649,-0.0780635,-1.25742,-1.38029,-0.0885478,HOROZ,1,HOROZ
1.51225,1.54224,1.43544,1.24183,0.766432,0.815926,1.50108,1.50835,0.599849,0.116327,-1.03731,-0.829728,-1.21146,-1.15867,-0.839973,-0.372771,CALI,1,CALI
2.19143,2.7708,1.45873,2.50721,-0.0807298,0.207854,2.24183,2.07089,0.486411,-2.67659,-3.46941,-0.0496429,-2.0449,-0.906621,-0.0900301,-0.361242,BARBUNYA,1,unknown
0.328706,0.895072,0.373309,0.336227,0.214937,0.453468,0.355203,0.415899,0.858098,-1.95741,-2.59521,-0.334421,-0.455949,-0.566315,-0.369535,-0.166998,SIRA,1,unknown
1.41733,1.86116,1.01311,1.65237,-0.000907106,0.278468,1.43124,1.42646,-0.578344,-1.12444,-2.56524,-0.0978479,-1.54052,-0.757864,-0.137806,0.825622,BARBUNYA,1,unknown
-0.115362,-0.133641,-0.120178,0.0209244,-0.171953,0.122799,-0.129397,-0.0432362,-0.793475,1.04604,0.419242,0.0716832,-0.174918,-0.110356,0.0310516,0.639586,SIRA,1,SIRA
-0.579597,-0.617156,-0.605377,-0.418023,-0.484747,-0.209844,-0.579783,-0.56257,-0.49091,0.1773,0.627757,0.417952,0.290278,0.426027,0.383203,0.874041,DERMASON,1,DERMASON
-0.0562407,-0.249498,-0.66745,1.23138,-1.61889,-2.42457,-0.0697496,0.0198253,0.501705,0.961879,1.48163,1.93337,-1.23739,1.36205,2.03899,0.784606,SEKER,1,SEKER
1.15818,1.29561,1.50245,0.448984,1.53739,1.18106,1.1423,1.1983,-1.69187,0.477714,-1.193,-1.40638,-0.576071,-1.35823,-1.36256,0.324457,HOROZ,1,HOROZ
1.78395,2.08309,1.04725,2.37351,-0.413016,-0.127337,1.80758,1.73813,-0.553238,-1.57562,-2.29213,0.318392,-1.98131,-0.616193,0.280952,0.190927,BARBUNYA,1,unknown
0.824604,1.1072,0.224319,1.75424,-0.915106,-0.805794,0.837802,0.893933,0.325683,-1.08208,-1.58853,0.914124,-1.59126,0.062128,0.904786,0.164478,BARBUNYA,1,unknown
1.69027,1.97517,1.05074,2.18665,-0.299497,-0.00464056,1.71559,1.65966,0.511097,-1.66394,-2.17289,0.187357,-1.86242,-0.667075,0.147606,-0.0623766,BARBUNYA,1,unknown
0.406352,0.457404,0.23919,0.727585,-0.248404,0.047666,0.401294,0.492979,-1.01347,0.119265,-0.246156,0.138051,-0.81491,-0.296498,0.0977921,0.128769,SIRA,1,SIRA
-0.485791,-0.455099,-0.35093,-0.560455,-0.00426353,0.275567,-0.494832,-0.453891,-0.599479,0.919418,0.191354,-0.115488,0.486973,-0.0449143,-0.155241,0.0504684,DERMASON,1,SIRA
2.65382,2.33216,2.00488,2.51648,0.455268,0.624655,2.63793,2.43311,0.626374,0.0516881,-0.835955,-0.574029,-2.03714,-1.24162,-0.599602,-0.871766,CALI,1,CALI
2.07259,2.42087,0.910454,3.21141,-0.985506,-0.923715,2.09801,1.97524,1.06802,-1.62814,-2.66852,1.01306,-2.44224,-0.279425,1.01118,0.446469,BARBUNYA,1,unknown
-0.135595,-0.16961,-0.276512,0.270986,-0.563365,-0.305107,-0.143146,-0.0649644,1.18661,0.551447,0.522339,0.473751,-0.388954,0.192854,0.44086,-0.326,SIRA,1,SIRA
-0.566196,-0.697887,-0.996533,0.402052,-1.56144,-2.24216,-0.568874,-0.546918,0.546296,0.399441,1.27264,1.83536,-0.540093,1.69564,1.92625,0.541175,SEKER,1,SEKER
-0.939187,-0.953819,-0.855435,-1.03602,-0.330734,-0.0374881,-0.938118,-0.99989,-0.469045,0.268687,0.332442,0.229156,1.09143,0.547215,0.189991,0.227034,DERMASON,1,DERMASON
-0.761888,-0.756594,-0.610744,-0.903358,-0.078066,0.210266,-0.758918,-0.779911,0.945562,-0.0316375,0.296872,-0.0486914,0.929715,0.182694,-0.0890852,-0.227192,DERMASON,1,DERMASON
6.95688,4.6092,3.61241,6.61014,-0.318435,-0.0244742,6.92684,5.27106,-0.464192,-0.141523,0.0433576,0.202056,-3.71743,-1.39239,0.162495,-0.267754,BOMBAY,1,unknown
1.58116,1.54035,1.46926,1.27837,0.776042,0.82136,1.5608,1.56727,-1.81839,0.5492,-0.804557,-0.807345,-1.27352,-1.16177,-0.819144,0.818468,BARBUNYA,1,CALI
-0.448347,-0.28066,-0.0749409,-0.908698,0.73584,0.798453,-0.451065,-0.411074,-1.85993,0.332281,-0.629425,-0.773466,0.896045,-0.51813,-0.78754,0.825294,DERMASON,1,SIRA
1.93044,1.68552,1.40148,2.13153,0.0955385,0.359399,1.92739,1.85933,-0.458388,-0.358723,-0.306225,-0.245869,-1.79982,-0.954037,-0.28333,-1.13559,CALI,1,CALI
1.58326,1.50551,1.4208,1.37035,0.650256,0.748101,1.55518,1.56906,1.23023,0.928668,-0.649056,-0.712392,-1.32842,-1.11606,-0.730331,0.37134,CALI,1,CALI
-0.186571,-0.39559,-0.682869,0.876065,-1.44666,-1.91334,-0.202148,-0.120049,0.692298,1.22527,1.67115,1.67228,-0.963486,1.21961,1.74041,0.939574,SEKER,1,SEKER
0.420213,0.467095,0.562427,0.24183,0.535099,0.676735,0.413947,0.506647,-1.28499,0.193436,-0.233457,-0.615967,-0.379486,-0.765117,-0.639391,0.23337,SIRA,1,SIRA
-0.882365,-0.920484,-0.758949,-1.03897,-0.179447,0.115595,-0.880859,-0.928403,0.861981,0.185168,0.535595,0.0801025,1.07837,0.375871,0.0394983,0.661372,DERMASON,1,DERMASON
2.0224,2.41327,1.47895,2.13404,0.173803,0.421789,2.05372,1.9345,-0.510846,-1.89274,-2.77326,-0.289456,-1.83303,-0.994814,-0.325841,0.051547,BARBUNYA,1,unknown
8.85724,5.73103,4.98186,7.01905,0.454367,0.624054,8.92191,6.32242,-0.221465,-2.07811,-0.503369,-0.607584,-3.79801,-1.79616,-0.631449,-2.18152,BOMBAY,1,unknown
-0.453209,-0.521684,-0.817132,0.376267,-1.32007,-1.59601,-0.453518,-0.416615,0.26145,0.123272,0.829297,1.47155,-0.513841,1.24464,1.51462,0.465314,SEKER,1,SEKER
1.12198,1.08808,0.641775,1.66405,-0.411328,-0.125443,1.11699,1.16588,1.28041,-0.101528,-0.399307,0.323846,-1.53814,-0.429161,0.286533,0.452111,BARBUNYA,1,unknown
-0.105771,0.294004,0.724026,-1.13506,2.22956,1.41803,-0.110612,-0.0329629,-3.25087,0.323686,-1.82326,-1.86963,1.22899,-1.27492,-1.76279,0.257605,HOROZ,1,HOROZ
0.613408,0.754057,0.859708,0.305596,0.859411,0.867415,0.615223,0.694358,1.21068,-0.377903,-0.822031,-0.94582,-0.369176,-1.00518,-0.947352,-1.91807,HOROZ,1,HOROZ
-0.406634,-0.329717,-0.249568,-0.514368,0.0997274,0.362811,-0.405232,-0.363739,1.02215,-0.0467669,-0.0916951,-0.214967,0.428018,-0.161013,-0.253096,0.163839,SIRA,1,SIRA
0.213025,0.230186,0.282947,0.185876,0.221974,0.458814,0.205311,0.299384,-0.75834,0.380068,0.0525008,-0.325185,-0.331903,-0.517337,-0.360574,0.430077,SIRA,1,SIRA
-0.75302,-0.74166,-0.494411,-1.07665,0.265357,0.491303,-0.750978,-0.769139,0.970198,0.0562925,0.259879,-0.37203,1.14879,-0.0693127,-0.405956,0.203414,DERMASON,1,DERMASON
0.635546,1.0081,1.12178,-0.0677285,1.56097,1.19032,0.630522,0.715545,-0.779168,0.0383426,-1.87652,-1.432,-0.0603945,-1.25697,-1.38514,-0.0421484,HOROZ,1,HOROZ
2.30691,2.1501,1.38917,2.84387,-0.343834,-0.0514649,2.32343,2.16282,-0.840302,-1.23474,-1.07928,0.228621,-2.23356,-0.784551,0.189448,-0.30237,BARBUNYA,1,unknown
-0.612245,-0.649038,-0.527641,-0.641359,-0.188437,0.106907,-0.618063,-0.600883,0.171249,0.724294,0.619395,0.0919837,0.558909,0.189874,0.051428,0.751549,DERMASON,1,DERMASON
1.19142,1.09148,0.444652,2.20055,-0.928499,-0.827703,1.19749,1.22795,-0.85855,-0.708226,-0.156855,0.925585,-1.87186,-0.0667703,0.917071,-0.026807,BARBUNYA,1,unknown
0.635283,1.01183,0.677537,0.585455,0.393748,0.582968,0.659248,0.715294,0.996234,-1.7348,-1.89336,-0.519418,-0.659335,-0.777546,-0.547576,-0.899966,BARBUNYA,1,unknown
-0.34968,-0.520079,-0.751474,0.535493,-1.3338,-1.62844,-0.36069,-0.299717,0.192103,0.981457,1.48979,1.50656,-0.674101,1.1934,1.55377,0.961521,SEKER,1,SEKER
1.21389,1.37137,0.78496,1.61427,-0.22408,0.0719686,1.22099,1.24793,1.02515,-0.764987,-1.32054,0.123977,-1.50671,-0.576562,0.0836091,0.551919,BARBUNYA,1,unknown
6.15611,4.14702,3.11904,6.27615,-0.533484,-0.268279,6.10204,4.79818,0.327466,0.536485,0.19359,0.455978,-3.62849,-1.21886,0.422468,0.25677,BOMBAY,1,unknown
-0.6265,-0.65242,-0.549178,-0.639777,-0.221042,0.0749779,-0.630135,-0.617693,0.816564,0.528756,0.544633,0.12093,0.564163,0.221922,0.0805407,0.55778,DERMASON,1,DERMASON
7.96194,5.47419,4.73409,6.28119,0.627327,0.73423,7.95885,5.83849,-1.77618,-0.782776,-0.990517,-0.757927,-3.58502,-1.79584,-0.773013,-2.15182,BOMBAY,1,unknown
-0.959551,-1.05171,-0.99878,-0.861283,-0.698074,-0.481331,-0.961486,-1.02575,-0.159129,0.612416,0.877604,0.663486,0.835896,0.949755,0.638811,0.769441,DERMASON,1,DERMASON
9.86572,6.10815,5.15704,7.82867,0.221208,0.458233,9.80874,6.84618,1.10264,0.10457,-0.260268,-0.340737,-4.04226,-1.76297,-0.37566,-0.181469,BOMBAY,1,unknown
1.94673,2.68003,1.66232,1.74736,0.633828,0.73818,1.99479,1.8727,-1.16601,-2.64822,-3.78833,-0.728077,-1.56037,-1.19381,-0.745052,-0.783261,BARBUNYA,1,unknown
2.53525,2.84379,1.80806,2.54193,0.243935,0.475359,2.55633,2.34168,0.75733,-1.41356,-2.88246,-0.341188,-2.08942,-1.11445,-0.376097,0.607919,BARBUNYA,1,unknown
8.27844,5.06079,4.02458,7.70146,-0.464858,-0.186559,8.18213,6.01174,0.684775,1.06827,0.648473,0.367826,-4.01217,-1.42836,0.331621,-0.108283,BOMBAY,1,unknown
-0.362884,-0.382323,-0.311364,-0.30348,-0.168035,0.126553,-0.368953,-0.314498,-0.866869,0.570185,0.498659,0.0608378,0.17822,0.0134269,0.0201794,0.393286,DERMASON,1,DERMASON
0.355245,0.66784,0.988955,-0.431843,1.77028,1.26853,0.358431,0.442344,0.678095,-0.411297,-1.49883,-1.60812,0.386224,-1.27307,-1.539,-1.33381,HOROZ,1,HOROZ
-0.988455,-1.06537,-1.04983,-0.864676,-0.771873,-0.585593,-0.985887,-1.06267,0.083414,0.136344,0.743756,0.757343,0.834459,1.06508,0.737813,0.922651,DERMASON,1,DERMASON
-0.127778,0.0764985,-0.146464,0.058153,-0.235837,0.0602689,-0.124297,-0.0565604,0.14537,-0.313419,-0.834813,0.118033,-0.18712,-0.0713658,0.0776243,-0.11339,BARBUNYA,1,SIRA
0.668917,0.912856,0.62919,0.6876,0.253781,0.482711,0.676871,0.747362,0.418938,-0.762332,-1.33166,-0.356255,-0.788868,-0.694132,-0.390694,0.389012,BARBUNYA,1,CALI
0.258942,0.66167,0.896194,-0.506543,1.72273,1.25138,0.267088,0.345878,-2.89743,-0.729152,-1.8798,-1.58384,0.486397,-1.23582,-1.51794,-1.67148,HOROZ,1,HOROZ
1.99054,1.95908,1.78488,1.8388,0.698119,0.776531,2.10427,1.90854,0.520557,-5.48162,-1.24063,-0.899952,-1.49406,-1.28103,-0.905057,-5.31325,CALI,1,unknown
-1.20615,-1.28231,-1.23879,-1.19652,-0.788621,-0.610082,-1.19446,-1.34964,-0.296205,-0.841425,0.509361,0.732401,1.35401,1.27764,0.711434,-0.644248,DERMASON,1,DERMASON
1.67306,1.718,0.551148,3.11012,-1.2729,-1.48797,1.68003,1.64516,0.0175215,-0.79425,-1.24388,1.37151,-2.36584,0.0701252,1.40332,-0.604088,BARBUNYA,1,unknown
0.605591,0.411079,-0.0825509,1.80033,-1.26869,-1.47856,0.595599,0.686861,0.109495,0.357353,0.916452,1.40359,-1.63517,0.518158,1.43892,0.644634,SEKER,1,SEKER
-0.0402123,-0.12581,-0.193108,0.333271,-0.501654,-0.229891,-0.0503191,0.0368134,0.323094,0.691406,0.791358,0.43738,-0.487341,0.114434,0.403249,0.882897,SIRA,1,SIRA
-0.756239,-0.864468,-0.873155,-0.452287,-0.835343,-0.680104,-0.755303,-0.773047,0.177313,0.168197,1.08924,0.829121,0.336192,0.91482,0.814009,0.694053,DERMASON,1,DERMASON
1.26755,1.54217,1.7017,0.442916,1.79265,1.27649,1.25217,1.29543,1.16707,0.410282,-1.83519,-1.61329,-0.530506,-1.47038,-1.54347,-0.915916,HOROZ,1,HOROZ
-0.956726,-0.967598,-0.856503,-1.08148,-0.291359,0.00380737,-0.950383,-1.02215,-1.11802,-0.29522,0.292691,0.17992,1.16426,0.520305,0.14008,-0.0153134,DERMASON,1,DERMASON
1.87749,1.83944,0.913848,2.78433,-0.769465,-0.582098,1.88982,1.81574,-0.3243,-1.05327,-1.10462,0.748113,-2.22635,-0.38862,0.728046,0.705603,BARBUNYA,1,unknown
0.172428,0.12983,0.162156,0.28177,-0.0105344,0.270132,0.15709,0.258002,0.0729868,0.940715,0.411631,-0.0990922,-0.42388,-0.356811,-0.139037,0.424063,SIRA,1,SIRA
1.46732,2.0357,1.19127,1.50819,0.293484,0.511947,1.49508,1.46969,-0.967429,-1.81093,-3.02544,-0.406292,-1.41414,-0.935891,-0.439034,-0.0996358,BARBUNYA,1,unknown
2.8932,2.52403,1.75478,3.28519,-0.243166,0.052932,2.88982,2.61482,0.441967,-0.472091,-0.936895,0.140364,-2.47807,-0.941717,0.100124,0.413539,BARBUNYA,1,unknown
-0.704541,-0.831459,-1.0319,0.023866,-1.37941,-1.73949,-0.707469,-0.710621,0.200767,0.516142,1.23442,1.56794,-0.183119,1.56404,1.62263,0.793984,SEKER,1,SEKER
0.963079,1.07277,0.943263,0.857199,0.498018,0.65282,0.967747,1.02183,-0.854714,-0.604937,-0.922318,-0.592274,-0.915921,-0.910517,-0.616929,-0.114193,CALI,1,CALI
11.7123,6.69512,5.11739,10.128,-0.626098,-0.385027,11.5916,7.75458,0.618037,0.926329,0.305284,0.537468,-4.52349,-1.56778,0.50701,-0.648107,BOMBAY,1,unknown
10.2679,6.31251,5.30676,8.05465,0.224774,0.460935,10.2073,7.04933,0.692023,0.129267,-0.322506,-0.33914,-4.09969,-1.78139,-0.374112,0.00502889,BOMBAY,1,unknown
9.11409,5.95823,5.16884,6.96605,0.606641,0.721575,9.07936,6.45786,0.988256,-0.231347,-0.783742,-0.707869,-3.8062,-1.83955,-0.726081,-0.906625,BOMBAY,1,unknown
2.51305,2.18239,1.86743,2.46322,0.353353,0.554826,2.48868,2.32445,0.306401,0.427703,-0.636412,-0.474404,-2.01367,-1.17337,-0.504512,-0.587774,CALI,1,CALI
-1.08147,-1.10589,-0.856306,-1.4763,0.0914424,0.356055,-1.08013,-1.1833,0.487584,0.340814,0.27468,-0.202951,1.74007,0.306737,-0.241319,0.310408,DERMASON,1,DERMASON
-0.841308,-0.911333,-0.782571,-0.873398,-0.363455,-0.0726286,-0.845871,-0.87734,1.193,0.790448,0.784068,0.275376,0.858029,0.505178,0.237024,0.605357,DERMASON,1,DERMASON
1.1815,1.47565,1.195,0.910982,0.753194,0.808398,1.19588,1.21912,0.181114,-1.1489,-1.85524,-0.797724,-0.976996,-1.07131,-0.810179,0.446442,BARBUNYA,1,CALI
1.74033,1.55404,1.451,1.66049,0.468641,0.633535,1.73722,1.70169,1.33936,-0.324678,-0.344943,-0.575573,-1.50985,-1.08076,-0.60107,-0.47471,CALI,1,CALI
-0.427589,-0.319694,-0.141666,-0.74881,0.474924,0.637685,-0.42576,-0.387471,-0.398758,-0.0750792,-0.277521,-0.554247,0.699643,-0.383786,-0.580785,0.55676,SIRA,1,SIRA
0.57406,0.865092,1.06585,-0.128932,1.54935,1.18577,0.569649,0.656539,0.630613,0.0200395,-1.49333,-1.41736,-0.00517147,-1.23494,-1.37224,0.222181,HOROZ,1,HOROZ
0.944686,1.02464,0.625696,1.3299,-0.213602,0.0823218,0.943088,1.00497,0.728715,-0.247773,-0.773309,0.0892979,-1.2792,-0.516518,0.0487303,-0.304584,BARBUNYA,1,CALI
2.19937,2.46586,1.54541,2.33099,0.114984,0.375166,2.21427,2.07725,-0.429025,-1.16752,-2.49193,-0.212938,-1.97171,-0.991089,-0.251108,0.792336,BARBUNYA,1,unknown
0.14405,0.151675,0.106046,0.298863,-0.0954633,0.19444,0.141597,0.228918,1.15028,0.037876,0.144374,-0.00871605,-0.445416,-0.285307,-0.0493194,0.587815,BARBUNYA,1,SIRA
-0.623478,-0.784042,-1.09822,0.434921,-1.7077,-2.73497,-0.631555,-0.614126,0.64353,0.946984,1.48222,2.07498,-0.576434,1.99794,2.20326,0.735478,SEKER,1,SEKER
-1.0144,-0.539821,-0.495854,-1.79104,1.06342,0.972475,-0.980852,-1.09604,-1.90334,-3.27905,-2.7166,-1.07502,2.30837,-0.404873,-1.06557,-0.584957,DERMASON,1,unknown
2.66427,2.4081,1.78802,2.83145,0.0465175,0.318843,2.65626,2.44112,-1.23421,-0.26285,-1.09341,-0.165595,-2.23587,-1.05233,-0.204631,0.0609849,BARBUNYA,1,unknown
6.16629,4.34034,3.36353,5.90007,-0.196033,0.0995273,6.13948,4.80432,0.622329,-0.135087,-0.409043,0.0719179,-3.5018,-1.3765,0.031287,-0.266373,BOMBAY,1,unknown
1.44682,1.68999,0.681582,2.331,-0.757856,-0.565339,1.46022,1.452,0.933771,-1.09898,-1.83908,0.709723,-1.9478,-0.28962,0.687493,-0.130848,BARBUNYA,1,unknown
-0.0245779,-0.193212,-0.64157,1.27318,-1.61097,-2.39863,-0.0381831,0.0533397,0.824619,0.946853,1.30114,1.91558,-1.26389,1.32263,2.01848,0.619161,SEKER,1,SEKER
1.4733,1.56135,1.53607,0.999323,1.08062,0.98087,1.45706,1.47485,0.37255,0.382032,-1.243,-1.06593,-1.04408,-1.26309,-1.0573,0.316592,CALI,1,CALI
-1.284,-1.25726,-1.00713,-1.87356,0.263796,0.490147,-1.26824,-1.4564,-0.749818,-1.35008,-0.373219,-0.370778,2.42166,0.350573,-0.404745,0.195526,DERMASON,1,DERMASON
8.59586,5.74009,5.11508,6.43258,0.825472,0.848897,8.59211,6.18308,1.20323,-0.789366,-0.86447,-0.89484,-3.65193,-1.87065,-0.900333,-1.00778,BOMBAY,1,unknown
-0.323798,-0.0343642,0.427825,-1.25587,1.91925,1.32013,-0.320474,-0.270848,-2.56294,-0.240666,-1.28355,-1.67643,1.41527,-1.10437,-1.59799,-0.0110112,HOROZ,1,HOROZ
1.6793,1.50586,0.589516,2.99412,-1.18315,-1.29559,1.67054,1.65042,0.820292,-0.0433914,-0.334056,1.27958,-2.33275,0.00640158,1.30175,0.501626,BARBUNYA,1,unknown
1.96985,1.99778,1.37816,2.15962,0.0534991,0.324691,1.98433,1.89163,-0.837378,-1.15061,-1.4493,-0.150979,-1.87007,-0.913439,-0.190245,0.858415,BARBUNYA,1,unknown
-0.176192,-0.36036,-0.762468,1.08974,-1.65478,-2.54553,-0.190399,-0.108793,0.704006,1.10694,1.49782,1.98782,-1.12642,1.50463,2.10196,0.693587,SEKER,1,SEKER
2.70053,2.32691,2.22599,2.30801,0.818865,0.845255,2.72947,2.46886,-0.234718,-1.71045,-0.692497,-0.906624,-1.89333,-1.39429,-0.91122,-1.68255,CALI,1,CALI
2.74408,2.60573,1.70363,3.1244,-0.202174,0.0935351,2.76226,2.50207,-0.698509,-1.29114,-1.60131,0.0823759,-2.3848,-0.944354,0.0417802,-0.120462,BARBUNYA,1,unknown
2.71091,3.11405,1.95589,2.65016,0.320804,0.531691,2.74205,2.47678,0.512244,-1.79489,-3.29275,-0.427444,-2.13647,-1.18368,-0.459409,0.0575294,BARBUNYA,1,unknown
6.93809,4.81929,4.03734,5.89815,0.303877,0.519493,6.91644,5.26019,0.838422,-0.329167,-0.621447,-0.422994,-3.49928,-1.62136,-0.455125,-0.366318,BOMBAY,1,unknown
0.99218,1.2462,1.73574,-0.131088,2.45579,1.48222,0.970394,1.04842,1.49059,0.878486,-1.56926,-2.0166,0.00861864,-1.59185,-1.88613,-0.109399,HOROZ,1,HOROZ
0.777766,0.714531,-0.204449,2.51738,-1.73599,-2.84222,0.784998,0.850155,0.406525,-0.730343,0.0547517,2.11295,-2.07189,1.00117,2.24757,0.468085,BARBUNYA,1,unknown
-0.461091,-0.530794,-0.486544,-0.285623,-0.424312,-0.140063,-0.46617,-0.425612,0.785823,0.548358,0.838435,0.346664,0.145797,0.28954,0.309906,0.751333,SIRA,1,DERMASON
10.1258,6.71392,5.05164,8.28747,-0.0288689,0.25412,10.0748,6.97788,0.486394,-0.0220935,-1.47526,-0.0893267,-4.15567,-1.69601,-0.129374,0.106309,BOMBAY,1,unknown
1.98089,1.71088,1.55417,1.94726,0.37724,0.571543,1.95567,1.90065,-0.840402,0.633691,-0.257383,-0.48479,-1.7095,-1.08354,-0.514463,-0.154038,CALI,1,CALI
-0.449858,-0.609997,-0.790605,0.321858,-1.25301,-1.44388,-0.459198,-0.412796,0.390536,0.916941,1.45204,1.38466,-0.472393,1.16185,1.4179,0.751596,SEKER,1,SEKER
0.00964685,-0.192859,-0.681214,1.45852,-1.748,-2.88913,-0.00364723,0.0893672,0.833513,0.899831,1.49448,2.14087,-1.402,1.50633,2.28024,0.718688,SEKER,1,SEKER
0.758322,1.06979,0.574713,0.97334,-0.0250104,0.257505,0.771054,0.831902,-1.16226,-1.05368,-1.67547,-0.085717,-1.02532,-0.562619,-0.125801,0.382048,BARBUNYA,1,unknown
-0.327214,-0.316546,-0.442735,0.021082,-0.598597,-0.349548,-0.329769,-0.27465,-0.499851,0.252436,0.304874,0.535977,-0.167793,0.353317,0.505459,0.42436,SIRA,1,SIRA
1.68403,1.81765,1.36884,1.65599,0.382719,0.575346,1.68751,1.65441,-0.928748,-0.629321,-1.60222,-0.484807,-1.52101,-1.0239,-0.514478,0.0350571,BARBUNYA,1,CALI
0.310707,0.618077,0.919413,-0.472936,1.71804,1.24966,0.306143,0.397904,-2.64291,0.121926,-1.45897,-1.54516,0.392377,-1.2305,-1.48429,-0.192822,HOROZ,1,HOROZ
0.695981,0.782452,0.355094,1.18842,-0.427023,-0.143131,0.69869,0.773061,-0.511673,-0.448715,-0.618371,0.349342,-1.2036,-0.269069,0.312653,0.739204,BARBUNYA,1,unknown
-0.392511,-0.412413,-0.435714,-0.178201,-0.438817,-0.156548,-0.393483,-0.347799,-0.876616,0.151093,0.506167,0.358412,0.0344576,0.255367,0.321957,0.593589,DERMASON,1,SIRA
1.01898,1.1657,1.25943,0.498435,1.18793,1.03174,1.00887,1.07282,1.15937,0.210839,-1.12825,-1.14557,-0.624742,-1.20669,-1.12954,0.448428,BARBUNYA,1,HOROZ
-0.377073,-0.39247,-0.469499,-0.0643356,-0.570989,-0.314629,-0.37954,-0.330424,0.567699,0.271134,0.475412,0.499152,-0.0742176,0.355687,0.467192,0.257119,SIRA,1,SIRA
1.57334,1.73326,0.997637,2.03802,-0.264213,0.031666,1.58023,1.56061,0.142793,-0.782976,-1.61332,0.148552,-1.76892,-0.659566,0.108385,-0.0993736,BARBUNYA,1,unknown
-1.13238,-1.13966,-1.55463,-0.308922,-1.88334,-3.485,-1.12274,-1.25055,0.695535,-0.609458,0.0926907,2.37166,0.171846,2.98888,2.55267,0.74427,SEKER,1,unknown
1.02463,1.37142,1.05806,0.803362,0.678363,0.764881,1.03985,1.07796,-0.0898323,-1.1961,-1.96889,-0.741319,-0.880311,-1.00502,-0.757464,0.180402,BARBUNYA,1,CALI
1.13683,1.5582,0.848598,1.38873,-0.00345391,0.276268,1.15831,1.17919,0.373643,-1.5293,-2.32262,-0.132865,-1.31499,-0.703303,-0.172393,-0.560363,BARBUNYA,1,unknown
9.49444,6.16278,5.23287,7.26945,0.511731,0.661719,9.4251,6.65582,0.650633,0.3644,-0.849181,-0.604556,-3.90161,-1.82637,-0.628578,-0.119892,BOMBAY,1,unknown
1.95809,1.87114,0.93933,2.92702,-0.818269,-0.65422,1.97478,1.88201,-0.122177,-1.24937,-0.989879,0.794381,-2.29095,-0.382123,0.777078,0.229706,BARBUNYA,1,unknown
1.71267,1.43153,1.17093,2.04497,-0.0881037,0.201156,1.6879,1.6785,-0.273492,0.7131,0.109604,-0.0432983,-1.76514,-0.799695,-0.083728,-0.403677,BARBUNYA,1,CALI
-0.238729,-0.405544,-0.671777,0.704742,-1.33581,-1.63322,-0.248368,-0.176926,0.0338735,0.784495,1.41563,1.50431,-0.81606,1.10682,1.55125,0.79313,SEKER,1,SEKER
-0.537424,-0.617225,-0.879307,0.231051,-1.31,-1.57252,-0.541955,-0.513457,0.299858,0.550512,0.91247,1.47032,-0.391032,1.31493,1.51325,0.898979,SEKER,1,SEKER
-0.325178,-0.51099,-0.749647,0.610115,-1.37553,-1.72984,-0.336999,-0.272383,0.607551,1.03052,1.5857,1.56305,-0.735329,1.22587,1.61714,0.8203,SEKER,1,SEKER
8.32784,5.5141,4.53042,6.9998,0.154183,0.406413,8.37495,6.03856,0.944375,-1.77952,-0.606776,-0.306575,-3.80868,-1.6702,-0.342496,-1.28879,BOMBAY,1,unknown
2.20246,2.15613,1.22962,2.8916,-0.5228,-0.255298,2.21607,2.07972,0.700315,-1.11285,-1.39094,0.444404,-2.27341,-0.644395,0.410504,0.279434,BARBUNYA,1,unknown
2.40584,2.61208,2.02708,1.98905,0.843784,0.858927,2.42858,2.24077,-1.8137,-1.4883,-2.45648,-0.870816,-1.75468,-1.3355,-0.878103,0.528908,BARBUNYA,1,unknown
0.19923,0.310211,0.459932,-0.0697281,0.677123,0.764146,0.19679,0.285351,-0.95188,0.016827,-0.44371,-0.767939,-0.0288182,-0.778912,-0.782375,-0.895146,SIRA,1,SIRA
0.482422,0.915028,1.14939,-0.424579,1.98775,1.34281,0.479984,0.567652,-2.95975,-0.0766352,-2.07336,-1.7124,0.315809,-1.35413,-1.62891,0.373035,HOROZ,1,HOROZ
-0.0674081,0.00637142,0.011838,-0.056239,0.0660956,0.335181,-0.0682003,0.00796222,-0.171846,-0.00464812,-0.133647,-0.183358,-0.0778163,-0.308186,-0.222091,0.116595,SIRA,1,SIRA
1.43336,1.80892,1.52127,0.952459,1.10315,0.991765,1.43731,1.44035,1.07481,-0.624491,-2.32791,-1.08885,-1.0001,-1.26601,-1.07814,0.101581,BARBUNYA,1,HOROZ
1.03113,1.17608,0.79571,1.20562,0.0647483,0.334063,1.02798,1.08386,-0.498893,-0.180044,-1.12945,-0.170632,-1.21082,-0.695173,-0.209585,0.539875,BARBUNYA,1,CALI
2.54064,2.27771,2.07609,2.28371,0.6839,0.768158,2.59597,2.34585,0.362778,-2.77509,-0.929951,-0.814855,-1.85716,-1.33146,-0.826137,-2.49082,CALI,1,CALI
0.284299,0.611969,0.909452,-0.509056,1.74442,1.25925,0.285099,0.371414,-1.21464,-0.233516,-1.54459,-1.56843,0.442785,-1.23499,-1.50455,-0.410207,HOROZ,1,HOROZ
1.66006,1.73539,0.692709,2.75421,-0.967968,-0.893692,1.68977,1.63418,0.248179,-1.87567,-1.35356,0.987962,-2.2016,-0.177984,0.984116,0.367105,BARBUNYA,1,unknown
2.42923,2.43124,1.53824,2.79395,-0.172034,0.122722,2.45783,2.25909,-0.792358,-1.72545,-1.78405,0.0640912,-2.22302,-0.895096,0.0234399,0.36006,BARBUNYA,1,unknown
1.23188,1.05285,0.780414,1.66705,-0.262922,0.0329793,1.20834,1.26389,1.07008,0.858242,0.179149,0.160795,-1.53853,-0.560058,0.120746,0.392319,BARBUNYA,1,CALI
2.21567,1.93409,1.24248,2.89351,-0.511541,-0.241723,2.20394,2.09027,1.39824,-0.0280535,-0.483741,0.432426,-2.27517,-0.654024,0.398135,0.309774,BARBUNYA,1,unknown
1.26512,1.54594,0.916627,1.53304,-0.0262707,0.2564,1.27676,1.29329,1.50816,-1.00594,-1.85796,-0.0990659,-1.43011,-0.719018,-0.139011,-0.15617,BARBUNYA,1,unknown
0.1878,0.473804,0.241489,0.193947,0.161737,0.412354,0.199953,0.273702,0.795479,-0.999526,-1.3188,-0.269905,-0.337118,-0.472769,-0.306792,0.350617,BARBUNYA,1,SIRA
-0.964544,-1.07659,-0.953872,-0.958428,-0.54921,-0.287564,-0.963616,-1.03211,0.231245,0.301669,1.02278,0.488524,0.964586,0.79609,0.456168,0.767696,DERMASON,1,DERMASON
0.100365,0.170158,0.0868005,0.224952,-0.0625991,0.224195,0.0929887,0.183892,-0.7263,0.410616,-0.177564,-0.0436105,-0.373215,-0.289649,-0.0840382,0.535484,SIRA,1,SIRA
-0.558051,-0.605341,-0.573489,-0.410641,-0.445869,-0.164623,-0.566744,-0.537425,1.11774,0.94812,0.693828,0.372816,0.283575,0.374677,0.336747,0.825472,DERMASON,1,DERMASON
-0.0829111,-0.0489043,-0.100934,0.117555,-0.222279,0.0737529,-0.0822083,-0.00854381,1.27223,-0.113285,0.0989707,0.0873047,-0.22658,-0.115445,0.0467286,-0.707149,SIRA,1,SIRA
-0.511673,-0.560608,-0.856412,0.26964,-1.30456,-1.55992,-0.512455,-0.483673,0.977153,0.195188,0.704753,1.45683,-0.421821,1.28007,1.4982,0.713335,SEKER,1,SEKER
0.391506,0.65606,0.162771,0.810701,-0.398499,-0.111122,0.409363,0.47831,-0.445724,-1.3801,-1.28999,0.309965,-0.895112,-0.176288,0.272335,0.463543,BARBUNYA,1,unknown
-0.897211,-0.960736,-0.843565,-0.935347,-0.401572,-0.114542,-0.897772,-0.946988,-0.790479,0.41439,0.707971,0.314668,0.943667,0.584578,0.277144,0.510124,DERMASON,1,DERMASON
-0.279063,-0.230323,-0.305248,-0.0468104,-0.364855,-0.0741489,-0.269219,-0.221275,-1.13351,-0.788688,0.0657622,0.235973,-0.0540193,0.0953072,0.196917,-0.858725,SIRA,1,SIRA
-0.658229,-0.63409,-0.455338,-0.88879,0.142546,0.397211,-0.659571,-0.655289,-0.431397,0.331697,0.207572,-0.240423,0.872196,-0.0323468,-0.278007,0.762526,DERMASON,1,DERMASON
0.990801,1.21158,0.661094,1.41093,-0.227786,0.0682905,1.03475,1.04716,1.11771,-2.78199,-1.42796,0.077265,-1.31036,-0.538069,0.036651,-1.27935,BARBUNYA,1,unknown
1.18262,1.55161,0.548372,1.97388,-0.69574,-0.478127,1.21808,1.22011,0.90988,-2.26233,-2.14862,0.646016,-1.73776,-0.246611,0.620462,0.259349,BARBUNYA,1,unknown
0.394462,0.795692,1.22117,-0.640884,2.34801,1.45234,0.39103,0.481233,0.836972,0.0162873,-1.91006,-1.97443,0.627942,-1.45433,-1.85092,-1.11126,HOROZ,1,HOROZ
1.62386,1.40874,1.14576,1.86154,0.00326113,0.282063,1.60598,1.60355,0.772797,0.4124,-0.0868179,-0.105475,-1.67692,-0.812488,-0.145348,0.697587,BARBUNYA,1,CALI
0.111401,0.299891,-0.0443126,0.47977,-0.41935,-0.134461,0.121715,0.195296,1.30588,-0.864996,-0.810423,0.330804,-0.60584,-0.0378654,0.293656,0.382745,BARBUNYA,1,SIRA
9.74571,6.01523,4.92951,8.03538,-0.00825814,0.272107,9.65014,6.78495,-0.630513,0.800096,-0.156564,-0.112799,-4.09508,-1.68434,-0.152585,0.00246338,BOMBAY,1,unknown
1.4549,1.43598,0.999792,1.75488,-0.082932,0.205857,1.46003,1.45898,-0.843946,-0.685809,-0.777184,-0.0173204,-1.60756,-0.722637,-0.0578896,0.741604,BARBUNYA,1,CALI
-1.15472,-1.16378,-1.02312,-1.43788,-0.221979,0.0740504,-1.14733,-1.28034,-0.913233,-0.331358,0.0776998,0.119533,1.6726,0.648939,0.0791344,0.471261,DERMASON,1,DERMASON
0.425402,0.551305,0.514607,0.328033,0.401047,0.587987,0.420725,0.511757,0.799064,0.0874247,-0.63766,-0.49805,-0.45909,-0.698223,-0.527154,0.164819,CALI,1,SIRA
2.23899,1.96078,1.93334,1.86254,0.838375,0.855974,2.2111,2.10887,1.11643,0.661035,-0.524662,-0.886337,-1.65157,-1.31616,-0.892471,-0.257209,CALI,1,CALI
-0.0483579,0.147213,0.47466,-0.698075,1.3273,1.09413,-0.0478661,0.0281858,0.86692,-0.109201,-0.802957,-1.25119,0.641087,-0.967834,-1.22458,0.423015,HOROZ,1,HOROZ
1.21297,1.93678,0.982191,1.30415,0.206068,0.446701,1.24616,1.24711,1.4763,-2.13588,-3.42975,-0.315544,-1.27552,-0.825459,-0.351212,0.225956,BARBUNYA,1,unknown
0.6364,0.927818,0.347077,1.07032,-0.357936,-0.0666475,0.65899,0.716361,-0.861129,-1.65117,-1.5256,0.268067,-1.10732,-0.299798,0.229575,0.559911,BARBUNYA,1,unknown
-1.14066,-1.14977,-1.08229,-1.29855,-0.449618,-0.168932,-1.13494,-1.26157,-0.10467,-0.138355,0.0957703,0.375562,1.44662,0.865524,0.339569,0.773704,DERMASON,1,DERMASON
-0.485003,-0.473596,-0.515428,-0.253571,-0.489152,-0.215044,-0.472044,-0.452987,0.537591,-1.03533,0.313193,0.376467,0.164313,0.328535,0.340499,-0.770573,SIRA,1,SIRA
0.439,0.783164,0.120843,1.01409,-0.584017,-0.331021,0.46036,0.525129,-0.157286,-1.60181,-1.67284,0.509832,-1.04938,-0.0598072,0.478278,0.102107,BARBUNYA,1,unknown
1.23248,1.58625,1.05958,1.31224,0.287533,0.507606,1.28212,1.26442,-1.1317,-2.98283,-2.12034,-0.451988,-1.21557,-0.904016,-0.483004,-2.02938,BARBUNYA,1,unknown
6.08865,4.23796,3.13641,6.14456,-0.467108,-0.189177,6.02032,4.75742,-0.756393,0.903931,-0.218037,0.380621,-3.58836,-1.2439,0.344769,0.255806,BOMBAY,1,unknown
10.2651,6.10522,5.01227,8.54572,-0.150993,0.142772,10.1393,7.04788,0.955178,1.24112,0.229984,0.0252025,-4.20824,-1.66585,-0.0154769,-0.260221,BOMBAY,1,unknown
-1.25155,-1.34731,-1.14496,-1.54807,-0.316503,-0.0224392,-1.24978,-1.41161,1.00207,0.428794,0.59663,0.219606,1.85007,0.839225,0.180295,0.437856,DERMASON,1,DERMASON
-0.807149,-0.725425,-0.554895,-1.12545,0.219855,0.457207,-0.80204,-0.835221,1.20639,-0.226607,-0.22946,-0.338995,1.23227,-0.00883612,-0.373971,-0.164056,DERMASON,1,DERMASON
1.20134,1.25971,1.02829,1.19476,0.338314,0.544188,1.20317,1.23678,-0.0809602,-0.48421,-0.885782,-0.429818,-1.20375,-0.884408,-0.461693,0.579688,BARBUNYA,1,CALI
1.92347,2.23724,1.35756,2.12734,0.0529223,0.324208,1.96225,1.85361,-0.509557,-2.24156,-2.44466,-0.165693,-1.83522,-0.911297,-0.204727,0.291332,BARBUNYA,1,unknown
-0.525797,-0.543785,-0.505026,-0.434717,-0.330131,-0.036847,-0.53195,-0.499989,0.501122,0.689885,0.501525,0.2424,0.314751,0.249973,0.203451,0.7263,DERMASON,1,DERMASON
1.25987,1.52711,1.68558,0.483366,1.73245,1.25491,1.25933,1.28865,-2.07863,-0.368858,-1.80081,-1.59552,-0.536075,-1.46132,-1.52807,-1.88138,HOROZ,1,HOROZ
1.3521,1.58836,0.551637,2.34119,-0.894562,-0.772647,1.37837,1.36967,-0.291676,-1.75318,-1.74329,0.895523,-1.96813,-0.140891,0.884871,0.419891,BARBUNYA,1,unknown
-0.0159725,0.0143124,-0.0218883,0.137842,-0.135025,0.157813,-0.0226258,0.0624177,0.724948,0.416308,0.0941248,0.0113581,-0.265004,-0.200128,-0.0293015,-0.163564,SIRA,1,SIRA
-1.14302,-1.19743,-1.05913,-1.33873,-0.37519,-0.0854182,-1.13946,-1.26473,0.0934758,0.121418,0.425514,0.284868,1.51909,0.785261,0.246705,0.484381,DERMASON,1,DERMASON
1.55272,1.3496,1.35639,1.39662,0.558324,0.691477,1.52168,1.543,1.08409,1.08957,-0.0612343,-0.626159,-1.35483,-1.06706,-0.649039,0.626212,CALI,1,CALI
1.89897,1.77748,0.98077,2.70321,-0.661864,-0.432245,1.89957,1.83345,0.181963,-0.519983,-0.789158,0.620069,-2.18347,-0.470566,0.593255,0.76211,BARBUNYA,1,unknown
-0.568495,-0.539572,-0.544505,-0.478591,-0.349883,-0.05796,-0.570811,-0.549601,1.41337,0.367451,0.195161,0.255714,0.376232,0.288669,0.216995,0.432397,SIRA,1,DERMASON
-0.205949,-0.0948348,-0.355604,0.270872,-0.66449,-0.43576,-0.18601,-0.141119,-0.189111,-1.59725,-0.310132,0.552155,-0.342913,0.292656,0.522304,-1.70902,SIRA,1,SIRA
2.03804,2.05223,1.67335,1.83922,0.579153,0.704545,2.0319,1.94721,0.873275,-0.23798,-1.46077,-0.642955,-1.66182,-1.17025,-0.66492,0.680335,BARBUNYA,1,CALI
2.17087,2.38744,1.3366,2.65022,-0.285227,0.0101431,2.18522,2.05442,-0.960284,-1.14456,-2.30162,0.177308,-2.13826,-0.783235,0.137438,0.127547,BARBUNYA,1,unknown
0.993034,1.27411,1.15731,0.765614,0.82878,0.850715,1.0771,1.0492,1.26044,-4.95596,-1.68253,-0.984543,-0.704022,-1.12148,-0.982925,-4.40786,HOROZ,1,unknown
2.34278,2.3127,1.42876,2.83295,-0.299679,-0.00482968,2.35706,2.19116,0.834651,-1.14116,-1.58724,0.188204,-2.23421,-0.813367,0.148464,-0.0389111,BARBUNYA,1,unknown
1.24929,1.46721,1.7207,0.346643,1.91391,1.31834,1.23074,1.2793,-1.04694,0.584938,-1.59578,-1.66799,-0.477565,-1.49064,-1.59072,0.19675,HOROZ,1,HOROZ
0.948627,1.20856,1.33002,0.339336,1.42588,1.13593,0.962131,1.00858,0.320488,-1.10081,-1.56659,-1.37423,-0.410238,-1.30032,-1.33413,-1.64562,HOROZ,1,HOROZ
-0.257845,-0.234065,-0.152482,-0.293078,0.0426686,0.315608,-0.265862,-0.197905,0.495734,0.664702,0.211272,-0.14733,0.159477,-0.19183,-0.186651,0.597073,DERMASON,1,SIRA
2.36275,2.90221,1.42208,2.85474,-0.318313,-0.024346,2.4331,2.2069,-0.521616,-3.44029,-3.45682,0.225231,-2.26089,-0.797886,0.186006,0.569696,BARBUNYA,1,unknown
1.3768,1.62268,0.585257,2.33177,-0.855597,-0.711266,1.40367,1.39122,0.610915,-1.78022,-1.79887,0.846989,-1.96304,-0.180394,0.833042,0.43893,BARBUNYA,1,unknown
2.03305,2.11168,1.27558,2.5098,-0.264035,0.0318473,2.05708,1.94316,-0.175691,-1.57133,-1.6966,0.138586,-2.04407,-0.774097,0.0983315,-0.451962,BARBUNYA,1,unknown
-0.581305,-0.490031,-0.36768,-0.783721,0.174371,0.422231,-0.582624,-0.564568,-1.46164,0.283052,-0.198775,-0.299508,0.776717,-0.122451,-0.335623,-0.304179,DERMASON,1,DERMASON
10.0052,6.38054,5.27274,7.9019,0.26564,0.491512,10.0077,6.917,-0.791606,-0.932753,-0.801591,-0.416936,-4.03844,-1.79312,-0.449292,-1.47683,BOMBAY,1,unknown
1.33108,1.2408,1.27543,1.12878,0.672354,0.761314,1.32389,1.35128,0.124892,-0.0374139,-0.340973,-0.755239,-1.11953,-1.08364,-0.770497,-0.559584,CALI,1,CALI
-1.11136,-1.2553,-1.11739,-1.13179,-0.653057,-0.420503,-1.11118,-1.22268,0.167704,0.501585,1.14744,0.602328,1.21434,1.04597,0.574685,0.507362,DERMASON,1,DERMASON
1.91599,1.69128,0.843795,3.0036,-0.947172,-0.858654,1.91629,1.84745,0.73756,-0.508713,-0.376112,0.967481,-2.33963,-0.264938,0.962067,0.582615,BARBUNYA,1,unknown
-0.42286,-0.546109,-0.735984,0.300096,-1.16982,-1.26838,-0.427438,-0.382106,-0.0185962,0.479877,1.19092,1.26195,-0.444577,1.02944,1.28236,0.526391,SEKER,1,SEKER
1.71359,1.61289,1.43609,1.6749,0.442145,0.615879,1.75323,1.67927,0.310384,-2.33053,-0.683547,-0.579623,-1.49,-1.07734,-0.604918,-1.53244,CALI,1,CALI
0.0797386,0.456933,0.814715,-0.84814,2.00434,1.34821,0.0833058,0.162521,-0.526536,-0.374638,-1.72852,-1.7235,0.834399,-1.25579,-1.63842,0.361599,HOROZ,1,HOROZ
2.6845,2.64555,1.51131,3.32356,-0.487331,-0.212892,2.69745,2.45661,-0.795961,-1.08844,-1.88465,0.405322,-2.49478,-0.767012,0.370187,0.322807,BARBUNYA,1,unknown
0.0116833,0.0120436,0.013662,0.164486,-0.109705,0.181358,0.00513199,0.0915045,-0.166066,0.394475,0.253734,-0.02739,-0.275677,-0.239271,-0.0679117,-0.628369,SIRA,1,SIRA
9.56532,5.75413,4.21032,9.01964,-0.803247,-0.631728,9.48294,6.69238,0.444753,0.590346,0.343493,0.786804,-4.3242,-1.35766,0.769037,0.60811,BOMBAY,1,unknown
6.48575,4.42858,3.67153,5.8068,0.0750928,0.342626,6.41428,4.99525,0.214579,0.892945,-0.153819,-0.183045,-3.4856,-1.50115,-0.221783,0.455949,BOMBAY,1,unknown
0.0600972,-0.0917221,-0.401054,1.00061,-1.18548,-1.30038,0.0503191,0.142106,0.268971,0.60738,1.13688,1.28993,-1.05773,0.722812,1.31316,0.738177,SEKER,1,SEKER
0.2326,0.443707,0.745766,-0.402281,1.39651,1.12367,0.223257,0.319246,1.56583,0.484245,-0.968309,-1.32713,0.325181,-1.09768,-1.29234,-0.594864,HOROZ,1,HOROZ
1.45109,1.47954,1.09581,1.64116,0.0964749,0.360162,1.45964,1.45569,-0.228024,-0.856712,-0.975628,-0.229139,-1.49637,-0.837966,-0.26697,-0.480748,BARBUNYA,1,CALI
-0.974594,-1.01984,-0.922189,-1.04236,-0.427938,-0.144169,-0.96949,-1.04493,0.145124,-0.151581,0.523462,0.347532,1.08394,0.680533,0.310797,0.638384,DERMASON,1,DERMASON
1.53498,1.58029,1.09022,1.7919,-0.0102777,0.270355,1.54421,1.52783,-0.742099,-0.895041,-1.12128,-0.104761,-1.61807,-0.790827,-0.144642,0.224403,BARBUNYA,1,CALI
2.1057,2.63185,0.965456,3.24068,-0.948616,-0.861067,2.13984,2.002,0.0727226,-2.00215,-3.25664,0.924377,-2.42376,-0.34226,0.915775,-0.941034,BARBUNYA,1,unknown
-0.560613,-0.717906,-0.97422,0.357388,-1.50734,-2.0817,-0.569778,-0.540409,0.541979,0.993927,1.45369,1.76439,-0.511768,1.61982,1.84512,0.943276,SEKER,1,SEKER
0.164611,0.24301,0.447105,-0.159034,0.742496,0.802278,0.1629,0.250003,-1.12133,-0.0221654,-0.254301,-0.800853,0.0355292,-0.785999,-0.813096,-0.0269171,SIRA,1,SIRA
-0.615793,-0.767786,-0.921062,0.0787484,-1.26825,-1.47758,-0.61929,-0.605062,0.513582,0.508375,1.41999,1.40534,-0.235981,1.32279,1.44086,0.722549,SEKER,1,SEKER
1.74664,1.75763,1.88355,1.05674,1.4359,1.14008,1.7196,1.70697,1.04601,0.807693,-1.17547,-1.34902,-1.07052,-1.43859,-1.31179,-0.317074,CALI,1,CALI
-1.28538,-1.24747,-1.00802,-1.86345,0.250747,0.48045,-1.2736,-1.45831,-1.35669,-0.838556,-0.455589,-0.372561,2.42725,0.350398,-0.40647,-0.332248,DERMASON,1,DERMASON
9.35366,5.91559,5.10799,7.32832,0.401902,0.588574,9.32479,6.58291,1.22391,-0.35521,-0.37263,-0.521077,-3.90731,-1.79411,-0.549161,-0.682365,BOMBAY,1,unknown
1.77416,1.75763,1.59936,1.61173,0.665673,0.757335,1.83631,1.72997,0.716185,-3.34688,-1.0909,-0.815123,-1.40142,-1.20289,-0.826386,-3.09752,CALI,1,CALI
1.16475,1.43766,0.876727,1.36601,0.0437334,0.316504,1.17787,1.20417,-0.500609,-1.08185,-1.75934,-0.154767,-1.32494,-0.723377,-0.193975,0.360394,BARBUNYA,1,unknown
0.244819,0.132507,-0.0370185,0.796472,-0.628073,-0.387603,0.231068,0.331612,1.05786,0.78402,0.764073,0.575857,-0.887821,0.0736681,0.547023,0.61233,SIRA,1,SEKER
0.375937,0.539525,0.0500505,0.995534,-0.654761,-0.422769,0.396969,0.462891,0.487672,-1.58906,-0.797708,0.585744,-1.0273,0.0206522,0.557349,-0.141319,BARBUNYA,1,unknown
0.911249,1.34733,0.726744,1.07082,0.0819998,0.348315,0.938182,0.974221,0.616477,-1.85997,-2.263,-0.196571,-1.09715,-0.675281,-0.235061,0.204616,BARBUNYA,1,unknown
2.14091,2.48879,1.11745,2.99977,-0.686459,-0.465442,2.23738,2.03037,-0.716249,-4.63715,-2.71627,0.617406,-2.315,-0.532179,0.590467,-0.349283,BARBUNYA,1,unknown
1.59955,1.49626,1.47411,1.392,0.693349,0.77373,1.59023,1.58292,1.21446,0.00258894,-0.555391,-0.793642,-1.29423,-1.15884,-0.806372,-1.35891,CALI,1,CALI
1.72325,1.95517,1.10537,2.14664,-0.219125,0.0768731,1.74284,1.68738,-0.802246,-1.39153,-2.00402,0.111112,-1.84672,-0.717698,0.0706582,0.275092,BARBUNYA,1,unknown
1.16567,1.39945,1.59857,0.351564,1.75421,1.26277,1.14733,1.20499,1.18289,0.607517,-1.60123,-1.56537,-0.475681,-1.43081,-1.50188,-0.00241245,HOROZ,1,HOROZ
1.37371,1.5209,0.752434,2.0347,-0.517662,-0.24909,1.39573,1.38853,0.44931,-1.53552,-1.40259,0.432523,-1.77127,-0.438725,0.398234,0.0669123,BARBUNYA,1,unknown
-0.956595,-0.946625,-0.756338,-1.2698,0.0450491,0.317609,-0.94638,-1.02199,-0.322969,-0.716025,0.147318,-0.144478,1.40314,0.251873,-0.183842,0.790065,DERMASON,1,DERMASON
-1.08239,-1.18387,-1.14068,-0.987371,-0.80993,-0.641701,-1.07536,-1.18451,0.71154,-0.320926,0.846392,0.787087,1.02063,1.19114,0.769337,0.333777,DERMASON,1,DERMASON
-0.556343,-0.250881,0.0778319,-1.38045,1.51387,1.17173,-0.548346,-0.535437,-1.42617,-0.582047,-1.43036,-1.38527,1.58206,-0.848421,-1.3439,0.503019,HOROZ,1,HOROZ
0.302364,0.385609,0.171349,0.58097,-0.22538,0.0706795,0.311436,0.389546,-0.728825,-0.796823,-0.351486,0.122182,-0.697761,-0.264995,0.0818011,0.437067,BARBUNYA,1,SIRA
8.56472,5.69535,4.33551,7.66161,-0.246593,0.0494886,8.64014,6.16638,0.301443,-2.30679,-0.785671,0.0814268,-3.97278,-1.55131,0.0408275,-1.84447,BOMBAY,1,unknown
0.556258,1.55478,0.471811,0.75296,0.0137458,0.291065,0.589402,0.639361,-0.404363,-2.31592,-4.1966,-0.175303,-0.785837,-0.549546,-0.214177,-1.49375,BARBUNYA,1,unknown
2.29916,2.10847,1.81938,2.15658,0.509344,0.660174,2.30135,2.15668,-0.0893509,-0.633175,-0.940344,-0.618027,-1.82653,-1.20429,-0.641342,-0.717791,CALI,1,CALI
1.48328,1.46633,1.32574,1.38607,0.531972,0.674736,1.50167,1.48345,0.249811,-1.34592,-0.812395,-0.655094,-1.28939,-1.0667,-0.676383,-1.3758,CALI,1,CALI
0.811268,1.21743,1.07645,0.321499,1.12074,1.00019,0.820373,0.881496,-0.444151,-0.843221,-2.09594,-1.08588,-0.472633,-1.12878,-1.07545,0.76936,BARBUNYA,1,HOROZ
9.86933,6.53226,5.75884,7.02271,0.983502,0.932552,9.87704,6.84801,1.77208,-1.02176,-1.32911,-1.03246,-3.81301,-1.96661,-1.02677,-1.39807,BOMBAY,1,unknown
8.52439,5.32545,4.13691,7.92514,-0.474388,-0.197677,8.49044,6.14471,-0.0807886,-0.200478,0.198162,0.340308,-4.04435,-1.45538,0.303391,-1.46065,BOMBAY,1,unknown
-0.233277,-0.113179,-0.00572536,-0.449927,0.386935,0.578265,-0.234876,-0.170955,-1.00904,0.128129,-0.356985,-0.482837,0.34929,-0.430284,-0.512591,0.256074,SIRA,1,SIRA
-0.532497,-0.500933,-0.440823,-0.549217,-0.142829,0.15048,-0.533112,-0.507746,0.659716,0.191218,0.182712,0.0325058,0.463859,0.0931414,-0.00817763,0.3139,DERMASON,1,DERMASON
1.51928,1.44133,1.1354,1.6979,0.100931,0.363789,1.53065,1.51438,0.514341,-0.999731,-0.584127,-0.221489,-1.54767,-0.850193,-0.259484,-0.035226,CALI,1,CALI
-1.23138,-1.38338,-1.31187,-1.18218,-0.915883,-0.807059,-1.2319,-1.38398,-0.528259,0.700431,1.07233,0.92901,1.28122,1.50626,0.920743,0.637519,DERMASON,1,DERMASON
1.76418,1.76474,1.13722,2.17265,-0.20226,0.0934508,1.76162,1.72163,-0.652933,-0.35479,-1.15013,0.0953238,-1.8646,-0.73619,0.0547838,0.34611,BARBUNYA,1,CALI
2.72904,2.81764,2.15164,2.385,0.690135,0.771837,2.78608,2.49061,-1.53532,-2.78693,-2.34736,-0.752817,-1.9863,-1.33222,-0.768231,0.122533,BARBUNYA,1,unknown
1.15516,1.5292,1.04731,1.08553,0.44248,0.616103,1.16631,1.1956,-0.689328,-0.97672,-2.15187,-0.534452,-1.10859,-0.928711,-0.561923,0.202589,BARBUNYA,1,unknown
0.948299,1.36244,1.00794,0.716817,0.689348,0.771374,0.957935,1.00828,-0.127031,-0.883173,-2.19498,-0.748497,-0.80997,-0.989653,-0.764188,0.264727,BARBUNYA,1,unknown
-0.949303,-0.980713,-0.977939,-0.856613,-0.670667,-0.444057,-0.949027,-1.01272,-0.739853,0.362112,0.44356,0.620924,0.842923,0.901158,0.594151,0.427224,DERMASON,1,DERMASON
1.14202,1.17395,0.415878,2.14963,-0.930779,-0.831457,1.15314,1.18384,0.317579,-0.974582,-0.717785,0.923279,-1.83589,-0.0509441,0.914598,-0.204101,BARBUNYA,1,unknown
1.18432,1.1651,0.846531,1.4689,-0.060384,0.226179,1.17361,1.22163,-0.890564,0.190132,-0.524072,-0.0590887,-1.3904,-0.674371,-0.0994067,0.0493617,BARBUNYA,1,CALI
1.15851,1.17378,0.299219,2.38643,-1.17204,-1.27289,1.15953,1.19859,0.632566,-0.434184,-0.657208,1.26442,-1.99704,0.177761,1.28507,0.506801,BARBUNYA,1,unknown
-0.899247,-0.881582,-0.783085,-1.03796,-0.217559,0.0784205,-0.891898,-0.949542,-0.0971501,-0.424479,0.137287,0.109104,1.09271,0.413252,0.0686386,0.262185,DERMASON,1,DERMASON
-0.414714,-0.414654,-0.345087,-0.390504,-0.142345,0.150936,-0.413107,-0.372879,-0.245565,-0.0610585,0.382326,0.0368453,0.27261,0.0255387,-0.00383854,0.490527,DERMASON,1,DERMASON
1.4461,1.57533,0.870901,1.95464,-0.345803,-0.0535768,1.46009,1.45137,-0.515751,-1.12862,-1.388,0.259218,-1.73776,-0.562298,0.220562,0.717721,BARBUNYA,1,unknown
-0.977419,-0.930618,-0.739123,-1.36056,0.164226,0.414305,-0.974267,-1.04854,0.529618,0.0650324,-0.123105,-0.259669,1.53829,0.176064,-0.296805,0.823262,DERMASON,1,DERMASON
-1.02393,-1.13883,-1.04655,-0.981858,-0.67069,-0.444088,-1.02475,-1.10834,-0.104055,0.542622,1.00067,0.631155,0.995594,0.982953,0.604873,0.782849,DERMASON,1,DERMASON
-1.13652,-1.23144,-1.00768,-1.41372,-0.220154,0.0758562,-1.13584,-1.25606,-0.428984,0.463468,0.739359,0.126241,1.62176,0.63716,0.0858895,0.784447,DERMASON,1,DERMASON
0.881229,0.885678,0.88508,0.784457,0.486316,0.645174,0.859363,0.946505,1.4106,0.940843,-0.368166,-0.5902,-0.845563,-0.887551,-0.614961,-0.432659,CALI,1,CALI
0.306699,0.593646,0.861328,-0.424479,1.58261,1.19874,0.30156,0.393891,-2.48849,0.162513,-1.36199,-1.43753,0.316089,-1.17548,-1.39001,0.362101,HOROZ,1,HOROZ
1.42456,1.84033,0.958685,1.79029,-0.149888,0.143818,1.44957,1.43272,0.261031,-1.68045,-2.46878,0.0314277,-1.61106,-0.68744,-0.00925543,0.00824664,BARBUNYA,1,unknown
-0.998768,-1.07641,-1.00818,-0.968645,-0.623253,-0.381324,-0.995893,-1.0759,-0.779618,0.108516,0.740997,0.57338,0.980043,0.905081,0.544438,0.723932,DERMASON,1,DERMASON
-0.139799,0.162999,0.544108,-0.973497,1.74804,1.26055,-0.13753,-0.0694889,1.46183,-0.215406,-1.34533,-1.56862,1.02725,-1.10936,-1.50471,-0.314585,HOROZ,1,HOROZ
2.21356,2.34959,1.45907,2.55816,-0.110955,0.180204,2.23415,2.08859,0.455026,-1.4097,-2.05954,-0.0243924,-2.06883,-0.898064,-0.0649291,-0.565645,BARBUNYA,1,unknown
-0.796507,-0.837484,-0.832753,-0.650084,-0.624078,-0.382398,-0.796617,-0.822166,0.103373,0.298064,0.598909,0.572712,0.572737,0.722491,0.543741,0.666595,DERMASON,1,DERMASON
1.95304,1.93411,1.30722,2.26575,-0.0856889,0.203353,1.94702,1.87787,0.625653,-0.227897,-1.25312,-0.0260249,-1.92047,-0.844485,-0.0665535,0.319165,BARBUNYA,1,unknown
2.42482,2.44764,1.66642,2.60373,0.0658067,0.334941,2.42691,2.25565,1.21809,-0.640169,-1.85283,-0.193243,-2.10241,-1.02352,-0.231795,-0.260542,BARBUNYA,1,unknown
0.569593,0.901768,1.15913,-0.210288,1.76233,1.26569,0.571133,0.652232,-2.90904,-0.351518,-1.67328,-1.5999,0.132681,-1.32164,-1.53187,-1.21557,HOROZ,1,HOROZ
2.89011,2.97956,1.81168,3.21566,-0.152366,0.141472,2.91957,2.6125,0.707023,-1.71168,-2.49056,0.0269516,-2.42782,-0.9972,-0.0137291,-0.248281,BARBUNYA,1,unknown
-0.43048,-0.41502,-0.439006,-0.236408,-0.397802,-0.110348,-0.425179,-0.390752,1.35325,-0.37531,0.286576,0.276763,0.142706,0.215912,0.238439,-0.693059,SIRA,1,SIRA
-0.604757,-0.359247,-0.265576,-1.02657,0.567745,0.697405,-0.596567,-0.592072,0.766888,-0.588891,-1.11834,-0.63809,1.06829,-0.347257,-0.660322,0.4837,DERMASON,1,SIRA
-0.340878,-0.355214,-0.273453,-0.312724,-0.107908,0.183015,-0.348102,-0.289883,0.21638,0.653811,0.462634,0.00320046,0.182686,-0.0409224,-0.0374403,0.557417,DERMASON,1,DERMASON
-0.000272417,0.264675,0.661294,-0.829399,1.75258,1.26219,-0.0110063,0.0789465,-1.11377,0.714168,-1.16995,-1.55672,0.811923,-1.14746,-1.49436,0.313212,HOROZ,1,HOROZ
1.47225,1.26268,0.936289,1.89622,-0.240808,0.0552959,1.46074,1.47394,-0.0126095,0.144583,0.0588015,0.147316,-1.7011,-0.634046,0.107138,0.755811,BARBUNYA,1,CALI
-1.15032,-1.16846,-0.956115,-1.5142,-0.0352131,0.248538,-1.14056,-1.27446,-0.745623,-0.618443,0.14927,-0.0941979,1.82713,0.45908,-0.134195,-0.307507,DERMASON,1,DERMASON
3.05933,2.59062,2.39092,2.6903,0.719458,0.788985,3.08406,2.73878,0.869362,-1.52252,-0.767972,-0.832195,-2.1067,-1.41162,-0.842267,-2.00149,CALI,1,CALI
0.262424,0.525573,0.156918,0.497727,-0.181988,0.113144,0.272575,0.34939,-0.173772,-0.866247,-1.23312,0.0848696,-0.633323,-0.273196,0.0442836,0.738234,BARBUNYA,1,SIRA
0.369237,0.385139,0.439623,0.314805,0.316679,0.528729,0.358818,0.456245,1.21038,0.490385,-0.0376314,-0.420535,-0.446972,-0.632988,-0.452758,0.174783,SIRA,1,SIRA
0.550871,0.833916,0.354727,0.925408,-0.249878,0.0461813,0.592565,0.634155,-0.690754,-2.84477,-1.44647,0.10141,-0.937029,-0.375261,0.0609006,-1.25,BARBUNYA,1,unknown
0.45089,0.898157,0.282587,0.737327,-0.202973,0.092754,0.471657,0.536799,-0.656142,-1.56224,-2.12578,0.107345,-0.842557,-0.333839,0.0668691,0.755558,BARBUNYA,1,unknown
6.65089,4.54017,3.46114,6.37623,-0.329041,-0.0356897,6.60698,5.09269,-0.0823295,0.213306,-0.232121,0.239845,-3.66618,-1.35218,0.200853,0.677002,BOMBAY,1,unknown
1.41897,1.53379,1.42431,1.21039,0.778584,0.822792,1.49431,1.42788,0.257702,-4.16873,-1.30703,-0.927135,-1.08589,-1.1866,-0.930144,-3.77704,CALI,1,CALI
1.32129,1.67978,0.842835,1.76958,-0.260734,0.0352009,1.34196,1.3427,-0.379083,-1.47118,-2.19361,0.146647,-1.59605,-0.593594,0.106462,-0.0343841,BARBUNYA,1,unknown
-0.0170235,0.0142709,0.136719,-0.138245,0.303749,0.5194,-0.0306304,0.0613097,0.578544,0.941705,0.0887939,-0.402308,-0.0018438,-0.473512,-0.435193,0.411294,SIRA,1,SIRA
0.332581,0.404812,0.512602,0.0995953,0.594516,0.714093,0.317504,0.419768,0.607059,0.823178,-0.311251,-0.653147,-0.259467,-0.757684,-0.674545,0.80333,SIRA,1,SIRA
1.54378,1.51439,0.728445,2.42755,-0.763025,-0.572783,1.55479,1.53537,0.15877,-0.982839,-0.816951,0.734365,-2.02096,-0.303283,0.713509,0.502503,BARBUNYA,1,unknown
-0.441844,-0.607098,-0.842454,0.449261,-1.39575,-1.78059,-0.451581,-0.403669,0.594579,0.945493,1.4856,1.59484,-0.594299,1.35039,1.65292,0.886265,SEKER,1,SEKER
-0.290427,-0.270159,-0.331199,-0.0202393,-0.419802,-0.13497,-0.286648,-0.23383,0.186359,-0.289069,0.23938,0.285959,-0.0687661,0.139135,0.247818,-1.23016,SIRA,1,SIRA
-0.0989396,-0.0599096,-0.121676,0.0751134,-0.216469,0.0794958,-0.102607,-0.0256552,-0.905341,0.229584,0.0755974,0.11067,-0.220182,-0.0910746,0.0702136,0.360589,SIRA,1,SIRA
-0.243262,-0.179495,-0.289796,-0.0309307,-0.356514,-0.0651107,-0.243914,-0.181894,-0.123503,0.0557405,-0.0297495,0.272216,-0.12613,0.102111,0.233804,0.764401,SIRA,1,SIRA
-0.351651,-0.36431,-0.402996,-0.127748,-0.43355,-0.150544,-0.356494,-0.301921,-0.0818632,0.459007,0.454067,0.356921,-0.0246569,0.229176,0.320427,0.749887,SIRA,1,DERMASON
2.24234,2.25607,1.37459,2.73241,-0.295151,-0.000123249,2.26559,2.11154,-0.860947,-1.52078,-1.65053,0.182952,-2.17921,-0.795362,0.143148,-0.0527424,BARBUNYA,1,unknown
-0.295814,-0.0687776,0.210201,-0.904619,1.16186,1.01962,-0.298784,-0.23979,-1.68009,0.27075,-0.947772,-1.13943,0.926795,-0.812045,-1.124,-0.108982,HOROZ,1,HOROZ
1.70197,1.87598,1.1081,2.08729,-0.179809,0.115245,1.72676,1.6695,0.642266,-1.63793,-1.77124,0.077389,-1.81715,-0.731219,0.0367754,0.548829,BARBUNYA,1,unknown
-0.789741,-0.807028,-0.674106,-0.894193,-0.181915,0.113215,-0.795584,-0.813882,-0.562737,0.875894,0.438179,0.0719316,0.898295,0.298393,0.0313008,0.270316,DERMASON,1,DERMASON
1.81909,1.86883,1.21479,2.1623,-0.116177,0.175375,1.82004,1.76738,0.919542,-0.526092,-1.395,7.24503e-05,-1.85261,-0.800786,-0.0405596,0.132534,BARBUNYA,1,unknown
0.172888,0.412186,0.661362,-0.451974,1.33044,1.09549,0.164901,0.258472,-2.48749,0.418558,-1.08648,-1.25398,0.346287,-1.04111,-1.22707,0.404598,HOROZ,1,HOROZ
-0.148536,-0.1478,-0.168642,0.0226251,-0.23737,0.0587378,-0.149537,-0.078902,0.728524,0.0437688,0.317991,0.135331,-0.17036,-0.0484437,0.0950494,0.453836,SIRA,1,SIRA
-0.700074,-0.833929,-0.946316,-0.13139,-1.16412,-1.25685,-0.706566,-0.70526,0.57111,0.861109,1.28521,1.25645,-0.0157603,1.25839,1.27631,0.603655,DERMASON,1,SEKER
-0.946676,-1.04967,-1.0363,-0.738404,-0.851829,-0.705432,-0.949479,-1.00938,1.18661,0.69642,0.966723,0.840578,0.693154,1.10157,0.82621,0.380955,DERMASON,1,DERMASON
-0.532826,-0.621057,-0.750874,-0.0107417,-0.984337,-0.9217,-0.538276,-0.508127,-0.0200975,0.631046,0.969523,1.02365,-0.149967,0.903724,1.02262,0.856173,SEKER,1,SEKER
0.896666,1.1102,1.23238,0.327778,1.31301,1.08792,0.883247,0.96077,-1.87031,0.4437,-1.33487,-1.26447,-0.43548,-1.23673,-1.23646,-0.549322,HOROZ,1,HOROZ
2.60324,2.31002,1.58841,3.05912,-0.274006,0.0216729,2.61043,2.39422,0.648474,-0.859104,-0.885782,0.157839,-2.35085,-0.880289,0.117761,-0.141276,BARBUNYA,1,unknown
5.90728,4.03186,3.13058,5.90594,-0.371051,-0.080896,5.87262,4.64707,0.117016,0.0919201,0.135967,0.263484,-3.50651,-1.27503,0.224907,-0.118,BOMBAY,1,unknown
2.25462,1.97692,1.86142,2.03044,0.640852,0.742432,2.25474,2.12132,1.10772,-0.541037,-0.544876,-0.742443,-1.73698,-1.25397,-0.758518,-1.10617,CALI,1,CALI
0.676931,0.981171,0.489631,0.911971,-0.0810991,0.207519,0.699981,0.754982,-1.00401,-1.67311,-1.6022,-0.016029,-0.990223,-0.493317,-0.0566038,0.857629,BARBUNYA,1,unknown
-0.841702,-1.03048,-1.22219,-0.0252604,-1.60148,-2.36787,-0.848841,-0.877828,0.777677,1.05936,1.66732,1.90883,-0.135926,2.06231,2.01069,0.8811,SEKER,1,SEKER
0.302889,1.74021,0.715862,-0.214295,1.16151,1.01945,0.379863,0.390073,0.451727,-5.27629,-5.56228,-1.14726,0.109428,-1.02343,-1.13107,-0.434617,HOROZ,1,unknown
-1.26987,-1.28003,-1.10513,-1.6803,-0.116305,0.175256,-1.25862,-1.43685,-0.53616,-0.773846,-0.0811276,0.0129473,2.06315,0.670708,-0.0277154,0.59858,DERMASON,1,DERMASON
1.30914,1.74113,0.667782,2.04459,-0.611576,-0.366205,1.34403,1.33204,0.452165,-2.20001,-2.45937,0.541611,-1.77816,-0.35253,0.511323,0.0908062,BARBUNYA,1,unknown
0.799181,1.00347,1.25143,0.0766858,1.58458,1.1995,0.793519,0.870205,1.15996,0.0256337,-1.23179,-1.4377,-0.223516,-1.29748,-1.39016,0.412842,HOROZ,1,HOROZ
1.67582,2.01025,1.04711,2.13282,-0.270756,0.0249959,1.70391,1.64749,-0.564474,-1.79632,-2.34067,0.176239,-1.84804,-0.669742,0.136356,0.647943,BARBUNYA,1,unknown
2.90929,2.7218,1.78129,3.26658,-0.208573,0.0872664,2.9106,2.62691,-0.0650274,-0.65127,-1.60122,0.105579,-2.4704,-0.961781,0.065093,0.47754,BARBUNYA,1,unknown
-0.61888,-0.670613,-0.695587,-0.361068,-0.65541,-0.423633,-0.618773,-0.608701,0.653335,0.171317,0.719302,0.606504,0.236918,0.610404,0.579054,0.555857,SIRA,1,DERMASON
-1.0552,-1.0798,-0.959521,-1.22613,-0.320311,-0.026453,-1.04431,-1.14894,-0.754076,-0.771959,0.303047,0.223378,1.35368,0.64547,0.184124,0.425271,DERMASON,1,DERMASON
1.07245,1.31296,0.373948,2.03693,-0.913242,-0.802764,1.08375,1.12128,1.03632,-0.981281,-1.56542,0.922929,-1.78546,-0.0261925,0.914222,0.545064,BARBUNYA,1,unknown
-0.470748,-0.408733,-0.505184,-0.264812,-0.466321,-0.188261,-0.468623,-0.436652,0.42267,-0.0831984,-0.00263049,0.380216,0.139736,0.322163,0.344352,0.272824,SIRA,1,SIRA
1.01005,1.0119,0.817633,1.12041,0.151128,0.404003,1.00667,1.0647,-0.176386,-0.162995,-0.465852,-0.251032,-1.14964,-0.734971,-0.288373,0.675139,BARBUNYA,1,CALI
7.24421,4.8881,4.02052,6.33136,0.0909898,0.355685,7.17517,5.43609,0.847241,0.68853,-0.360026,-0.218795,-3.63491,-1.57051,-0.256845,-0.29496,BOMBAY,1,unknown
1.91868,1.77296,1.04837,2.66685,-0.576336,-0.321339,1.92643,1.84967,0.329753,-0.846474,-0.710324,0.491181,-2.13827,-0.550694,0.458923,-0.240057,BARBUNYA,1,unknown
0.715032,1.03836,0.380732,1.19913,-0.404734,-0.118067,0.729547,0.791094,0.895369,-1.15924,-1.70383,0.316472,-1.20326,-0.297306,0.278989,0.449648,BARBUNYA,1,unknown
2.06569,2.17345,0.937714,3.13681,-0.924127,-0.820524,2.10433,1.96965,0.333883,-2.20465,-1.83172,0.938674,-2.40856,-0.323119,0.931113,0.608185,BARBUNYA,1,unknown
1.53058,1.49204,1.40628,1.31334,0.677673,0.764472,1.51141,1.52407,0.362251,0.508399,-0.765262,-0.75093,-1.26951,-1.12409,-0.766465,-0.216254,CALI,1,CALI
0.61781,0.82013,0.302326,1.13426,-0.452087,-0.171775,0.642335,0.698575,-0.691104,-1.77187,-1.11361,0.35041,-1.13392,-0.239145,0.313748,-0.218107,BARBUNYA,1,unknown
1.0624,1.72181,0.393505,1.9822,-0.862752,-0.722394,1.10789,1.11219,0.377635,-2.83592,-3.15383,0.855069,-1.74708,-0.0682904,0.841658,0.408399,BARBUNYA,1,unknown
-0.318083,-0.356978,-0.364491,-0.11086,-0.394716,-0.106924,-0.326219,-0.264492,-0.59238,0.71506,0.612323,0.320475,-0.0506586,0.181297,0.283084,0.988475,SIRA,1,DERMASON
0.418373,0.70262,-0.200932,1.55785,-1.26894,-1.47913,0.441704,0.504835,0.333817,-1.73186,-1.39274,1.40453,-1.47065,0.613512,1.43997,0.663766,BARBUNYA,1,unknown
-0.52133,-0.562586,-0.463086,-0.487882,-0.226719,0.06935,-0.526463,-0.494824,0.641035,0.5941,0.654189,0.126512,0.383082,0.157581,0.0861625,0.542715,DERMASON,1,DERMASON
1.89674,1.53271,1.32898,2.10271,0.0391705,0.312662,1.86729,1.83161,0.972708,0.858999,0.259906,-0.140237,-1.8316,-0.892354,-0.179662,0.731789,CALI,1,CALI
9.09938,5.90422,4.78666,7.53694,0.0996105,0.362716,9.12028,6.45014,0.355079,-1.25773,-0.660034,-0.244211,-3.95693,-1.69305,-0.281709,-0.927248,BOMBAY,1,unknown
0.766533,0.939909,0.462795,1.30082,-0.378046,-0.0885468,0.813788,0.839616,0.612412,-3.07027,-1.07193,0.197371,-1.18575,-0.391349,0.157748,-2.74614,BARBUNYA,1,unknown
-0.153003,-0.0295568,-0.168699,0.0215363,-0.236593,0.0595139,-0.146632,-0.0837202,-0.374186,-0.532432,-0.389599,0.125837,-0.158607,-0.0529266,0.0854823,0.139962,SIRA,1,SIRA
1.60553,1.83754,1.0343,2.05714,-0.237807,0.0583007,1.62458,1.588,-0.639518,-1.37197,-1.91462,0.110839,-1.77162,-0.68895,0.0703837,-0.448778,BARBUNYA,1,unknown
-0.544059,-0.403489,-0.22782,-0.907459,0.503762,0.656555,-0.535758,-0.521155,-1.51518,-0.61227,-0.488777,-0.594629,0.926695,-0.350502,-0.619165,-0.00935538,DERMASON,1,SIRA
10.4318,6.47802,5.40268,8.14375,0.249536,0.479546,10.4873,7.13119,1.24188,-1.81644,-0.560128,-0.380971,-4.10929,-1.80159,-0.414597,-0.69121,BOMBAY,1,unknown
-1.55287,-1.78116,-1.54685,-1.90206,-0.664155,-0.435311,-1.54724,-1.84492,1.00216,0.156545,1.11262,0.605316,2.47587,1.61848,0.577811,0.152946,DERMASON,1,DERMASON
3.68148,3.24555,2.33205,3.76867,0.0137434,0.291063,3.70125,3.18858,1.11196,-1.32152,-1.60574,-0.15914,-2.67633,-1.20362,-0.198279,-0.898367,BARBUNYA,1,unknown
1.19943,1.29945,0.8942,1.39849,0.0407625,0.314004,1.19259,1.23508,0.635183,-0.0214058,-1.06516,-0.14338,-1.35754,-0.726358,-0.182759,0.673654,BARBUNYA,1,CALI
-0.112603,-0.11136,-0.168459,0.163064,-0.344925,-0.0526345,-0.111645,-0.0402791,0.367237,-0.122648,0.301833,0.212192,-0.264045,-0.0118376,0.172772,-0.932815,SIRA,1,SIRA
-0.294238,-0.452014,-0.786682,0.787798,-1.52149,-2.12268,-0.301947,-0.238045,0.69756,0.663322,1.3808,1.7775,-0.882267,1.40042,1.86007,0.667353,SEKER,1,SEKER
-0.697512,-0.749379,-0.645759,-0.681313,-0.326029,-0.0324968,-0.703273,-0.702188,0.979174,0.787528,0.706603,0.234161,0.614037,0.361442,0.195076,0.590178,DERMASON,1,DERMASON
0.928592,0.822821,0.73517,1.09321,0.0755985,0.343043,0.902613,0.990184,1.20069,1.15256,0.129313,-0.189095,-1.11596,-0.676081,-0.227724,0.249581,CALI,1,CALI
-0.350009,-0.293111,-0.246829,-0.391522,-0.00398146,0.275811,-0.351976,-0.300084,0.773554,0.214574,0.0262186,-0.0927379,0.25909,-0.104908,-0.132751,0.900871,SIRA,1,SIRA
1.37286,1.29597,1.06074,1.51861,0.142256,0.396981,1.36856,1.38779,1.05041,-0.196009,-0.443104,-0.260962,-1.42391,-0.836044,-0.298067,-0.0151749,BARBUNYA,1,CALI
0.948364,0.993822,0.860296,0.956146,0.323061,0.533308,0.955611,1.00834,-0.346365,-0.748498,-0.617232,-0.436624,-0.993612,-0.821679,-0.46824,-0.211107,BARBUNYA,1,CALI
1.42639,1.67187,0.9945,1.70592,-0.0565631,0.229596,1.45235,1.43431,-0.802978,-1.72695,-1.83312,-0.0448514,-1.57388,-0.730725,-0.085271,0.7148,BARBUNYA,1,unknown
1.38691,1.50059,1.01175,1.64008,0.00582874,0.284273,1.39535,1.40003,0.423232,-0.846858,-1.2759,-0.136678,-1.49901,-0.771624,-0.176153,-0.360069,BARBUNYA,1,CALI
1.52217,1.34696,1.21754,1.60406,0.254659,0.483365,1.53233,1.51686,-0.0867714,-0.940218,-0.154544,-0.387943,-1.46243,-0.938864,-0.421331,-0.772856,CALI,1,CALI
1.45596,1.50946,1.12769,1.55359,0.191556,0.435553,1.45738,1.45989,1.01002,-0.500775,-1.08512,-0.289696,-1.46806,-0.871632,-0.326075,0.677894,BARBUNYA,1,CALI
-1.06886,-1.10069,-0.799365,-1.52669,0.238841,0.47154,-1.06703,-1.16678,1.17575,0.274303,0.341518,-0.345328,1.82251,0.180606,-0.38011,0.271337,DERMASON,1,DERMASON
2.43494,2.15553,1.99226,2.23866,0.629846,0.735762,2.49094,2.26357,-0.829847,-2.8336,-0.746276,-0.779878,-1.81829,-1.29983,-0.793529,-2.9146,CALI,1,CALI
1.19326,1.41753,1.36652,0.89645,0.96815,0.924706,1.30388,1.22959,0.987747,-6.12866,-1.58167,-1.11217,-0.795155,-1.22835,-1.09931,-5.02336,CALI,1,unknown
12.4106,7.38147,5.94691,9.47224,0.0702041,0.338586,12.3749,8.08316,1.00282,-0.409043,-0.675214,-0.193801,-4.4055,-1.82746,-0.232343,-0.121351,BOMBAY,1,unknown
0.326866,0.566648,0.159667,0.687682,-0.316356,-0.0222845,0.354945,0.414062,-0.580507,-2.0624,-1.14572,0.198349,-0.766798,-0.224419,0.158739,-0.32021,BARBUNYA,1,unknown
0.510866,0.47368,0.420394,0.699475,-0.00859333,0.271816,0.504708,0.595365,1.13643,0.152272,0.142327,-0.129124,-0.767807,-0.505427,-0.168703,-0.611407,SIRA,1,SIRA
1.79866,1.77723,1.19425,2.1672,-0.140331,0.152831,1.81436,1.75039,-1.41002,-1.20779,-1.09467,0.017597,-1.84853,-0.786651,-0.0230734,-0.135718,BARBUNYA,1,unknown
2.28681,3.1942,1.38571,2.78818,-0.315946,-0.0218532,2.30961,2.14689,-1.03515,-1.49879,-4.43139,0.212214,-2.21578,-0.789096,0.172795,0.193746,BARBUNYA,1,unknown
-0.760377,-0.776945,-0.637042,-0.879338,-0.139533,0.153581,-0.758273,-0.778075,0.010005,0.0539124,0.445386,0.0366081,0.866485,0.248786,-0.0040758,0.588066,DERMASON,1,DERMASON
0.0886069,0.109867,0.00851024,0.340948,-0.25148,0.0445658,0.0847905,0.171718,-0.570144,0.157791,0.0970782,0.140826,-0.469445,-0.159614,0.10059,0.110955,SIRA,1,SIRA
-1.05625,-1.0814,-0.953492,-1.243,-0.29507,-3.92509e-05,-1.04889,-1.15031,0.244486,-0.368578,0.30599,0.199361,1.37371,0.625438,0.159764,0.541289,DERMASON,1,DERMASON
0.397615,0.730711,1.04403,-0.356377,1.76349,1.26611,0.453905,0.48435,-2.59009,-3.85431,-1.60777,-1.64617,0.364523,-1.30217,-1.57191,-3.11217,HOROZ,1,unknown
2.22723,2.09761,0.922185,3.50871,-1.11326,-1.15657,2.22944,2.0995,0.60576,-0.627137,-1.09986,1.18456,-2.58839,-0.214575,1.1975,0.516707,BARBUNYA,1,unknown
0.129072,0.348409,0.517554,-0.252188,0.927459,0.903623,0.138628,0.213516,1.12191,-0.812681,-0.97289,-1.02216,0.234037,-0.900125,-1.01736,-2.75732,HOROZ,1,unknown
0.389798,0.648223,0.369359,0.477108,0.0981323,0.361513,0.400842,0.47662,0.544045,-0.934703,-1.26054,-0.216457,-0.59281,-0.515928,-0.254556,0.050624,BARBUNYA,1,SIRA
1.56684,1.74867,1.30462,1.50667,0.419626,0.600673,1.57371,1.55506,-1.19923,-0.781676,-1.69323,-0.505867,-1.43027,-1.0095,-0.534629,0.508156,BARBUNYA,1,unknown
-1.15367,-1.10405,-0.871978,-1.66907,0.270361,0.494999,-1.14385,-1.27894,-0.44369,-0.624484,-0.337541,-0.37996,2.06675,0.223862,-0.41362,0.0808586,DERMASON,1,DERMASON
2.26224,2.97624,1.53257,2.55292,-0.0352041,0.248546,2.34027,2.12738,-1.34147,-3.80073,-3.89735,-0.115126,-2.05278,-0.954024,-0.154885,-1.07595,BARBUNYA,1,unknown
10.3673,6.58403,5.47867,8.08234,0.322957,0.533234,10.3602,7.09905,0.969989,-0.778453,-0.897358,-0.498945,-4.06364,-1.8342,-0.52801,-2.56702,BOMBAY,1,unknown
-0.47574,-0.521338,-0.514648,-0.273049,-0.472904,-0.19594,-0.478564,-0.442368,-0.140797,0.357622,0.680875,0.397127,0.136919,0.338793,0.361748,0.609869,DERMASON,1,DERMASON
8.68612,5.46991,4.17065,8.03736,-0.493511,-0.220206,8.67087,6.23137,0.166165,-0.571951,-0.000371678,0.37946,-4.08169,-1.45175,0.343575,-0.838736,BOMBAY,1,unknown
3.0948,3.70847,1.55943,4.0423,-0.795986,-0.620952,3.24137,2.76503,-0.402241,-5.86238,-4.11428,0.750676,-2.81032,-0.661933,0.730757,-0.326935,BARBUNYA,1,unknown
-0.565342,-0.709045,-0.971638,0.336722,-1.49192,-2.03781,-0.56939,-0.545922,0.261467,0.525204,1.35745,1.7409,-0.492582,1.60107,1.81835,0.945201,SEKER,1,SEKER
-0.336805,-0.368723,-0.618297,0.315459,-1.02981,-1.00156,-0.339194,-0.285338,0.446707,0.243439,0.572486,1.07736,-0.463348,0.80408,1.08076,0.658238,SEKER,1,SEKER
-0.925918,-0.945041,-0.84598,-1.02372,-0.327207,-0.0337448,-0.924368,-0.983109,0.543035,0.207973,0.373577,0.237334,1.05751,0.542901,0.198301,0.658309,DERMASON,1,DERMASON
6.44469,4.56011,3.51211,6.09544,-0.172521,0.122255,6.44566,4.97089,-1.10556,-0.822851,-0.62459,0.0279607,-3.55008,-1.41767,-0.0127208,-0.971552,BOMBAY,1,unknown
1.6726,2.21856,1.96403,0.877806,1.69286,1.24042,1.6839,1.64477,-2.27454,-1.00059,-3.06234,-1.56711,-0.880135,-1.5189,-1.50339,-1.82732,HOROZ,1,unknown
0.38855,0.735076,1.01471,-0.357952,1.72439,1.25198,0.398648,0.475385,-1.47775,-0.872561,-1.66514,-1.60483,0.34374,-1.27994,-1.53614,-2.49736,HOROZ,1,HOROZ
-0.576116,-0.553912,-0.658697,-0.287871,-0.659978,-0.429723,-0.572812,-0.5585,-0.0412798,-0.146367,0.237101,0.598951,0.171164,0.572347,0.571153,0.103726,SIRA,1,SIRA
-1.24307,-1.36088,-1.23618,-1.34922,-0.651965,-0.419052,-1.2401,-1.39998,1.74826,0.267552,0.782219,0.589402,1.55094,1.18074,0.561171,0.101477,DERMASON,1,DERMASON
-0.809645,-0.849382,-0.778611,-0.76931,-0.446662,-0.165533,-0.807914,-0.838288,0.432037,0.118579,0.584567,0.353103,0.743186,0.545103,0.316509,0.0929893,DERMASON,1,DERMASON
-0.670644,-0.518841,-0.54607,-0.740752,-0.128298,0.164104,-0.654794,-0.670069,-0.233193,-1.30214,-0.598312,-0.0032863,0.727395,0.155155,-0.0439081,-0.445001,DERMASON,1,SIRA
9.59961,6.0704,4.58354,8.48865,-0.395714,-0.10803,9.57235,6.71002,1.2911,-0.399139,-0.482449,0.272994,-4.1877,-1.54638,0.234596,-0.745367,BOMBAY,1,unknown
1.38678,1.52566,1.01643,1.59539,0.041014,0.314216,1.38366,1.39992,0.807043,-0.259132,-1.37916,-0.146974,-1.49359,-0.777267,-0.186301,0.549627,BARBUNYA,1,unknown
2.20371,2.30382,1.71223,2.08847,0.445387,0.618053,2.20368,2.08072,1.23811,-0.52877,-1.92498,-0.526907,-1.81901,-1.145,-0.554726,0.591076,BARBUNYA,1,unknown
-0.415831,-0.372562,-0.37247,-0.332658,-0.228608,0.0674734,-0.41201,-0.374143,-0.434628,-0.251885,0.113275,0.113982,0.224194,0.0835115,0.0735464,0.0165479,SIRA,1,SIRA
7.92667,5.42196,4.22579,6.92217,-0.0216798,0.26042,7.99809,5.81902,0.380212,-2.29443,-0.897137,-0.11419,-3.80056,-1.57945,-0.15396,-0.543314,BOMBAY,1,unknown
-0.292924,-0.374956,-0.433323,0.105779,-0.647749,-0.413463,-0.302076,-0.236591,0.946795,0.782427,0.880704,0.58812,-0.246434,0.373058,0.559831,0.230541,DERMASON,1,SIRA
7.35923,4.77582,3.78645,6.83095,-0.287112,0.00819849,7.28084,5.5015,0.60934,0.872561,0.154953,0.186938,-3.79203,-1.42965,0.147182,0.401758,BOMBAY,1,unknown
-0.923421,-1.12098,-1.31506,-0.100232,-1.6806,-2.63623,-0.928305,-0.979958,0.570392,0.901184,1.70564,2.0341,-0.0566535,2.29816,2.15566,0.838067,SEKER,1,SEKER
10.5766,6.86417,6.20886,7.37482,1.11577,0.997815,10.8109,7.20315,-2.81253,-4.6858,-1.34021,-1.20896,-3.85588,-2.04076,-1.18669,-4.30514,BOMBAY,1,unknown
-0.730226,-0.729817,-0.572622,-0.889478,-0.0333707,0.250162,-0.731935,-0.741547,0.886624,0.414277,0.341909,-0.0799127,0.891457,0.136401,-0.120053,0.286251,DERMASON,1,DERMASON
0.581549,0.876644,1.23082,-0.308397,1.96919,1.33673,0.570681,0.663752,1.33697,0.422274,-1.51502,-1.71365,0.204619,-1.37756,-1.62998,-0.195627,HOROZ,1,HOROZ
-0.304748,-0.491767,-0.851487,0.901737,-1.6604,-2.56501,-0.31305,-0.249688,0.837679,0.719807,1.58469,1.99304,-0.973313,1.61517,2.108,0.572934,SEKER,1,SEKER
0.381127,0.82639,1.16624,-0.654269,2.28476,1.43422,0.383929,0.468035,-1.96008,-0.391478,-2.09741,-1.89661,0.581231,-1.41583,-1.78557,0.57616,HOROZ,1,HOROZ
0.149371,0.174855,0.0731323,0.404039,-0.217018,0.0789539,0.152184,0.234381,-0.154229,-0.337913,0.0420569,0.0880948,-0.508948,-0.222752,0.0475221,-0.478244,SIRA,1,SIRA
2.56212,2.5969,1.90191,2.44005,0.402895,0.589254,2.5646,2.36248,0.0249868,-0.668272,-2.02033,-0.4851,-2.03385,-1.18638,-0.514759,0.722568,BARBUNYA,1,unknown
-0.369322,-0.438276,-0.483454,-0.0356967,-0.610867,-0.365291,-0.375989,-0.321718,0.527339,0.625503,0.817245,0.56126,-0.122711,0.399954,0.531795,0.808188,DERMASON,1,SIRA
0.644217,0.844202,0.94315,0.189036,1.07319,0.977256,0.634137,0.723826,1.15608,0.346971,-1.11812,-1.06922,-0.319123,-1.07794,-1.06029,-0.0473903,HOROZ,1,HOROZ
0.723637,0.691366,0.645427,0.797663,0.188701,0.433349,0.728643,0.799225,0.17512,-0.591362,-0.0551878,-0.305399,-0.8696,-0.681592,-0.341353,-0.0129565,BARBUNYA,1,SIRA
0.420738,0.590222,0.652588,0.154814,0.727912,0.79388,0.431053,0.507164,-0.211364,-0.889103,-0.849698,-0.815288,-0.251359,-0.87817,-0.826541,-1.06777,SIRA,1,SIRA
1.21566,1.18641,0.889241,1.45144,-0.00116156,0.278249,1.20737,1.2495,-1.22046,0.0510769,-0.507379,-0.109104,-1.3879,-0.711398,-0.148934,0.4004,BARBUNYA,1,CALI
2.01676,1.78675,0.910418,3.08778,-0.92572,-0.823137,2.01338,1.92991,0.835225,-0.357184,-0.468097,0.94013,-2.38315,-0.309238,0.932676,0.58839,BARBUNYA,1,unknown
-0.354213,0.850525,-0.666376,0.387279,-1.13672,-1.20225,-0.310597,-0.304787,0.047057,-3.57786,-5.14524,1.19677,-0.504561,0.919934,1.21086,-0.135945,SEKER,1,unknown
6.57134,4.58776,3.44326,6.36942,-0.338997,-0.0462899,6.52525,5.04586,0.426219,0.275685,-0.505107,0.216001,-3.64129,-1.35481,0.176637,-0.566141,BOMBAY,1,unknown
3.30232,2.79761,2.63264,2.72401,0.931745,0.905863,3.324,2.91708,-0.693812,-1.4004,-0.932755,-0.995903,-2.13598,-1.50858,-0.993338,-1.5869,CALI,1,CALI
-1.47213,-1.31905,-0.86113,-2.66645,1.6155,1.21138,-1.45925,-1.72477,-1.00372,-0.9625,-1.64236,-1.4733,4.12645,-0.350094,-1.42145,-0.161814,DERMASON,1,unknown
0.210003,0.210347,0.00249003,0.653086,-0.483392,-0.208247,0.204343,0.296313,-0.858965,0.237864,0.147023,0.3974,-0.753241,-0.0369389,0.362029,0.199931,SIRA,1,SIRA
11.0469,6.64659,5.30984,9.06489,-0.159396,0.134797,11.0182,7.43419,1.02242,-0.451857,-0.300261,0.00176139,-4.30217,-1.71097,-0.0388754,-1.42852,BOMBAY,1,unknown
1.57183,1.45845,1.42925,1.38387,0.649401,0.747586,1.56732,1.55932,-1.59033,-0.226057,-0.48291,-0.742933,-1.30329,-1.12865,-0.758977,-0.841901,CALI,1,CALI
2.27742,2.2734,1.07542,3.33094,-0.8908,-0.766637,2.31568,2.13943,-0.298403,-2.14637,-1.61915,0.883489,-2.49485,-0.410004,0.872003,0.17189,BARBUNYA,1,unknown
0.563024,1.1847,0.49861,0.660324,0.116007,0.375991,0.591661,0.645895,-1.54098,-2.03579,-2.86021,-0.227549,-0.762143,-0.583495,-0.265415,0.284526,BARBUNYA,1,unknown
1.24857,1.58996,1.67129,0.40726,1.79013,1.2756,1.24436,1.27866,-0.63979,-0.173199,-2.08279,-1.58531,-0.533426,-1.45484,-1.51921,0.185806,HOROZ,1,HOROZ
1.41004,1.64908,1.17721,1.40698,0.350641,0.552914,1.42588,1.42013,1.01305,-1.22175,-1.79623,-0.453544,-1.34754,-0.947332,-0.484499,0.109172,BARBUNYA,1,unknown
1.71622,2.4429,2.29322,0.579592,2.38653,1.46316,1.77034,1.68148,-3.36497,-3.00232,-3.65613,-2.03126,-0.600802,-1.70978,-1.89834,-2.55965,HOROZ,1,unknown
12.5665,7.73978,6.59918,8.7023,0.762929,0.813939,12.5302,8.15545,0.698442,-0.409043,-1.33587,-0.840117,-4.23277,-2.01133,-0.849627,-0.893098,BOMBAY,1,unknown
-0.538344,-0.600188,-0.801613,0.0813619,-1.11323,-1.15652,-0.541633,-0.514523,0.428896,0.437847,0.791396,1.18647,-0.233865,1.05355,1.19958,0.581587,SEKER,1,SEKER
1.24653,1.97094,0.744438,1.77051,-0.366779,-0.0762409,1.27644,1.27686,0.451265,-1.95731,-3.44463,0.266077,-1.60154,-0.501756,0.227548,0.142097,BARBUNYA,1,unknown
2.32734,2.24254,2.12484,1.80533,1.08562,0.983298,2.3477,2.17897,-1.37701,-1.39434,-1.37163,-1.11818,-1.57611,-1.43032,-1.10476,-1.61695,CALI,1,CALI
3.44395,2.79975,2.61518,3.00027,0.729814,0.794979,3.44265,3.01942,-0.656226,-0.600682,-0.607049,-0.842716,-2.27288,-1.46396,-0.852041,-2.07276,CALI,1,CALI
-0.398817,-0.599317,-0.963482,0.856325,-1.76944,-2.97496,-0.411106,-0.354911,0.93876,1.13248,1.71918,2.17586,-0.939944,1.8804,2.32126,0.696674,SEKER,1,SEKER
8.6758,5.76329,5.00444,6.72256,0.606905,0.721737,8.69972,6.22586,1.3328,-1.3196,-0.823221,-0.724214,-3.72679,-1.82296,-0.741428,-1.52858,BOMBAY,1,unknown
0.561185,0.930204,0.974243,0.0502997,1.24644,1.05842,0.596309,0.644119,-0.834306,-2.43626,-1.82995,-1.25867,-0.103406,-1.15291,-1.23127,-2.32603,HOROZ,1,HOROZ
1.8367,1.54708,1.43778,1.90168,0.285738,0.506294,1.8436,1.78199,1.18687,-0.802981,-0.000702061,-0.431918,-1.6476,-1.02892,-0.463713,-1.33706,CALI,1,CALI
2.07312,2.18133,1.55078,2.10367,0.267994,0.493252,2.1126,1.97566,-1.4931,-2.2395,-1.83985,-0.370061,-1.82263,-1.04491,-0.404052,0.370785,BARBUNYA,1,unknown
-0.644434,-0.646603,-0.459235,-0.837715,0.0886726,0.353789,-0.650534,-0.638912,-0.993312,0.776566,0.383525,-0.193978,0.813885,-0.00654088,-0.232516,0.543625,DERMASON,1,DERMASON
-0.264545,-0.160327,0.0435913,-0.597307,0.597074,0.715675,-0.269541,-0.205275,-0.46579,0.420902,-0.261974,-0.673741,0.529778,-0.539428,-0.693969,0.0922643,SIRA,1,SIRA
1.41076,1.40691,1.18217,1.41725,0.348732,0.551567,1.41884,1.42076,-0.457495,-0.830812,-0.800885,-0.462736,-1.34306,-0.952294,-0.493322,-0.305929,BARBUNYA,1,CALI
-0.934523,-0.925333,-0.917973,-0.902165,-0.542582,-0.27941,-0.931533,-0.993986,-1.03332,0.0577726,0.169967,0.455924,0.923677,0.739804,0.422412,-0.112512,DERMASON,1,DERMASON
0.0430833,-0.00608654,-0.0964734,0.390473,-0.420593,-0.135862,0.0338581,0.124369,-0.575507,0.576238,0.526551,0.337062,-0.529921,-0.000505999,0.300066,0.556566,SIRA,1,SIRA
-0.805047,-0.957422,-1.08298,-0.194663,-1.30731,-1.56629,-0.812045,-0.83264,0.343784,1.00839,1.40071,1.46107,0.0476543,1.55916,1.50292,0.722638,SEKER,1,SEKER
-0.400065,-0.204812,-0.0905948,-0.753667,0.555008,0.689383,-0.399422,-0.35632,-1.71585,0.0157826,-0.780056,-0.625726,0.706757,-0.444987,-0.648629,0.530833,SIRA,1,SIRA
0.11081,0.0502129,-0.0470034,0.479788,-0.422716,-0.138259,0.100993,0.194686,-0.578905,0.581809,0.553924,0.337067,-0.608726,-0.0331606,0.300071,0.472598,SIRA,1,SIRA
1.47349,1.69814,1.9455,0.490832,2.04849,1.3624,1.46636,1.47502,0.715917,-0.0748443,-1.78719,-1.76695,-0.594937,-1.56977,-1.67558,-0.269936,HOROZ,1,HOROZ
1.7806,1.45327,1.1391,2.20472,-0.219872,0.0761348,1.76001,1.73534,0.819827,0.4895,0.238137,0.112475,-1.88289,-0.730641,0.0720304,0.29598,BARBUNYA,1,CALI
1.1007,1.23539,1.04239,1.03284,0.47727,0.639231,1.1179,1.14675,0.438298,-1.3017,-1.13714,-0.60107,-1.02636,-0.950409,-0.625274,-1.15597,CALI,1,CALI
-0.544781,-0.658521,-0.918734,0.293808,-1.39898,-1.7888,-0.54996,-0.521995,0.586962,0.614771,1.14558,1.59704,-0.447654,1.44212,1.6554,0.802924,SEKER,1,SEKER
0.180311,0.131795,-0.0197988,0.613487,-0.48321,-0.208032,0.167612,0.266058,-0.811935,0.748364,0.440467,0.400457,-0.72244,-0.0210522,0.365176,0.315486,SIRA,1,SIRA
-1.19131,-1.31451,-1.29135,-1.06062,-0.982415,-0.918391,-1.18852,-1.32954,0.0509992,0.250695,0.894106,0.993169,1.13811,1.52193,0.989726,-0.090158,DERMASON,1,DERMASON
8.88194,5.52402,4.14068,8.32793,-0.615283,-0.37099,8.81501,6.33551,0.384754,0.396194,0.107498,0.528575,-4.15488,-1.40951,0.497757,-0.516659,BOMBAY,1,unknown
-0.58321,-0.766403,-0.946971,0.229877,-1.39632,-1.78202,-0.593921,-0.566798,0.217852,1.15809,1.64353,1.59545,-0.389246,1.47549,1.6536,0.878859,SEKER,1,SEKER
-0.305733,-0.262557,-0.205993,-0.309341,-0.0174136,0.264145,-0.303561,-0.250781,0.631999,-0.151169,0.103467,-0.106397,0.202236,-0.138308,-0.146259,-0.0991628,SIRA,1,SIRA
1.44932,1.51787,0.801863,2.09056,-0.499051,-0.226789,1.46397,1.45415,0.954243,-1.16127,-1.14195,0.424038,-1.8183,-0.465604,0.389478,0.515214,BARBUNYA,1,unknown
1.03212,1.25966,1.65446,0.0331811,2.1612,1.3975,1.01597,1.08476,0.710516,0.543252,-1.48421,-1.83171,-0.167047,-1.52146,-1.73068,0.0399523,HOROZ,1,HOROZ
1.75261,1.77023,1.38871,1.73055,0.351604,0.553593,1.75633,1.71197,-0.208752,-0.647476,-1.2075,-0.438617,-1.59036,-1.01498,-0.470156,0.709688,BARBUNYA,1,CALI
2.22828,2.16334,1.63365,2.28261,0.23539,0.468946,2.24874,2.10034,0.38677,-1.40359,-1.34669,-0.350848,-1.92075,-1.06471,-0.385458,-0.0585976,BARBUNYA,1,CALI
-0.878423,-0.892698,-0.811818,-0.928361,-0.359576,-0.0684222,-0.868658,-0.92348,0.984625,-0.6842,0.370939,0.264189,0.940296,0.525993,0.225624,0.356698,DERMASON,1,DERMASON
0.663268,0.897984,1.07736,0.0359503,1.39655,1.12369,0.660604,0.741986,0.54904,-0.114829,-1.28707,-1.3058,-0.177956,-1.20206,-1.27335,0.27888,HOROZ,1,HOROZ
0.205405,0.589717,0.984219,-0.762039,2.15065,1.39428,0.200728,0.291636,-3.31152,0.171014,-1.78429,-1.83863,0.75816,-1.34567,-1.73655,-0.543306,HOROZ,1,HOROZ
-1.1314,-1.22206,-1.1126,-1.20025,-0.586057,-0.333602,-1.12836,-1.24924,-0.668129,0.176262,0.712618,0.516991,1.32222,0.98697,0.485715,0.27021,DERMASON,1,DERMASON
2.75945,2.39238,2.13407,2.54569,0.563906,0.694993,2.78892,2.51376,-1.11122,-1.72487,-0.787486,-0.692258,-2.03176,-1.31019,-0.711404,-1.73171,CALI,1,CALI
-0.313419,-0.326556,-0.393479,-0.0242344,-0.499611,-0.227455,-0.318602,-0.25931,-0.476329,0.464731,0.449619,0.418259,-0.116801,0.253265,0.383518,0.288272,SIRA,1,SIRA
-0.552598,-0.55277,-0.340467,-0.766554,0.198525,0.440918,-0.557706,-0.53108,0.851209,0.613847,0.384219,-0.306255,0.731615,-0.144099,-0.342185,0.305549,DERMASON,1,DERMASON
1.06996,1.21256,1.1668,0.761007,0.844072,0.859084,1.05941,1.11902,1.38249,0.21778,-1.14818,-0.89565,-0.825585,-1.09486,-0.901082,-0.439588,HOROZ,1,CALI
2.09913,2.31704,1.62178,2.04445,0.381497,0.574499,2.11602,1.9967,0.496826,-1.25503,-2.24884,-0.475933,-1.78447,-1.10156,-0.505977,0.330376,BARBUNYA,1,unknown
1.41115,1.46577,0.621222,2.32392,-0.815029,-0.649347,1.42672,1.4211,-0.341171,-1.20776,-1.05041,0.807363,-1.96807,-0.216768,0.790867,0.813959,BARBUNYA,1,unknown
9.2326,5.66092,4.25277,8.60947,-0.642182,-0.406108,9.18413,6.51987,1.66794,0.0122235,0.178878,0.551258,-4.21339,-1.42411,0.521369,-0.825833,BOMBAY,1,unknown
-1.12884,-1.1363,-0.906592,-1.54489,0.079005,0.345851,-1.12623,-1.24584,-1.32247,0.225999,0.0983851,-0.188827,1.84723,0.359712,-0.227461,0.383502,DERMASON,1,DERMASON
1.4779,1.47262,0.62343,2.54282,-0.928264,-0.827317,1.49586,1.47881,1.25026,-1.32524,-0.857194,0.899905,-2.05183,-0.178385,0.88956,-0.888075,BARBUNYA,1,unknown
-1.33405,-1.48992,-1.33646,-1.50155,-0.679459,-0.455932,-1.33254,-1.52632,0.839299,0.539253,0.948578,0.641212,1.76088,1.34428,0.615421,0.769156,DERMASON,1,DERMASON
0.485575,0.808392,0.171138,1.02997,-0.535707,-0.270993,0.494703,0.57073,0.349733,-0.817876,-1.59584,0.459844,-1.06798,-0.113603,0.426467,0.303283,BARBUNYA,1,unknown
-0.81628,-0.830851,-0.805118,-0.752967,-0.499501,-0.227325,-0.813078,-0.846448,1.02113,-0.0280363,0.40721,0.422274,0.709503,0.609185,0.387659,0.434731,DERMASON,1,DERMASON
8.03867,5.17314,4.16292,7.1961,-0.177527,0.117444,8.00836,5.88071,0.589231,-0.233293,-0.0369144,0.0355286,-3.86886,-1.53368,-0.00515528,-0.885812,BOMBAY,1,unknown
11.3491,6.97384,5.75472,8.66941,0.258901,0.486518,11.4222,7.58061,-0.90843,-2.04442,-0.784337,-0.400214,-4.2225,-1.84622,-0.433174,-1.08492,BOMBAY,1,unknown
5.70712,3.91991,3.16899,5.58943,-0.203238,0.092494,5.67431,4.52397,-1.23996,0.0722901,0.149066,0.0608859,-3.38689,-1.33872,0.0202276,-0.939574,BOMBAY,1,unknown
1.21139,1.35396,0.455052,2.21562,-0.925903,-0.823438,1.21944,1.24571,0.186996,-0.814836,-1.25597,0.929601,-1.8876,-0.0710329,0.921377,0.222357,BARBUNYA,1,unknown
1.50575,1.64636,1.00899,1.87704,-0.151766,0.14204,1.52503,1.50277,0.680264,-1.38922,-1.48242,0.0318715,-1.66683,-0.70806,-0.00881181,-0.046459,BARBUNYA,1,unknown
-1.35271,-1.52098,-1.30964,-1.61246,-0.531507,-0.26587,-1.35184,-1.55264,0.859895,0.645754,1.01953,0.464781,1.94695,1.19175,0.431574,0.647218,DERMASON,1,DERMASON
2.10419,1.92285,1.98117,1.54691,1.13364,1.00632,2.07309,2.00078,-0.0467284,0.851034,-0.765109,-1.11488,-1.44443,-1.39501,-1.10177,0.00478453,CALI,1,CALI
-0.767866,-0.766057,-0.70863,-0.769211,-0.343281,-0.0508729,-0.765696,-0.787184,-0.776774,0.0513585,0.317818,0.242457,0.738427,0.420402,0.203508,0.215006,DERMASON,1,DERMASON
2.6085,2.24137,2.06484,2.32647,0.64294,0.743693,2.59416,2.39827,0.671599,-0.00117008,-0.607365,-0.725708,-1.93838,-1.30247,-0.742829,-0.388766,CALI,1,CALI
-1.04823,-1.11294,-1.01408,-1.11603,-0.505475,-0.234454,-1.04857,-1.13987,0.814159,0.507688,0.602625,0.436118,1.18496,0.828279,0.401945,0.684408,DERMASON,1,DERMASON
1.74112,1.63125,1.28923,1.96027,0.0900807,0.354941,1.74161,1.70235,1.17542,-0.494603,-0.67327,-0.253112,-1.67849,-0.917465,-0.290405,-1.60066,CALI,1,CALI
0.892922,1.39278,1.68257,-0.227433,2.49686,1.49329,0.898676,0.957313,-3.61058,-0.657633,-2.50223,-2.05847,0.139052,-1.5915,-1.92095,-0.867228,HOROZ,1,HOROZ
1.7471,1.83496,1.5281,1.52993,0.648709,0.74717,1.75226,1.70735,0.972565,-0.715081,-1.47904,-0.714592,-1.43897,-1.14983,-0.732397,0.234361,BARBUNYA,1,CALI
2.15339,1.97307,1.11418,2.99548,-0.687333,-0.466632,2.15042,2.0404,-0.155314,-0.395496,-0.822716,0.640361,-2.33129,-0.521949,0.614528,0.412313,BARBUNYA,1,unknown
2.97321,3.24151,2.08967,2.89083,0.299636,0.516419,3.00911,2.67474,-1.28622,-1.9417,-3.09635,-0.401796,-2.27317,-1.21236,-0.434699,0.286203,BARBUNYA,1,unknown
-0.297128,-0.124918,0.00133283,-0.638362,0.576028,0.702593,-0.299559,-0.241245,-0.685076,0.226719,-0.645871,-0.636546,0.552611,-0.500803,-0.658862,0.822789,SIRA,1,SIRA
-0.532563,-0.662125,-0.909548,0.308046,-1.39588,-1.78091,-0.538663,-0.507822,0.61332,0.690086,1.25447,1.59659,-0.465433,1.43075,1.65489,0.936833,SEKER,1,SEKER
0.556126,1.02047,1.2903,-0.432514,2.19521,1.40779,0.558546,0.639234,-0.766654,-0.403743,-2.23074,-1.85727,0.343396,-1.43748,-1.75234,-0.137243,HOROZ,1,HOROZ
1.85535,2.54522,1.4945,1.85381,0.378741,0.572585,1.93204,1.79744,-1.80898,-3.96057,-3.6132,-0.51965,-1.61367,-1.07619,-0.547798,-1.42543,BARBUNYA,1,unknown
-0.531774,-0.473084,-0.404386,-0.60605,-0.0409425,0.243479,-0.530594,-0.506909,1.26321,0.0281456,0.0123342,-0.0726693,0.533702,0.0139633,-0.112875,0.27216,SIRA,1,SIRA
2.61736,2.75026,1.43826,3.34269,-0.564158,-0.306096,2.62954,2.4051,1.05102,-1.05728,-2.39378,0.483063,-2.49582,-0.712087,0.450507,-0.0309882,BARBUNYA,1,unknown
0.139517,0.406029,0.653618,-0.507389,1.37855,1.11609,0.135594,0.224261,-0.794602,0.144527,-1.21033,-1.29553,0.419983,-1.05302,-1.2642,0.158437,HOROZ,1,HOROZ
1.55548,1.34673,0.889879,2.16445,-0.451493,-0.17109,1.53988,1.54536,-0.0535664,0.322919,-0.0386025,0.367839,-1.86163,-0.528381,0.331634,0.424393,BARBUNYA,1,CALI
-0.61415,-0.62408,-0.603675,-0.502853,-0.414002,-0.128444,-0.610963,-0.603127,-0.688661,-0.119864,0.440462,0.322439,0.409615,0.373149,0.285093,0.296206,DERMASON,1,DERMASON
1.96591,2.3453,1.12591,2.61529,-0.471987,-0.194869,2.00944,1.88841,-0.0354698,-2.44244,-2.69645,0.378286,-2.11496,-0.626553,0.342369,-0.0216305,BARBUNYA,1,unknown
-0.462799,-0.550287,-0.555711,-0.152703,-0.620976,-0.378366,-0.470882,-0.427563,0.343055,0.815802,0.957299,0.558371,0.0176678,0.45926,0.528783,0.292151,DERMASON,1,DERMASON
-0.51187,-0.541288,-0.619549,-0.165979,-0.697601,-0.480682,-0.517102,-0.483901,-0.910188,0.596503,0.576307,0.638655,0.0445954,0.559023,0.612738,-0.0736485,DERMASON,1,DERMASON
2.11569,2.26506,1.51245,2.27051,0.120031,0.379229,2.13551,2.01005,-1.43462,-1.38214,-2.02333,-0.245449,-1.90879,-0.991126,-0.282919,-0.237029,BARBUNYA,1,unknown
1.78185,1.56257,1.11564,2.28563,-0.29241,0.00271875,1.77221,1.73638,-0.342562,-0.025855,-0.247348,0.164947,-1.90852,-0.701924,0.124941,-0.594572,BARBUNYA,1,CALI
-1.37518,-1.52256,-1.3993,-1.51835,-0.768776,-0.5811,-1.36223,-1.58454,-0.53934,-0.981177,0.805624,0.733468,1.81086,1.49333,0.712562,0.229069,DERMASON,1,DERMASON
2.5614,2.10226,1.89168,2.55822,0.316216,0.528396,2.58151,2.36192,1.13299,-1.3736,-0.181451,-0.467275,-2.04215,-1.17801,-0.497676,-1.60734,CALI,1,CALI
-1.4117,-1.44969,-1.10549,-2.14722,0.407821,0.592627,-1.40864,-1.63687,-1.17084,0.404102,-0.135849,-0.494061,2.92971,0.374,-0.523337,0.551065,DERMASON,1,DERMASON
-0.907853,-1.01778,-0.961929,-0.764371,-0.721649,-0.514008,-0.909908,-0.96035,0.41709,0.582323,1.04137,0.69195,0.71117,0.92691,0.66876,0.772873,DERMASON,1,DERMASON
2.24956,2.70863,1.45029,2.62812,-0.161022,0.133248,2.27921,2.11729,0.042145,-1.78963,-3.14296,0.0354891,-2.11603,-0.874336,-0.00519478,-0.264116,BARBUNYA,1,unknown
0.532938,0.954871,1.318,-0.509697,2.32661,1.44626,0.534144,0.616793,-2.94781,-0.32235,-2.04532,-1.9397,0.434845,-1.46939,-1.82181,-0.173231,HOROZ,1,HOROZ
1.04046,1.21834,1.31804,0.473284,1.28408,1.07521,1.03211,1.09233,1.2445,0.105999,-1.27883,-1.22656,-0.591373,-1.2503,-1.2025,0.113793,HOROZ,1,HOROZ
9.22485,6.60351,5.59976,6.62113,1.07343,0.977373,9.35203,6.51582,0.479021,-3.17334,-2.21457,-1.14612,-3.66852,-1.97163,-1.13004,-3.10613,BOMBAY,1,unknown
8.93522,5.78613,5.15569,6.7765,0.686649,0.769782,8.90235,6.36369,1.1743,-0.253002,-0.552271,-0.77793,-3.75224,-1.85206,-0.791709,-0.969152,BOMBAY,1,unknown
8.55973,5.62618,4.82493,6.84675,0.424645,0.604077,8.50806,6.1637,1.02238,0.1413,-0.605622,-0.562755,-3.76266,-1.76659,-0.588882,-1.48765,BOMBAY,1,unknown
1.37647,1.66752,1.91283,0.345671,2.1584,1.39665,1.36191,1.39093,1.26167,0.329399,-1.97349,-1.82882,-0.473116,-1.5795,-1.72823,0.0879659,HOROZ,1,HOROZ
0.427898,0.464777,0.497283,0.351326,0.359756,0.559328,0.424662,0.514214,-0.182147,-0.0076877,-0.186602,-0.45373,-0.489172,-0.672934,-0.484677,0.419427,SIRA,1,SIRA
0.222681,0.234378,0.344963,0.120556,0.357276,0.557586,0.214026,0.309189,-1.21486,0.441212,0.0768564,-0.457508,-0.259734,-0.602627,-0.488304,0.189581,SIRA,1,SIRA
2.46325,2.44375,1.72772,2.57863,0.141612,0.396469,2.46377,2.28569,1.29613,-0.5795,-1.74054,-0.268189,-2.08702,-1.06697,-0.305118,-0.307986,BARBUNYA,1,unknown
0.928592,1.56115,1.72511,-0.239054,2.56896,1.5123,0.935084,0.990184,-3.08603,-0.703775,-3.00943,-2.08107,0.120699,-1.6072,-1.93968,0.0117106,HOROZ,1,HOROZ
-0.186834,-0.0710672,-0.117231,-0.148679,-0.030723,0.252491,-0.181168,-0.120334,-1.18855,-0.469422,-0.339881,-0.0891217,0.0219578,-0.187108,-0.129172,0.0452597,SIRA,1,SIRA
-0.429757,-0.326784,-1.00492,0.886076,-1.83396,-3.25165,-0.418272,-0.389931,0.672519,-0.91037,-0.248353,2.25606,-0.937207,1.99177,2.41568,-0.194143,SEKER,1,SEKER
-0.382723,-0.484615,-0.742338,0.427155,-1.25703,-1.45273,-0.388319,-0.336776,0.364245,0.542508,1.03719,1.3886,-0.568036,1.11206,1.42228,0.69457,SEKER,1,SEKER
1.26039,1.18703,0.451847,2.33803,-0.993646,-0.937801,1.2543,1.28911,1.81783,-0.0768528,-0.348511,1.01425,-1.95871,-0.0314186,1.01246,0.128266,BARBUNYA,1,unknown
0.435124,0.589129,0.146475,0.935202,-0.502087,-0.230407,0.452485,0.52132,0.0799953,-1.34495,-0.781754,0.433636,-1.00524,-0.110523,0.399383,0.732933,BARBUNYA,1,unknown
-0.188739,0.0872686,0.382274,-0.861851,1.37284,1.11367,-0.184267,-0.122402,-1.01545,-0.374358,-1.20664,-1.31501,0.897461,-0.954006,-1.28155,-0.807701,HOROZ,1,HOROZ
-0.644828,-0.823096,-0.9714,0.0880516,-1.34016,-1.64362,-0.655892,-0.639379,0.624824,1.252,1.61243,1.51128,-0.248352,1.4511,1.55905,0.814576,SEKER,1,SEKER
-0.664272,-0.648844,-0.436891,-0.920851,0.200999,0.442817,-0.665123,-0.662479,-1.03293,0.288294,0.262896,-0.309113,0.93301,-0.0792083,-0.344964,0.286587,DERMASON,1,DERMASON
1.91066,2.15934,1.47038,1.91359,0.312042,0.525391,1.91519,1.84308,0.305124,-0.699984,-2.20848,-0.406211,-1.70692,-1.03099,-0.438956,0.554651,BARBUNYA,1,unknown
-0.236036,-0.29612,-0.788526,0.962721,-1.61851,-2.42333,-0.240428,-0.173976,0.29144,0.355867,0.721571,1.93356,-1.02965,1.50099,2.03921,0.809481,SEKER,1,SEKER
0.173216,0.452582,0.575868,-0.315933,1.0708,0.976088,0.176198,0.258808,0.37366,-0.355684,-1.28253,-1.0713,0.213385,-0.941973,-1.06218,-0.20548,HOROZ,1,HOROZ
-0.685819,-0.875674,-1.0908,0.2057,-1.56713,-2.25963,-0.693591,-0.688187,0.847647,0.973353,1.6989,1.85724,-0.36849,1.83701,1.95135,0.95582,SEKER,1,SEKER
0.469481,0.89052,1.25663,-0.557582,2.29704,1.43777,0.4683,0.555006,-1.82379,-0.153774,-2.01978,-1.92502,0.497412,-1.4489,-1.80948,-0.325547,HOROZ,1,HOROZ
1.01622,1.30952,0.529003,1.63693,-0.517042,-0.248343,1.04218,1.07032,-0.787488,-1.78735,-1.74719,0.43558,-1.51251,-0.325626,0.40139,0.199804,BARBUNYA,1,unknown
2.0609,1.84854,1.57157,2.12163,0.277541,0.500285,2.07399,1.96577,0.359576,-1.08957,-0.591043,-0.424404,-1.78814,-1.06929,-0.456482,-1.34095,CALI,1,CALI
1.86527,1.87448,1.58037,1.65968,0.609566,0.723372,1.86284,1.80564,-1.45347,-0.376506,-1.27949,-0.67124,-1.53948,-1.1517,-0.691612,0.608026,BARBUNYA,1,CALI
0.275759,0.480231,0.793149,-0.408406,1.46948,1.15384,0.270639,0.362825,0.399852,0.173412,-0.952887,-1.35162,0.290012,-1.12288,-1.31409,0.574704,HOROZ,1,HOROZ
2.74053,2.30122,1.42637,3.60487,-0.705702,-0.491841,2.7407,2.49937,0.362572,-0.592641,-0.486862,0.647094,-2.61889,-0.648125,0.621593,-0.117623,BARBUNYA,1,unknown
0.821713,0.855858,0.693269,0.934575,0.142703,0.397335,0.8287,0.891239,-1.01977,-0.720695,-0.461966,-0.259317,-0.984482,-0.684835,-0.296462,0.0622888,BARBUNYA,1,SIRA
1.78559,1.86237,0.983192,2.54784,-0.575214,-0.319928,1.82985,1.7395,0.0699163,-2.52496,-1.46989,0.465115,-2.04905,-0.532167,0.43192,-1.10835,BARBUNYA,1,unknown
-0.71308,-0.749518,-0.681065,-0.662913,-0.393009,-0.105033,-0.713731,-0.720884,-0.842116,0.298986,0.596761,0.304568,0.595164,0.430131,0.26682,0.487303,DERMASON,1,DERMASON
-0.456756,-0.486911,-0.524222,-0.209558,-0.535139,-0.270299,-0.458165,-0.420662,0.459092,0.221901,0.578831,0.474195,0.0598899,0.387537,0.44132,0.832574,DERMASON,1,DERMASON
0.270767,0.307113,0.479746,0.0230436,0.619444,0.729424,0.25605,0.357798,0.374422,0.835375,-0.0853903,-0.686238,-0.167528,-0.756006,-0.705739,0.357693,SIRA,1,SIRA
10.4701,6.46714,5.3229,8.35556,0.114733,0.374964,10.4088,7.15029,1.25421,0.121309,-0.48889,-0.268266,-4.14889,-1.76884,-0.305193,-1.27618,BOMBAY,1,unknown
-0.0142645,-0.0129139,-0.109393,0.282136,-0.357789,-0.0664888,-0.0179135,0.0642179,1.08601,0.189616,0.260062,0.254449,-0.412875,-0.0311983,0.215708,0.0778311,SIRA,1,SIRA
1.43756,1.61428,1.05704,1.64192,0.0538228,0.324961,1.45164,1.44398,1.21563,-1.13278,-1.57174,-0.164922,-1.52021,-0.799799,-0.203969,0.352826,BARBUNYA,1,unknown
1.3967,1.29701,0.966141,1.70359,-0.0856443,0.203393,1.38741,1.40854,0.070412,0.0536042,-0.364316,-0.0236161,-1.56386,-0.711196,-0.0641566,0.409157,BARBUNYA,1,CALI
-0.433501,-0.396005,-0.230522,-0.617326,0.220365,0.457593,-0.439897,-0.394184,-0.10056,0.645616,0.149358,-0.329419,0.549559,-0.226894,-0.364683,0.213706,SIRA,1,DERMASON
8.3147,5.33851,4.46074,7.06006,0.0807937,0.347323,8.23836,6.03144,0.0296863,0.661288,-0.130473,-0.221512,-3.8344,-1.64077,-0.259506,-0.764935,BOMBAY,1,unknown
1.02956,1.03361,0.487,1.77018,-0.642496,-0.406523,1.02862,1.08243,0.924596,-0.303032,-0.493041,0.561718,-1.5843,-0.249626,0.532272,-0.474228,BARBUNYA,1,unknown
0.958678,1.32869,0.720507,1.17605,-0.000327754,0.278969,0.986597,1.0178,-0.813001,-1.90623,-2.025,-0.109711,-1.1845,-0.638892,-0.149535,0.408709,BARBUNYA,1,unknown
8.88109,6.01628,5.3083,6.63818,0.860232,0.867859,9.01487,6.33506,0.0758043,-3.35301,-1.22008,-0.980655,-3.67068,-1.90944,-0.979359,-3.25699,BOMBAY,1,unknown
-0.562255,-0.614652,-0.526884,-0.493407,-0.312658,-0.0183982,-0.56726,-0.542323,0.00215481,0.611297,0.727848,0.217335,0.390898,0.254358,0.17799,0.505653,DERMASON,1,DERMASON
7.81775,5.1079,3.82034,7.52436,-0.533232,-0.267972,7.81089,5.75873,0.891818,-0.700377,-0.162309,0.40785,-3.94515,-1.37991,0.372791,-1.42712,BOMBAY,1,unknown
-0.308033,-0.449032,-0.576072,0.309394,-0.972094,-0.900714,-0.319828,-0.253331,0.36139,1.01455,1.27376,1.00779,-0.464127,0.724909,1.00549,0.857609,SEKER,1,SEKER
-0.240765,-0.422069,-0.618805,0.592848,-1.20469,-1.34028,-0.256437,-0.179157,0.0881134,1.27947,1.51413,1.31587,-0.716942,0.941875,1.34177,0.715268,SEKER,1,SEKER
-0.59602,-0.463981,-0.376139,-0.835057,0.210266,0.449908,-0.594566,-0.58181,0.0120316,0.0336433,-0.451588,-0.311752,0.81142,-0.122577,-0.347528,0.517972,DERMASON,1,SIRA
1.08566,1.38499,0.768243,1.35946,-0.0733932,0.214488,1.10931,1.13319,-0.49842,-1.65202,-1.81482,-0.027113,-1.331,-0.627989,-0.067636,0.738792,BARBUNYA,1,unknown
1.31282,1.33217,1.03232,1.52242,0.108312,0.369777,1.3561,1.33527,0.883489,-2.62617,-0.812328,-0.283084,-1.36825,-0.833118,-0.319637,-2.05617,CALI,1,CALI
0.099183,0.157659,0.236162,0.022926,0.297537,0.514895,0.0967328,0.182668,-0.917544,0.0546264,-0.114967,-0.423774,-0.134208,-0.534532,-0.455877,-0.617622,SIRA,1,SIRA
-0.574211,-0.525855,-0.509847,-0.543728,-0.246269,0.0498144,-0.576556,-0.556274,-0.382531,0.373764,0.0707516,0.134985,0.465182,0.198126,0.0947004,0.0998511,DERMASON,1,DERMASON
-1.26646,-1.40455,-1.19204,-1.52672,-0.415747,-0.130405,-1.26618,-1.43214,0.200804,0.633837,0.910509,0.338829,1.79951,0.967096,0.301876,0.81162,DERMASON,1,DERMASON
-0.00230882,-0.120318,-0.256302,0.549503,-0.730535,-0.526476,-0.0110708,0.076805,0.126569,0.567365,0.968663,0.704163,-0.682184,0.294048,0.68163,0.823942,SIRA,1,SEKER
0.113569,0.37477,0.746334,-0.664247,1.68584,1.23782,0.107384,0.197534,1.5145,0.318127,-1.17709,-1.53037,0.633797,-1.16801,-1.47139,-0.500674,HOROZ,1,HOROZ
-0.539723,-0.562531,-0.5415,-0.392792,-0.415343,-0.12995,-0.54131,-0.516123,-0.519692,0.283601,0.532553,0.319666,0.28764,0.319906,0.282256,0.14439,DERMASON,1,DERMASON
0.449051,0.870813,0.448224,0.473936,0.198939,0.441236,0.48644,0.534995,-0.915993,-2.62191,-2.01627,-0.302266,-0.603359,-0.589557,-0.338306,0.47006,BARBUNYA,1,unknown
7.90151,5.35706,4.46668,6.63951,0.268999,0.493994,7.92295,5.80512,-1.03902,-1.28249,-0.753764,-0.450912,-3.68261,-1.69302,-0.48197,-2.63443,BOMBAY,1,unknown
0.690529,0.853319,1.13048,0.0594521,1.44305,1.14303,0.682875,0.767891,0.295137,0.180773,-0.974646,-1.36738,-0.163158,-1.23876,-1.32806,-0.857081,HOROZ,1,HOROZ
-1.05842,-1.04783,-0.855326,-1.40637,0.0216592,0.297822,-1.05276,-1.15313,0.222454,-0.172329,0.0490304,-0.13458,1.63068,0.343474,-0.174085,0.298568,DERMASON,1,DERMASON
1.80825,1.86198,1.13696,2.24411,-0.245875,0.0502102,1.81049,1.75837,-0.101484,-0.584396,-1.40071,0.152715,-1.91883,-0.714993,0.112586,0.756431,BARBUNYA,1,unknown
7.92765,5.02616,4.08863,7.1217,-0.197773,0.0978314,7.87389,5.81957,-0.439217,0.258448,0.241825,0.0783485,-3.86272,-1.51078,0.0377382,-0.0992027,BOMBAY,1,unknown
2.51725,2.41054,1.88643,2.4009,0.413136,0.596256,2.50953,2.32771,-0.597226,-0.251312,-1.48306,-0.504524,-2.00112,-1.18804,-0.533346,0.335414,BARBUNYA,1,CALI
-1.01447,-1.01866,-0.859431,-1.2627,-0.126529,0.165754,-1.01022,-1.09612,1.04722,-0.0355979,0.196488,0.0140924,1.41445,0.429751,-0.0265724,0.255805,DERMASON,1,DERMASON
9.42862,6.04653,5.2804,7.14835,0.598641,0.716643,9.35984,6.62178,0.94768,0.362218,-0.627949,-0.691264,-3.86229,-1.84939,-0.710469,-0.532458,BOMBAY,1,unknown
8.21498,5.19137,3.95988,7.71636,-0.512556,-0.242943,8.1365,5.9772,0.794538,0.720644,0.160344,0.427577,-4.01932,-1.40141,0.39313,0.097634,BOMBAY,1,unknown
-0.682206,-0.772289,-0.753603,-0.442861,-0.673867,-0.44837,-0.684811,-0.683868,-0.579482,0.468987,0.975341,0.62741,0.331555,0.676891,0.600948,0.520564,DERMASON,1,DERMASON
-1.08942,-1.1664,-0.963801,-1.34004,-0.219886,0.0761212,-1.0904,-1.19374,-0.434366,0.618288,0.653904,0.128681,1.50459,0.5946,0.0883481,0.88328,DERMASON,1,DERMASON
0.0231134,0.0365998,-0.170274,0.485343,-0.580157,-0.326148,0.0192691,0.103487,-1.15535,0.187777,0.172886,0.505441,-0.601997,0.131663,0.473719,0.105133,SIRA,1,SIRA
0.518814,0.870425,1.22082,-0.431185,2.09585,1.37734,0.508194,0.60309,-0.983202,0.434225,-1.73697,-1.788,0.332151,-1.39762,-1.69353,0.131025,HOROZ,1,HOROZ
7.4491,4.89606,4.0513,6.57493,0.00543283,0.283932,7.37858,5.55236,1.19352,0.684706,-0.0754235,-0.142433,-3.70144,-1.55746,-0.181826,-0.586829,BOMBAY,1,unknown
-0.349812,-0.359897,-0.331371,-0.237786,-0.249289,0.0467743,-0.350749,-0.299864,0.0948842,0.127483,0.437618,0.149124,0.102321,0.0711374,0.108962,0.495158,SIRA,1,SIRA
1.80792,1.91027,2.00278,1.01304,1.6139,1.21077,1.79403,1.7581,-0.936925,0.167064,-1.58769,-1.47762,-1.03383,-1.50284,-1.42524,-0.387417,HOROZ,1,CALI
2.23748,2.05734,1.40565,2.6537,-0.219683,0.0763215,2.24015,2.10767,1.02627,-0.648067,-0.914633,0.112794,-2.1449,-0.831467,0.0723505,0.314732,BARBUNYA,1,unknown
0.80378,0.960211,0.435676,1.31166,-0.41569,-0.13034,0.820308,0.874503,0.794954,-1.27596,-1.01956,0.326064,-1.28493,-0.322776,0.288803,0.358651,BARBUNYA,1,unknown
-0.416685,-0.5742,-0.873817,0.596414,-1.51998,-2.11829,-0.42363,-0.37511,0.0149734,0.68187,1.42431,1.77973,-0.72313,1.50495,1.86262,0.812977,SEKER,1,SEKER
-0.377664,-0.445297,-0.396934,-0.21121,-0.360168,-0.0690643,-0.388513,-0.331088,-0.386221,0.990133,0.810506,0.27708,0.0629693,0.183818,0.238762,0.795423,DERMASON,1,DERMASON
0.0193691,0.357961,0.585211,-0.613033,1.39492,1.123,0.0297913,0.0995644,-1.26212,-0.864918,-1.5364,-1.36411,0.632947,-1.05188,-1.32516,-2.1503,HOROZ,1,HOROZ
-0.804456,-0.809034,-0.63989,-1.00403,-0.0290088,0.253997,-0.803589,-0.831914,-0.579469,0.203669,0.344572,-0.0752454,1.03209,0.192235,-0.115428,0.619863,DERMASON,1,DERMASON
0.555929,0.839872,1.08094,-0.136189,1.5773,1.19668,0.55861,0.639043,-0.412064,-0.420126,-1.45292,-1.47355,0.0550454,-1.25786,-1.42167,-1.28249,HOROZ,1,HOROZ
-0.850242,-0.751662,-0.494429,-1.357,0.557164,0.690745,-0.844516,-0.88841,0.198962,-0.272493,-0.365548,-0.62991,1.54865,-0.195109,-0.652587,0.442253,DERMASON,1,DERMASON
8.51171,5.63879,4.93712,6.57495,0.629875,0.73578,8.46746,6.13789,-0.357926,0.00165253,-0.702818,-0.72454,-3.69797,-1.81469,-0.741735,-0.777726,BOMBAY,1,unknown
-0.720832,-0.787078,-0.797991,-0.484952,-0.704144,-0.489689,-0.720315,-0.730217,0.218822,0.189226,0.800507,0.669904,0.372527,0.744478,0.645558,0.739272,DERMASON,1,DERMASON
9.2391,5.79553,4.65367,7.87672,-0.123293,0.168768,9.16108,6.52326,1.07018,0.556025,-0.190134,-0.00119765,-4.05396,-1.61995,-0.0418259,-0.180978,BOMBAY,1,unknown
1.91947,1.5692,1.33512,2.14172,0.0206027,0.296922,1.89047,1.85032,1.30325,0.82928,0.169142,-0.124819,-1.85282,-0.889176,-0.164454,0.620914,BARBUNYA,1,CALI
-0.58229,-0.656564,-0.563505,-0.497205,-0.361535,-0.0705451,-0.592952,-0.565721,-0.242284,1.15268,0.875125,0.279273,0.383918,0.316634,0.240997,0.820386,DERMASON,1,DERMASON
-0.678724,-0.79365,-0.735754,-0.465764,-0.630893,-0.391287,-0.68068,-0.679709,0.575115,0.403817,1.15167,0.577332,0.357103,0.631482,0.548563,0.547898,SIRA,1,DERMASON
-0.953048,-0.945815,-0.940927,-0.93545,-0.549092,-0.287419,-0.944702,-1.01748,-0.0792814,-0.514145,0.16915,0.478842,0.946866,0.776889,0.446134,0.431246,DERMASON,1,DERMASON
-0.238072,-0.189248,-0.220605,-0.117287,-0.195886,0.0996697,-0.232746,-0.176206,-1.08538,-0.429818,0.0573463,0.0854029,-0.0177134,-0.0373694,0.044819,0.228652,SIRA,1,SIRA
-0.576641,-0.576621,-0.430364,-0.694893,0.00048707,0.279672,-0.579461,-0.559114,0.914552,0.419165,0.380501,-0.107761,0.633842,0.0153354,-0.147608,0.510771,DERMASON,1,DERMASON
1.67648,1.61514,1.27222,1.77206,0.197822,0.440378,1.66983,1.64804,0.355416,-0.144089,-0.811677,-0.300385,-1.61243,-0.927847,-0.336477,0.500749,BARBUNYA,1,CALI
-0.632412,-0.832836,-1.09566,0.396013,-1.68279,-2.64407,-0.6424,-0.62468,0.698989,1.13685,1.77595,2.03778,-0.544223,1.96841,2.15995,0.84223,SEKER,1,SEKER
-0.728518,-0.848808,-1.03899,-0.042847,-1.3465,-1.65885,-0.732387,-0.739486,0.872948,0.626456,1.18253,1.52353,-0.118929,1.54381,1.57278,0.913737,SEKER,1,SEKER
-0.320908,-0.464133,-0.736971,0.602427,-1.35548,-1.68058,-0.325767,-0.267633,0.339981,0.442093,1.29372,1.52853,-0.7233,1.19097,1.57838,0.650674,SEKER,1,SEKER
1.62596,1.57004,1.37974,1.53939,0.478539,0.640066,1.60282,1.60534,-0.198385,0.668251,-0.784505,-0.579132,-1.43126,-1.05901,-0.604451,-0.273513,CALI,1,CALI
7.31378,4.92169,4.06788,6.42753,0.0819333,0.34826,7.329,5.47569,1.03933,-1.15694,-0.354911,-0.244124,-3.64018,-1.58433,-0.281624,-1.56144,BOMBAY,1,unknown
10.008,6.13451,5.20953,7.93653,0.210732,0.450264,9.98691,6.9184,-0.197526,-0.52828,-0.159342,-0.339272,-4.06316,-1.7693,-0.37424,-0.498268,BOMBAY,1,unknown
-0.32774,-0.554064,-0.922559,0.977517,-1.7835,-3.03284,-0.341066,-0.275235,0.611659,1.15977,1.87011,2.20731,-1.04544,1.84705,2.35822,0.94175,SEKER,1,SEKER
1.14537,1.40553,1.66108,0.223611,1.96527,1.33544,1.13843,1.18684,0.989398,-0.00169139,-1.6949,-1.69803,-0.366087,-1.48487,-1.61657,0.358529,HOROZ,1,HOROZ
-0.266516,0.00225566,0.0397342,-0.602851,0.596913,0.715576,-0.260181,-0.207445,-1.31812,-0.504757,-1.16978,-0.668244,0.528813,-0.535039,-0.688788,0.299535,SIRA,1,SIRA
-0.103932,-0.0896192,-0.167787,0.131089,-0.319856,-0.025973,-0.113517,-0.0309946,0.426915,0.690962,0.221481,0.228895,-0.285245,-0.00428095,0.189726,0.641359,SIRA,1,SIRA
-0.78061,-0.841932,-0.75872,-0.717756,-0.460616,-0.181634,-0.783061,-0.802722,0.365153,0.524221,0.747539,0.369878,0.676544,0.536099,0.333729,0.133489,DERMASON,1,DERMASON
-0.356052,-0.427195,-0.40451,-0.124269,-0.438274,-0.155929,-0.366177,-0.306846,1.39598,0.91108,0.828316,0.35106,-0.0146534,0.227343,0.314415,0.353581,DERMASON,1,DERMASON
8.06495,5.33136,4.53984,6.54552,0.363348,0.561847,7.98441,5.89514,-0.272638,0.787874,-0.456031,-0.458154,-3.7104,-1.70511,-0.488924,0.37626,BOMBAY,1,unknown
-0.39816,-0.40867,-0.223002,-0.548565,0.168367,0.417546,-0.408911,-0.35417,-1.30277,0.998498,0.44737,-0.268791,0.451483,-0.203452,-0.305706,0.630336,SIRA,1,DERMASON
7.91478,5.35291,4.36442,6.82785,0.114374,0.374674,8.01552,5.81245,0.243827,-2.88588,-0.723975,-0.308767,-3.7337,-1.646,-0.344627,-2.79052,BOMBAY,1,unknown
7.77473,5.04518,4.13528,6.87921,-0.0659487,0.22119,7.70464,5.73482,1.85525,0.620464,-0.0393634,-0.0737265,-3.78597,-1.5551,-0.113923,-0.694165,BOMBAY,1,unknown
-0.470748,-0.471534,-0.45172,-0.367494,-0.31036,-0.0159868,-0.472884,-0.436652,0.312548,0.293689,0.390755,0.217017,0.243187,0.195109,0.177667,0.583555,DERMASON,1,DERMASON
1.47888,1.3116,1.21411,1.47148,0.345023,0.548944,1.4537,1.47966,0.68431,0.830281,-0.143584,-0.437724,-1.40544,-0.954919,-0.469298,0.513864,CALI,1,CALI
0.264001,0.754326,0.39781,0.125036,0.422391,0.60255,0.304723,0.35098,-0.227358,-2.92827,-2.26549,-0.508288,-0.274923,-0.648411,-0.536943,0.51108,BARBUNYA,1,unknown
1.34888,1.27011,0.334473,2.77957,-1.32677,-1.61178,1.34971,1.36686,0.262466,-0.454509,-0.410877,1.47035,-2.20905,0.251856,1.51328,0.110779,BARBUNYA,1,unknown
2.02464,1.85487,1.41017,2.22763,0.04307,0.315946,2.01364,1.93632,1.43457,-0.0184518,-0.725555,-0.149576,-1.90291,-0.924097,-0.188864,0.528484,BARBUNYA,1,CALI
-0.284515,-0.28223,-0.333379,-0.0256983,-0.41854,-0.133548,-0.284647,-0.227296,0.478467,0.0308427,0.347963,0.305979,-0.089355,0.150776,0.268261,-0.469054,DERMASON,1,SIRA
-0.626237,-0.784844,-0.996708,0.198912,-1.44159,-1.89978,-0.63446,-0.617383,0.999024,0.96325,1.46812,1.66239,-0.358964,1.58133,1.72921,0.865888,SEKER,1,SEKER
1.81975,2.00629,1.13975,2.30858,-0.281616,0.0138631,1.8387,1.76792,1.2889,-1.35701,-1.91298,0.16146,-1.9299,-0.712883,0.121418,-0.303961,BARBUNYA,1,unknown
2.1369,2.1328,1.29528,2.64839,-0.324618,-0.0310036,2.1401,2.02714,-0.362425,-0.660981,-1.48541,0.223538,-2.14066,-0.751026,0.184287,0.263432,BARBUNYA,1,unknown
1.19635,1.16498,0.65094,1.80175,-0.485952,-0.211264,1.20995,1.23234,-0.104746,-1.10793,-0.479799,0.414199,-1.63743,-0.396653,0.379333,0.692608,BARBUNYA,1,unknown
1.45779,1.44968,0.751391,2.32513,-0.684081,-0.462206,1.50393,1.46147,0.856532,-2.718,-0.826291,0.555996,-1.88517,-0.388114,0.526307,-2.37933,BARBUNYA,1,unknown
-0.122522,-0.0816713,-0.150797,0.0869493,-0.263848,0.0320373,-0.123522,-0.050917,-0.428689,0.0330484,0.0729382,0.141369,-0.20826,-0.0574397,0.101138,-0.344442,SIRA,1,SIRA
9.68672,6.08505,5.09526,7.7158,0.227869,0.463276,9.64,6.75475,0.77611,-0.0599671,-0.415441,-0.348375,-4.01365,-1.75666,-0.383062,-0.232119,BOMBAY,1,unknown
1.11397,1.33995,0.782448,1.40253,-0.086771,0.202369,1.12648,1.15868,0.452732,-1.04856,-1.53339,-0.0174199,-1.35819,-0.630511,-0.0579887,0.594256,BARBUNYA,1,unknown
1.55108,1.6918,0.971402,2.01312,-0.2763,0.0193221,1.58584,1.5416,0.0888537,-2.1378,-1.51991,0.17679,-1.76796,-0.637799,0.136914,0.453706,BARBUNYA,1,unknown
1.57991,1.54173,0.91007,2.18767,-0.444353,-0.162884,1.58061,1.56621,-0.576457,-0.482413,-0.814484,0.355074,-1.8714,-0.542436,0.318532,0.254783,BARBUNYA,1,unknown
-0.821864,-0.839054,-0.781394,-0.815385,-0.411685,-0.125843,-0.822438,-0.853324,-0.899022,0.362437,0.422481,0.327348,0.784295,0.533217,0.290118,0.562911,DERMASON,1,DERMASON
0.140568,-0.0992757,-0.373894,1.16454,-1.24753,-1.4319,0.12023,0.225341,1.04191,1.32185,1.62813,1.37756,-1.18639,0.746846,1.41003,0.772454,SEKER,1,SEKER
1.92866,1.80952,1.04004,2.66317,-0.582478,-0.329077,1.919,1.85787,0.196989,-0.0576996,-0.829783,0.522956,-2.15795,-0.534821,0.491915,0.62566,BARBUNYA,1,unknown
2.78639,2.21987,1.79354,3.01951,-0.0583738,0.227978,2.762,2.5342,0.563044,0.354606,-0.0396338,-0.0468274,-2.3477,-1.01557,-0.0872339,0.574672,BARBUNYA,1,CALI
-0.180067,-0.365002,-0.592216,0.709182,-1.24205,-1.41996,-0.193498,-0.112994,0.745533,1.04778,1.50518,1.37222,-0.821628,0.948252,1.40411,0.85095,SEKER,1,SEKER
1.39197,1.54953,0.972467,1.67847,-0.0623006,0.224463,1.39496,1.40443,-1.02023,-0.57087,-1.45915,-0.0440796,-1.55012,-0.721445,-0.0845043,0.529364,BARBUNYA,1,unknown
-0.376416,-0.326922,-0.318372,-0.335906,-0.15082,0.142935,-0.376699,-0.329685,1.12338,0.0844069,0.0731589,0.0495503,0.205858,0.01284,0.00887407,0.633829,SIRA,1,SIRA
0.452138,0.659906,0.288465,0.772389,-0.220976,0.0750429,0.470624,0.538023,-0.839289,-1.41604,-1.05006,0.0946719,-0.836699,-0.342508,0.0541289,-0.390992,BARBUNYA,1,SIRA
-1.02051,-1.09974,-1.08726,-0.877453,-0.817794,-0.653504,-1.0159,-1.10392,-0.878768,-0.0731356,0.735005,0.792006,0.880176,1.13039,0.774558,0.168392,DERMASON,1,DERMASON
7.04628,5.01555,4.10694,5.9547,0.328255,0.537023,7.01011,5.32266,-1.71961,-0.0132306,-1.02162,-0.454059,-3.51114,-1.63959,-0.484993,-0.689644,BOMBAY,1,unknown
-0.530855,-0.619916,-1.15292,0.86745,-2.00025,-4.13779,-0.528528,-0.505844,0.68953,-0.0759924,0.975052,2.58185,-0.952737,2.4428,2.80456,0.817382,SEKER,1,SEKER
-0.00795821,-0.0153487,-0.123435,0.309505,-0.395855,-0.108187,-0.010038,0.0708604,0.0178844,0.0693263,0.307973,0.306945,-0.451288,0.00317984,0.269249,0.459996,SIRA,1,SIRA
10.3505,6.45015,5.23439,8.26296,0.0955754,0.359429,10.2952,7.09062,0.515344,0.0301548,-0.581851,-0.214046,-4.14908,-1.74645,-0.252193,0.0476657,BOMBAY,1,unknown
-1.08555,-1.16654,-0.966322,-1.27923,-0.281648,0.0138297,-1.08323,-1.18865,1.63523,0.230174,0.688019,0.14974,1.47957,0.60934,0.109583,-0.727069,DERMASON,1,DERMASON
3.11346,2.54338,2.12259,3.07113,0.221188,0.458218,3.09348,2.7788,-0.274218,0.112694,-0.456206,-0.322555,-2.37252,-1.19725,-0.358021,0.500994,BARBUNYA,1,CALI
-0.486974,-0.42559,-0.816878,0.282716,-1.26213,-1.46399,-0.476563,-0.455249,0.442003,-0.810484,0.000205385,1.37995,-0.416543,1.18792,1.41267,0.172791,SEKER,1,SEKER
1.18347,1.31226,0.733468,1.65918,-0.308827,-0.0143812,1.19691,1.22087,0.82082,-1.09913,-1.17578,0.198698,-1.52178,-0.523481,0.159092,-0.0158765,BARBUNYA,1,unknown
7.53266,4.92597,3.66822,7.28785,-0.546183,-0.283836,7.44817,5.59945,0.589881,0.970648,-0.0402476,0.470266,-3.91276,-1.33371,0.437251,0.246931,BOMBAY,1,unknown
-0.487302,-0.508791,-0.409339,-0.480379,-0.156845,0.137222,-0.49212,-0.455626,-0.897973,0.542617,0.524272,0.0504116,0.378143,0.0788084,0.00973637,0.437249,DERMASON,1,DERMASON
-0.82955,-0.977171,-1.1786,-0.0766176,-1.51186,-2.09473,-0.830959,-0.862804,0.286819,0.453936,1.35752,1.76697,-0.0801544,1.89812,1.84806,0.803614,SEKER,1,SEKER
-0.959814,-0.94531,-0.888359,-1.05337,-0.365975,-0.075367,-0.956709,-1.02608,-0.226274,0.0598529,0.113316,0.277493,1.10138,0.606505,0.239183,0.58228,DERMASON,1,DERMASON
6.24006,4.30824,3.56731,5.64837,0.0709327,0.339188,6.17182,4.8487,1.31468,0.868155,-0.183976,-0.187957,-3.4273,-1.48321,-0.226607,0.122022,BOMBAY,1,unknown
0.90849,1.4716,1.09555,0.612484,0.884306,0.880802,0.993956,0.971678,-1.65591,-5.11348,-2.74759,-0.98289,-0.629379,-1.1005,-0.981409,-2.57973,BARBUNYA,1,unknown
-0.338184,-0.458986,-0.695692,0.457401,-1.2172,-1.36665,-0.347651,-0.286877,0.00899843,0.841562,1.14983,1.33873,-0.601943,1.03319,1.36702,0.894529,SEKER,1,SEKER
1.29048,1.21077,0.741182,1.8913,-0.444135,-0.162634,1.29387,1.31564,-0.662052,-0.578524,-0.348909,0.338162,-1.66821,-0.47136,0.301193,-0.337325,BARBUNYA,1,CALI
1.48059,1.46484,1.37585,1.29081,0.660694,0.75436,1.46648,1.48113,1.28515,0.272471,-0.815013,-0.756,-1.23059,-1.11617,-0.77121,-0.974574,CALI,1,CALI
1.81285,1.92015,1.09143,2.34899,-0.354275,-0.062693,1.82062,1.76219,-1.06639,-0.841375,-1.61081,0.258138,-1.97088,-0.657355,0.219463,0.347424,BARBUNYA,1,unknown
2.03778,2.26698,1.30296,2.42848,-0.188745,0.106608,2.04578,1.947,0.905714,-0.864766,-2.23931,0.0867772,-2.02273,-0.802933,0.0461989,0.550435,BARBUNYA,1,unknown
0.349201,0.400053,0.371805,0.469028,0.107489,0.36911,0.370244,0.436331,-1.3346,-1.59341,-0.20944,-0.294327,-0.502679,-0.549172,-0.330582,-2.50195,SIRA,1,unknown
2.64561,2.60455,1.74877,2.86968,-0.0137802,0.26731,2.67756,2.42681,1.00448,-1.83411,-1.84018,-0.110717,-2.2518,-1.02242,-0.150529,-0.12435,BARBUNYA,1,unknown
6.32375,4.3066,3.23674,6.29447,-0.456219,-0.176543,6.27453,4.89884,0.368338,0.389082,-0.0373938,0.378728,-3.64076,-1.26695,0.342822,0.623029,BOMBAY,1,unknown
0.270504,0.307507,0.37544,0.191914,0.336569,0.542948,0.2647,0.357534,0.650638,0.222399,-0.0887637,-0.443669,-0.323282,-0.611751,-0.475012,-0.00662524,SIRA,1,SIRA
-0.0383729,-0.0125473,0.0611275,-0.0748713,0.147645,0.401251,-0.0410235,0.0387599,-0.272362,0.124812,0.128975,-0.252624,-0.0712362,-0.367188,-0.289928,0.49017,SIRA,1,SIRA
1.78776,2.02647,1.06658,2.35088,-0.380438,-0.0911705,1.807,1.74131,-1.04379,-1.3722,-2.07836,0.280414,-1.96608,-0.638672,0.242162,0.118952,BARBUNYA,1,unknown
1.6839,1.54717,1.26156,1.80647,0.1631,0.413422,1.66892,1.6543,0.54086,0.25335,-0.498751,-0.269129,-1.63334,-0.913197,-0.306035,0.428554,BARBUNYA,1,CALI
-0.637865,-0.697666,-0.710109,-0.386247,-0.656379,-0.424923,-0.63801,-0.63113,0.268558,0.205662,0.771892,0.60343,0.270706,0.622178,0.575837,0.408523,DERMASON,1,DERMASON
-0.426932,-0.373704,-0.145514,-0.733039,0.45388,0.623729,-0.427825,-0.386726,0.769433,0.161295,0.0523427,-0.542632,0.690176,-0.37632,-0.569721,0.280868,DERMASON,1,DERMASON
2.09591,2.01122,1.88589,1.6799,0.925437,0.902564,2.07516,1.9941,1.02911,0.396254,-1.13858,-0.960063,-1.52605,-1.32575,-0.96045,-0.370913,CALI,1,CALI
1.75077,1.92445,1.13781,2.18832,-0.211214,0.0846718,1.76904,1.71043,-0.472099,-1.32865,-1.80944,0.0767183,-1.84738,-0.74324,0.0361025,-0.669207,BARBUNYA,1,unknown
-0.724576,-0.697963,-0.790365,-0.491986,-0.687882,-0.467381,-0.720961,-0.73473,0.745804,-0.112866,0.169884,0.633453,0.402208,0.715925,0.607282,0.149266,SIRA,1,DERMASON
2.82041,2.82121,1.55023,3.53628,-0.560684,-0.301771,2.87239,2.55996,0.630352,-2.57034,-2.14491,0.474226,-2.58481,-0.756946,0.441352,-0.20078,BARBUNYA,1,unknown
1.0873,1.20658,0.852203,1.31187,0.0539277,0.325049,1.1177,1.13467,-0.664146,-2.01601,-1.05988,-0.213374,-1.23275,-0.735218,-0.251535,-1.43678,BARBUNYA,1,CALI
0.53747,0.904071,1.17733,-0.340485,1.93118,1.32413,0.528076,0.621185,-0.991947,0.348029,-1.80988,-1.68125,0.229335,-1.35241,-1.60214,0.118725,HOROZ,1,HOROZ
-0.562058,-0.577008,-0.552736,-0.443352,-0.390306,-0.102042,-0.561386,-0.542093,0.178718,0.0891463,0.479733,0.297681,0.338363,0.317513,0.259784,0.347785,SIRA,1,DERMASON
2.27531,2.16838,1.72267,2.21241,0.372344,0.568134,2.2663,2.13777,1.45859,-0.155798,-1.23602,-0.466235,-1.88983,-1.12885,-0.496678,0.3817,BARBUNYA,1,CALI
-0.7073,-0.713963,-0.560173,-0.845518,-0.0549917,0.230998,-0.710439,-0.713935,0.521731,0.538719,0.396942,-0.0568305,0.83209,0.13858,-0.0971658,0.332825,DERMASON,1,DERMASON
1.28201,1.25719,1.23559,1.10708,0.643471,0.744013,1.29361,1.30817,0.832181,-1.00466,-0.589107,-0.742129,-1.08929,-1.06612,-0.758224,-1.00725,CALI,1,CALI
6.57187,4.50922,3.59637,6.08265,-0.105375,0.185348,6.51757,5.04617,1.15017,0.469022,-0.264228,-0.017023,-3.56278,-1.44544,-0.0575935,-0.0875807,BOMBAY,1,unknown
7.23048,4.68663,3.59932,7.03154,-0.495184,-0.222191,7.18066,5.42826,1.07437,0.26683,0.232824,0.392105,-3.83205,-1.34026,0.35658,-0.458958,BOMBAY,1,unknown
0.100103,-0.0675601,-0.40592,1.12117,-1.25998,-1.45924,0.0904066,0.18362,-0.00415169,0.578963,1.20614,1.39356,-1.15156,0.784375,1.42778,0.720446,SEKER,1,SEKER
0.611109,0.856141,1.18087,-0.174862,1.75368,1.26258,0.594437,0.692154,-2.91039,0.771626,-1.30519,-1.57876,0.071793,-1.32132,-1.51353,-0.578021,HOROZ,1,HOROZ
0.292773,0.256333,0.215395,0.488148,-0.102088,0.188369,0.285551,0.379926,-0.743567,0.309934,0.297953,-0.00899775,-0.611687,-0.347205,-0.0496001,0.329186,SIRA,1,SIRA
1.87664,1.58161,1.33505,2.09504,0.0503698,0.322072,1.84283,1.81503,1.06375,1.06979,-0.0245908,-0.177443,-1.80108,-0.907431,-0.216279,-0.237206,CALI,1,CALI
8.07992,5.54738,4.74177,6.3773,0.586176,0.708919,8.03689,5.90336,1.48625,0.0213066,-1.02821,-0.705785,-3.62615,-1.78588,-0.724123,-1.50852,BOMBAY,1,unknown
-0.504644,-0.573342,-0.494161,-0.396078,-0.346412,-0.0542299,-0.51381,-0.47557,0.218434,0.946263,0.835923,0.26206,0.268023,0.251558,0.223456,0.795911,DERMASON,1,DERMASON
7.13372,4.69208,3.39378,7.21924,-0.705253,-0.491221,7.07744,5.37291,0.208136,0.423989,0.0643736,0.656396,-3.89432,-1.22552,0.631361,0.223836,BOMBAY,1,unknown
2.60942,2.4483,1.57391,3.05862,-0.287373,0.00792928,2.63212,2.39898,-0.705993,-1.47388,-1.38171,0.193891,-2.36951,-0.862932,0.154223,0.642389,BARBUNYA,1,unknown
1.601,1.62701,1.14692,1.85105,0.0113636,0.289025,1.61102,1.58415,1.43672,-0.936794,-1.10167,-0.137909,-1.64551,-0.824596,-0.177367,-0.202349,BARBUNYA,1,CALI
0.887929,1.18174,0.890816,0.76472,0.508993,0.659947,0.907778,0.9527,-1.11792,-1.46192,-1.67256,-0.592395,-0.850204,-0.890556,-0.617044,0.25429,BARBUNYA,1,unknown
-0.861541,-0.931531,-1.04988,-0.435505,-1.09677,-1.12503,-0.863688,-0.902443,0.529026,0.554902,0.773973,1.1583,0.328065,1.31944,1.16881,0.382038,SIRA,1,DERMASON
-0.0356796,-0.0846457,-0.112611,0.21965,-0.315307,-0.021181,-0.0472851,0.0416091,0.862945,0.802507,0.567098,0.218711,-0.36536,-0.0460139,0.179387,0.45218,SIRA,1,SIRA
0.802466,1.14038,1.32029,0.0660711,1.68591,1.23785,0.801846,0.873275,-2.73644,-0.272261,-1.81042,-1.55918,-0.141142,-1.35494,-1.4965,-1.69665,HOROZ,1,HOROZ
1.67241,1.46565,0.684143,2.80175,-0.999952,-0.948779,1.6644,1.64461,0.11215,-0.0784921,-0.179132,1.02698,-2.22527,-0.156718,1.02622,0.280505,BARBUNYA,1,unknown
7.71909,5.23968,4.614,6.01011,0.674288,0.762463,7.65196,5.70384,1.2309,0.567088,-0.681425,-0.737492,-3.54542,-1.77575,-0.753879,0.194217,BOMBAY,1,unknown
1.58103,1.6975,0.911213,2.2072,-0.45459,-0.174662,1.60037,1.56716,0.67475,-1.38753,-1.44882,0.353987,-1.87161,-0.543371,0.317417,-0.190614,BARBUNYA,1,unknown
10.3824,6.20975,4.83228,9.06548,-0.44553,-0.164234,10.3587,7.10659,1.06821,-0.501508,0.0853167,0.315154,-4.30572,-1.57527,0.277641,-1.20844,BOMBAY,1,unknown
0.160275,-0.0175692,-0.310862,1.10148,-1.13904,-1.20682,0.14334,0.245563,0.327553,1.06286,1.22245,1.21867,-1.12945,0.606143,1.23484,0.487825,SEKER,1,SEKER
1.49143,1.9375,1.07201,1.74337,0.00220873,0.281156,1.50341,1.49046,-0.837724,-1.02917,-2.61721,-0.124169,-1.57853,-0.790796,-0.163813,-0.0315961,BARBUNYA,1,unknown
6.90531,4.57417,3.53873,6.6921,-0.403371,-0.116546,6.9016,5.2412,0.24335,-0.731631,0.0707261,0.282458,-3.73296,-1.35677,0.244246,-0.708953,BOMBAY,1,unknown
0.806407,1.08038,1.23835,0.110578,1.53314,1.17938,0.79184,0.876957,-1.38002,0.549056,-1.54116,-1.40315,-0.25464,-1.28273,-1.3597,0.333006,HOROZ,1,HOROZ
-0.632347,-0.69972,-0.736669,-0.311332,-0.750058,-0.554163,-0.638656,-0.624602,0.361451,0.78671,0.824409,0.707031,0.197238,0.706122,0.684654,0.103663,DERMASON,1,DERMASON
1.4846,1.43642,0.866029,2.0491,-0.40792,-0.121626,1.48514,1.48458,-0.0970674,-0.460812,-0.679289,0.324323,-1.79469,-0.534663,0.287021,0.603926,BARBUNYA,1,CALI
0.844968,0.822081,0.705715,0.936738,0.155761,0.407656,0.837608,0.912884,0.521002,0.110802,-0.204841,-0.251302,-1.00946,-0.687189,-0.288637,0.83191,BARBUNYA,1,CALI
2.54405,2.4695,1.72856,2.68123,0.0793975,0.346174,2.54652,2.3485,1.11271,-0.666364,-1.62465,-0.181687,-2.16889,-1.03922,-0.220449,0.663265,BARBUNYA,1,unknown
-1.45689,-1.65999,-1.59473,-1.44857,-1.15209,-1.23271,-1.44983,-1.70244,0.446472,-0.130019,1.1148,1.23177,1.69533,2.16025,1.2492,0.330953,DERMASON,1,DERMASON
2.79072,2.94232,2.1074,2.6173,0.490447,0.647879,2.8261,2.53749,-1.5629,-1.94725,-2.59958,-0.614788,-2.08531,-1.28063,-0.638274,-1.2336,BARBUNYA,1,unknown
-0.812536,-0.87059,-0.753629,-0.8256,-0.361547,-0.0705582,-0.814111,-0.841841,0.858113,0.458587,0.71186,0.262826,0.810165,0.471787,0.224236,0.230683,DERMASON,1,DERMASON
-1.07504,-1.15319,-1.10947,-1.03378,-0.723764,-0.516967,-1.07097,-1.17486,-0.370294,0.0193026,0.677195,0.694737,1.06651,1.09499,0.671695,0.780956,DERMASON,1,DERMASON
1.04703,1.26068,1.60403,0.136689,1.98312,1.3413,1.03592,1.09828,0.769755,0.257151,-1.43578,-1.72744,-0.256119,-1.47941,-1.6418,-0.394259,HOROZ,1,HOROZ
-0.364132,-0.546123,-0.896093,0.806709,-1.66287,-2.57361,-0.371083,-0.315897,0.832261,0.646229,1.57567,2.00627,-0.904056,1.67953,2.12335,0.864442,SEKER,1,SEKER
-1.16339,-1.20722,-1.13107,-1.27278,-0.551089,-0.289883,-1.15198,-1.29196,0.737873,-0.813355,0.321721,0.475827,1.42991,0.98246,0.443011,0.244163,DERMASON,1,DERMASON
6.62751,4.2898,3.51006,6.347,-0.281793,0.0136807,6.57973,5.07894,1.39827,0.306834,0.531334,0.149307,-3.6312,-1.38581,0.109147,-0.748192,BOMBAY,1,unknown
-1.20464,-1.25378,-1.02556,-1.59872,-0.0651266,0.221928,-1.20098,-1.34759,1.10876,0.151941,0.306751,-0.0390448,1.92582,0.558476,-0.0795011,0.609031,DERMASON,1,DERMASON
1.22551,1.7969,0.800788,1.67004,-0.242755,0.0533438,1.28096,1.25825,0.300484,-3.28514,-2.91552,0.104584,-1.50549,-0.591245,0.0640921,-0.86367,BARBUNYA,1,unknown
1.59758,1.88616,1.34509,1.53608,0.442851,0.616352,1.61741,1.58124,0.506117,-1.41013,-2.11937,-0.546908,-1.42929,-1.03688,-0.573796,-0.260666,BARBUNYA,1,unknown
1.71648,1.86273,1.13124,2.07004,-0.145098,0.148342,1.73231,1.6817,-0.80161,-1.21531,-1.67763,0.0463974,-1.81132,-0.751745,0.00571807,0.735239,BARBUNYA,1,unknown
0.712798,1.008,0.155185,1.59164,-0.897724,-0.777713,0.727739,0.788982,0.340016,-1.1847,-1.58141,0.910037,-1.49738,0.104806,0.900408,0.778331,BARBUNYA,1,unknown
1.98122,2.22561,1.39991,2.25292,0.0166539,0.293552,2.0219,1.90092,1.14597,-2.31289,-2.24795,-0.181203,-1.86204,-0.931394,-0.219974,-1.60493,BARBUNYA,1,unknown
-1.41597,-1.35441,-0.996352,-2.31723,0.83244,0.852724,-1.40897,-1.64302,0.1316,-0.146836,-0.879378,-0.866272,3.29383,0.0678417,-0.873893,0.340235,DERMASON,1,DERMASON
-1.08909,-1.16796,-0.955936,-1.34705,-0.200428,0.0952412,-1.08962,-1.19331,-0.0835055,0.565651,0.668405,0.102942,1.5231,0.571935,0.0624412,0.692725,DERMASON,1,DERMASON
1.1547,1.30017,0.6793,1.66126,-0.368893,-0.0785425,1.1696,1.19519,-0.460544,-1.17725,-1.22463,0.283545,-1.54268,-0.463803,0.245355,0.68447,BARBUNYA,1,unknown
1.63601,1.97862,0.695916,2.7636,-0.969566,-0.896408,1.69294,1.61385,-0.509561,-3.16646,-2.34246,0.945852,-2.16942,-0.197606,0.938819,-1.1263,BARBUNYA,1,unknown
0.438343,0.740672,1.06163,-0.399198,1.83576,1.29161,0.435249,0.524483,-0.136892,-0.020343,-1.48389,-1.6163,0.293755,-1.29791,-1.54608,0.177698,HOROZ,1,HOROZ
0.362077,0.80164,1.26684,-0.74379,2.54453,1.50591,0.351976,0.449135,1.44137,0.472594,-2.06777,-2.10321,0.775032,-1.5046,-1.95799,-1.59059,HOROZ,1,HOROZ
8.21676,5.17295,4.22816,7.28203,-0.168205,0.126391,8.1547,5.97817,1.34651,0.389294,0.217811,0.0425147,-3.90215,-1.54289,0.00183264,-0.279903,BOMBAY,1,unknown
1.39026,1.54385,1.51885,0.877067,1.16531,1.02123,1.3907,1.40295,-0.0861299,-0.440845,-1.44175,-1.13867,-0.936606,-1.28078,-1.12331,0.0280642,BARBUNYA,1,CALI
3.40105,3.62388,2.19335,3.46001,0.0605857,0.330602,3.42147,2.98854,-1.05008,-1.35268,-3.30036,-0.173075,-2.56016,-1.17107,-0.211986,0.297295,BARBUNYA,1,unknown
-1.30902,-1.39975,-1.23775,-1.54115,-0.478323,-0.202288,-1.29238,-1.49123,-0.966512,-1.46838,0.466647,0.354393,1.90595,1.03109,0.317834,-1.11928,DERMASON,1,DERMASON
-1.3173,-1.38855,-1.10392,-1.84356,0.0594088,0.329622,-1.31485,-1.50281,0.23581,0.398271,0.300803,-0.158842,2.34073,0.567414,-0.197986,0.782676,DERMASON,1,DERMASON
-0.141376,-0.0781781,-0.0538572,-0.146851,0.0534862,0.32468,-0.143534,-0.0711865,0.0748807,0.131439,-0.050617,-0.163102,0.00741489,-0.260031,-0.202179,0.408027,SIRA,1,SIRA
-0.876847,-0.905605,-0.738797,-1.05489,-0.133643,0.159107,-0.875372,-0.921512,0.70822,0.185021,0.472986,0.031425,1.10195,0.331769,-0.00925808,0.621062,DERMASON,1,DERMASON
-0.356249,-0.253572,-0.16286,-0.506564,0.216134,0.454379,-0.352363,-0.307066,-0.764198,-0.277185,-0.245842,-0.337363,0.433408,-0.272908,-0.372388,-0.234883,DERMASON,1,SIRA
1.53597,1.97986,1.0688,1.82754,-0.0564119,0.229731,1.5606,1.52868,0.189913,-1.64855,-2.6364,-0.0574514,-1.64259,-0.765155,-0.097782,0.257191,BARBUNYA,1,unknown
-0.98747,-0.87416,-0.654682,-1.51601,0.468249,0.633275,-0.978721,-1.0614,-0.183587,-0.548049,-0.575025,-0.545939,1.78928,-0.038607,-0.572873,0.646748,DERMASON,1,DERMASON
0.969845,1.26397,0.597809,1.41385,-0.300269,-0.00544404,0.975752,1.02802,0.802298,-0.675366,-1.72237,0.195023,-1.35464,-0.460208,0.155369,0.183585,BARBUNYA,1,unknown
-1.21614,-1.3711,-1.2442,-1.26009,-0.742915,-0.543986,-1.21647,-1.3632,0.786885,0.661206,1.11637,0.717492,1.38976,1.27472,0.69569,0.765728,DERMASON,1,DERMASON
-0.166732,-0.241155,-0.509458,0.581018,-1.06298,-1.06183,-0.172002,-0.0985527,0.179862,0.388988,0.784326,1.12729,-0.711058,0.730451,1.13501,0.858389,SEKER,1,SEKER
-1.03037,-1.08347,-0.91546,-1.23532,-0.241784,0.0543174,-1.02804,-1.11667,0.601542,0.190724,0.533659,0.151568,1.34898,0.560462,0.111429,0.872288,DERMASON,1,DERMASON
-1.20438,-1.18088,-0.898446,-1.80367,0.375369,0.570241,-1.20085,-1.34723,-0.0730515,0.168363,-0.224251,-0.458667,2.26976,0.204075,-0.489417,0.774887,DERMASON,1,DERMASON
0.742228,1.29565,0.800419,0.603431,0.530053,0.673508,0.793777,0.816758,-1.57107,-3.33252,-2.64934,-0.62022,-0.700514,-0.865389,-0.643418,-0.101107,BARBUNYA,1,unknown
-1.29037,-1.36201,-1.11642,-1.73674,-0.0769174,0.211305,-1.28709,-1.46524,-0.270902,0.266552,0.348996,-0.0195775,2.14755,0.663131,-0.0601368,0.883818,DERMASON,1,DERMASON
2.2108,1.96695,1.66607,2.20423,0.319869,0.53102,2.18386,2.08639,1.28695,0.630057,-0.63158,-0.432312,-1.87062,-1.10102,-0.464092,-0.159393,CALI,1,CALI
0.496151,1.08155,0.257284,0.891749,-0.341767,-0.0492521,0.522589,0.581043,0.673815,-1.91451,-2.70356,0.252735,-0.967301,-0.256507,0.213964,0.64292,BARBUNYA,1,unknown
1.31393,1.50867,1.08334,1.36572,0.275531,0.498808,1.31569,1.33625,0.342118,-0.497064,-1.54945,-0.389249,-1.31183,-0.890544,-0.422592,-0.0873589,BARBUNYA,1,CALI
0.114292,0.0696504,-0.0991362,0.567293,-0.548725,-0.286966,0.110483,0.19828,-0.114536,0.14665,0.458995,0.490313,-0.698732,0.0747644,0.458023,0.850447,SIRA,1,SIRA
-0.757224,-0.771169,-0.575035,-0.973534,0.0414107,0.31455,-0.75724,-0.774243,-0.226006,0.263661,0.428759,-0.144724,0.989616,0.104967,-0.184084,0.647574,DERMASON,1,DERMASON
-0.146434,0.190778,0.539015,-0.968353,1.73407,1.2555,-0.132366,-0.0766359,-1.71598,-1.13281,-1.51803,-1.57035,1.03883,-1.1081,-1.50622,-0.78576,HOROZ,1,HOROZ
-0.0469784,0.595382,0.887787,-1.20059,2.57541,1.51398,-0.039216,0.0296478,-2.63632,-0.65876,-2.9064,-2.07895,1.32262,-1.39335,-1.93792,0.272515,HOROZ,1,HOROZ
2.44828,2.31072,1.4864,2.94052,-0.304728,-0.0100947,2.45118,2.27399,-0.858349,-0.675885,-1.29994,0.190935,-2.28913,-0.83317,0.151229,-0.136155,BARBUNYA,1,unknown
-0.931304,-0.955091,-0.838698,-1.04797,-0.294185,0.000878739,-0.925207,-0.989915,-0.308387,-0.278915,0.402612,0.197027,1.09749,0.513251,0.157399,0.49149,DERMASON,1,DERMASON
-0.0869839,-0.0008156,-0.0406875,-0.0128184,-0.039558,0.244703,-0.0838222,-0.0128874,-1.23093,-0.300402,-0.197283,-0.0845876,-0.114775,-0.232369,-0.124683,-0.114903,SIRA,1,SIRA
0.785452,0.792434,0.415935,1.30209,-0.431783,-0.148534,0.783836,0.857357,0.996582,-0.209535,-0.301294,0.345334,-1.27925,-0.303977,0.308543,0.407467,BARBUNYA,1,CALI
-0.410575,-0.404229,-0.244156,-0.552927,0.142022,0.396795,-0.420466,-0.368196,-0.919915,0.933789,0.34242,-0.239041,0.45064,-0.175874,-0.276656,0.795294,DERMASON,1,DERMASON
-0.319266,-0.279034,-0.176211,-0.40718,0.108573,0.369988,-0.320603,-0.265807,1.1979,0.146553,0.123231,-0.218515,0.296605,-0.209835,-0.256571,0.352173,SIRA,1,SIRA
2.78323,2.30865,2.06646,2.59807,0.462754,0.629633,2.74528,2.53181,0.395303,0.885003,-0.402388,-0.55073,-2.11276,-1.25094,-0.577435,0.274946,CALI,1,CALI
1.54956,1.42571,0.559286,2.75213,-1.09618,-1.12391,1.55105,1.54031,0.982653,-0.516557,-0.413721,1.16958,-2.21084,-0.0249045,1.18113,0.785934,BARBUNYA,1,unknown
1.10681,1.3522,0.687355,1.56964,-0.302034,-0.00728268,1.1301,1.15224,0.604345,-1.62966,-1.60866,0.192306,-1.46072,-0.504401,0.152617,0.0174871,BARBUNYA,1,unknown
-0.420429,-0.405834,-0.451305,-0.208359,-0.43659,-0.154007,-0.404005,-0.379351,-0.450838,-1.33486,0.291429,0.338392,0.0887525,0.257264,0.301428,-0.0300954,SIRA,1,SIRA
7.59585,5.05617,4.13229,6.70708,0.00514641,0.283686,7.57275,5.63494,1.53581,-0.348424,-0.332977,-0.17105,-3.72013,-1.57763,-0.209995,-1.65099,BOMBAY,1,unknown
-0.215869,-0.0563957,0.0607452,-0.472611,0.502058,0.655448,-0.206538,-0.151932,1.62349,-0.755478,-0.58021,-0.614854,0.415777,-0.523509,-0.638337,-0.842867,SIRA,1,SIRA
-0.665915,-0.794514,-0.990747,0.0607205,-1.34835,-1.66331,-0.669706,-0.664434,0.832665,0.571842,1.25073,1.5236,-0.221464,1.48301,1.57285,0.828207,SEKER,1,SEKER
-0.678067,-0.704639,-0.539043,-0.801199,-0.0637576,0.223157,-0.679712,-0.678924,1.08865,0.373323,0.538822,-0.0438964,0.769149,0.128841,-0.0843222,0.481797,DERMASON,1,DERMASON
-0.778245,-0.85807,-0.920203,-0.428428,-0.919354,-0.812717,-0.77809,-0.799835,0.702163,0.259669,0.879246,0.93214,0.312302,1.02764,0.924101,0.593292,DERMASON,1,DERMASON
1.17841,1.41336,0.925731,1.31844,0.132188,0.388968,1.20872,1.21636,-0.836992,-1.992,-1.61484,-0.242701,-1.28835,-0.776295,-0.280233,0.303817,BARBUNYA,1,unknown
7.47781,5.23798,4.50516,6.12347,0.538575,0.678953,7.60245,5.56855,0.458452,-3.45661,-1.01688,-0.731429,-3.49933,-1.75976,-0.748195,-4.07491,BOMBAY,1,unknown
1.61611,1.75106,1.22565,1.75656,0.15841,0.40974,1.60482,1.59698,-0.689021,0.0940492,-1.55084,-0.282431,-1.58172,-0.904963,-0.319001,-0.237005,BARBUNYA,1,CALI
0.363916,0.587766,-0.399964,1.83945,-1.62664,-2.4502,0.379023,0.450962,-0.134136,-1.20114,-1.08515,1.93929,-1.65931,1.08718,2.04583,0.582412,BARBUNYA,1,unknown
1.52007,2.07841,1.41218,1.27787,0.711818,0.784541,1.54679,1.51506,-1.45328,-1.75215,-3.01949,-0.775532,-1.24804,-1.13394,-0.78947,-0.046904,BARBUNYA,1,unknown
1.76096,1.81403,0.883628,2.66356,-0.735536,-0.533529,1.78693,1.71894,-0.391193,-1.68618,-1.35552,0.663234,-2.12226,-0.408373,0.638546,-0.801657,BARBUNYA,1,unknown
-1.44389,-1.65576,-1.54709,-1.50617,-1.0252,-0.993335,-1.43963,-1.68348,0.878093,0.263203,1.21865,1.076,1.76625,1.96297,1.07928,0.81671,DERMASON,1,DERMASON
0.03658,0.0847507,-0.203544,0.577647,-0.684364,-0.46259,0.0381832,0.117576,0.582867,-0.21953,-0.0295602,0.63066,-0.687295,0.217634,0.604354,0.198181,BARBUNYA,1,SIRA
1.03882,1.13346,0.374419,1.97606,-0.87936,-0.748471,1.05819,1.09084,-0.290767,-1.42322,-0.913364,0.86736,-1.73525,-0.051499,0.854773,0.114443,BARBUNYA,1,unknown
2.19556,2.11317,1.36212,2.67282,-0.273256,0.0224398,2.20607,2.07421,-0.0255046,-0.979807,-1.24803,0.153441,-2.14082,-0.801213,0.113319,-0.270956,BARBUNYA,1,unknown
1.76069,1.6915,1.05211,2.28934,-0.359081,-0.0678872,1.75736,1.71873,0.753519,-0.317625,-0.862883,0.277086,-1.94811,-0.633873,0.238768,0.838307,BARBUNYA,1,unknown
-1.05014,-1.05668,-0.860151,-1.35959,-0.0330157,0.250474,-1.03772,-1.14235,-1.14348,-0.946109,0.178766,-0.0932945,1.57907,0.370638,-0.133301,-0.193059,DERMASON,1,DERMASON
-1.32361,-1.40395,-1.1943,-1.70002,-0.248989,0.0470771,-1.31911,-1.51165,0.632954,0.131643,0.360525,0.139915,2.11552,0.845373,0.0996716,0.17369,DERMASON,1,DERMASON
2.00224,1.79436,1.77567,1.66594,0.816677,0.844047,1.97232,1.91808,1.17178,0.838108,-0.544035,-0.870231,-1.51774,-1.26951,-0.877561,-0.326338,CALI,1,CALI
7.92976,5.25769,4.513,6.47768,0.375699,0.570471,7.86053,5.82073,1.52551,0.577553,-0.435845,-0.495807,-3.6723,-1.70957,-0.525009,-0.625871,BOMBAY,1,unknown
8.0926,5.38711,4.38049,6.88019,0.10282,0.365324,8.04038,5.91031,-1.28654,0.206536,-0.574265,-0.233485,-3.79125,-1.63132,-0.271223,-0.413012,BOMBAY,1,unknown
-0.934589,-0.983929,-0.782266,-1.15819,-0.104269,0.186365,-0.934309,-0.994069,1.23969,0.351131,0.582203,0.00288875,1.24495,0.354153,-0.0377511,0.682702,DERMASON,1,DERMASON
-0.543008,-0.587945,-0.794751,0.0525652,-1.08513,-1.10304,-0.546603,-0.519935,0.365435,0.468821,0.678506,1.14955,-0.205997,1.02404,1.15927,0.612222,SEKER,1,SEKER
-0.729043,-0.591286,-0.387068,-1.12001,0.47629,0.638585,-0.703209,-0.74012,-1.50248,-2.27272,-0.540085,-0.614321,1.28651,-0.259407,-0.637832,-1.69528,DERMASON,1,unknown
0.611241,0.94583,1.26775,-0.297384,2.00781,1.34933,0.6078,0.69228,-1.50329,-0.0519856,-1.70254,-1.73699,0.189534,-1.39493,-1.64998,-0.116391,HOROZ,1,HOROZ
-1.34607,-1.38551,-1.10906,-1.91761,0.132365,0.389109,-1.33951,-1.54327,-0.83933,-0.129585,0.00524302,-0.243898,2.49947,0.522627,-0.281403,0.265494,DERMASON,1,DERMASON
-0.454588,-0.633585,-0.887443,0.507998,-1.4862,-2.02173,-0.462555,-0.418189,0.835713,0.799251,1.58598,1.72831,-0.645127,1.48846,1.80402,0.820199,SEKER,1,SEKER
2.5384,2.21123,1.95729,2.36244,0.509962,0.660574,2.51773,2.34412,1.1881,0.27042,-0.679952,-0.609531,-1.96021,-1.23958,-0.633294,-0.370914,CALI,1,CALI
1.83972,1.66326,0.748721,3.04497,-1.05696,-1.05077,1.84089,1.78449,-0.337941,-0.538996,-0.496422,1.09846,-2.35082,-0.160796,1.10366,0.159392,BARBUNYA,1,unknown
8.94165,5.66219,4.76293,7.38865,0.145609,0.399639,8.86427,6.3671,0.436092,0.586358,-0.204566,-0.292431,-3.91636,-1.70024,-0.328737,-1.06825,BOMBAY,1,unknown
1.9776,2.28816,1.52501,1.98544,0.320567,0.53152,1.9955,1.89797,1.02727,-1.30291,-2.47327,-0.432542,-1.73429,-1.05726,-0.464314,-0.143748,BARBUNYA,1,unknown
-0.820287,-0.849091,-0.72948,-0.8968,-0.263026,0.0328732,-0.822374,-0.851382,0.636516,0.51683,0.503569,0.162662,0.894574,0.395102,0.122632,0.455749,DERMASON,1,DERMASON
2.54169,2.35481,1.42153,3.22466,-0.518613,-0.250237,2.5573,2.34667,0.203196,-1.19424,-1.21612,0.432385,-2.43881,-0.723944,0.398092,0.023823,BARBUNYA,1,unknown
-0.0858672,-0.27534,-0.706566,1.22422,-1.65977,-2.56281,-0.0966682,-0.0116961,0.149349,0.773668,1.47683,2.00433,-1.23713,1.45012,2.1211,0.960886,SEKER,1,SEKER
2.40768,2.47238,1.75628,2.38743,0.291276,0.510338,2.42116,2.24221,-0.822522,-1.10813,-1.9825,-0.382845,-2.00282,-1.11233,-0.416408,0.708924,BARBUNYA,1,unknown
-0.208774,-0.394116,-0.659854,0.768598,-1.35836,-1.68758,-0.223773,-0.144196,0.745352,1.19724,1.52417,1.53634,-0.869297,1.11345,1.58715,0.76855,SEKER,1,SEKER
0.148845,0.144543,-0.0259161,0.547119,-0.444307,-0.162831,0.147213,0.233842,-0.914907,-0.0222569,0.208621,0.354891,-0.661925,-0.038501,0.318344,0.25009,SIRA,1,SIRA
-0.498995,-0.537546,-0.546157,-0.27516,-0.514635,-0.245443,-0.503998,-0.469066,0.569237,0.567044,0.635893,0.43721,0.148258,0.386145,0.403073,0.354248,DERMASON,1,DERMASON
-0.580188,-0.632492,-0.72843,-0.15364,-0.854121,-0.708978,-0.5803,-0.563262,0.0796717,0.170702,0.726431,0.820062,0.0434464,0.762983,0.804369,-0.419051,SIRA,1,DERMASON
-0.290559,-0.310743,-0.23275,-0.25573,-0.0993303,0.190899,-0.295621,-0.233976,-0.695054,0.441272,0.488207,0.00235905,0.109524,-0.0689596,-0.0382794,0.848737,DERMASON,1,SIRA
1.70584,1.59786,1.46014,1.56069,0.551208,0.686979,1.68751,1.67276,0.397979,0.40702,-0.644738,-0.635594,-1.45458,-1.10331,-0.657962,0.021964,BARBUNYA,1,CALI
3.91317,3.20164,2.47376,3.85107,0.0932393,0.357523,3.90853,3.35071,-0.0197661,-0.528472,-0.966448,-0.198495,-2.74591,-1.25114,-0.236948,0.541492,BARBUNYA,1,unknown
1.81548,1.85653,1.37858,1.88061,0.237412,0.470466,1.83482,1.76438,0.292406,-1.37547,-1.35791,-0.340749,-1.68111,-0.97852,-0.375672,0.393007,BARBUNYA,1,unknown
1.62202,1.55942,1.34685,1.53634,0.444602,0.617526,1.60611,1.60199,-0.938235,0.317168,-0.752344,-0.51942,-1.46083,-1.02823,-0.547579,0.850685,BARBUNYA,1,CALI
7.9021,5.01471,4.02729,7.18045,-0.262866,0.0330355,7.80811,5.80545,0.136096,1.0965,0.23905,0.151664,-3.88127,-1.48226,0.111525,0.0647121,BOMBAY,1,unknown
-0.632018,-0.661945,-0.651517,-0.464604,-0.512679,-0.243091,-0.63304,-0.624214,-0.248972,0.285183,0.570558,0.427754,0.372038,0.471506,0.393313,0.0989315,DERMASON,1,DERMASON
8.09017,5.32118,4.5425,6.66607,0.310148,0.524025,8.05232,5.90898,0.431878,-0.0847821,-0.392217,-0.448163,-3.71845,-1.70329,-0.47933,-1.09754,BOMBAY,1,unknown
1.23937,1.04409,1.0192,1.30232,0.249162,0.479268,1.2157,1.27053,-0.815244,0.861624,0.249906,-0.357351,-1.27296,-0.85492,-0.391755,0.184266,CALI,1,CALI
6.0137,4.25528,3.28735,5.84488,-0.22823,0.0678488,5.97687,4.71195,0.581958,0.131482,-0.401045,0.0872392,-3.4712,-1.3567,0.0466628,-0.936091,BOMBAY,1,unknown
-0.0852103,-0.123313,-0.212012,0.269588,-0.479819,-0.204044,-0.0946025,-0.0109954,0.339946,0.664394,0.525461,0.395448,-0.407363,0.107247,0.36002,0.273704,SIRA,1,SIRA
-0.159835,-0.0428379,-0.117862,-0.0355527,-0.123863,0.168238,-0.153152,-0.0910965,-1.74627,-0.555451,-0.352074,-0.0294956,-0.0527382,-0.159068,-0.0700063,-1.23412,SIRA,1,SIRA
-0.389423,-0.546621,-0.611808,0.14346,-0.906926,-0.79253,-0.401811,-0.344319,0.652629,1.1328,1.41345,0.924317,-0.304912,0.711205,0.91571,0.866507,SEKER,1,SEKER
7.52786,4.86058,3.63451,7.42569,-0.619921,-0.376997,7.51072,5.59675,1.12855,-0.470073,0.151279,0.519545,-3.92677,-1.31387,0.48837,-1.02124,BOMBAY,1,unknown
1.19884,1.20801,0.515921,2.0575,-0.776853,-0.592842,1.20989,1.23456,-0.646026,-0.972455,-0.665482,0.753076,-1.79892,-0.18293,0.733297,0.564642,BARBUNYA,1,unknown
-0.654222,-0.762868,-0.785769,-0.310555,-0.818574,-0.654678,-0.660862,-0.650527,0.551002,0.836385,1.1096,0.813908,0.168586,0.816069,0.797825,0.887911,SEKER,1,DERMASON
1.41648,1.30165,0.73389,2.14968,-0.603414,-0.355712,1.41529,1.42572,-0.0107436,-0.36318,-0.316141,0.5386,-1.84977,-0.386639,0.508189,0.319304,BARBUNYA,1,CALI
1.48749,1.60299,1.00751,1.84942,-0.13572,0.157161,1.51109,1.48707,0.596014,-1.60324,-1.36666,0.0102702,-1.6437,-0.715509,-0.0303873,-0.229367,BARBUNYA,1,unknown
1.57091,1.94903,1.26038,1.60213,0.302771,0.518692,1.59888,1.55853,0.570994,-1.80567,-2.42586,-0.411732,-1.48344,-0.962162,-0.444278,0.0205116,BARBUNYA,1,unknown
6.97087,4.75355,3.79512,6.37175,-0.0882793,0.200996,6.99752,5.27916,1.02901,-1.41248,-0.376249,-0.0609692,-3.6329,-1.49323,-0.101273,-1.05642,BOMBAY,1,unknown
-0.0471098,-0.0536703,-0.129029,0.216459,-0.334063,-0.0410285,-0.0552251,0.0295085,-0.884081,0.543914,0.320956,0.240584,-0.364108,-0.0247397,0.201604,0.507565,SIRA,1,SIRA
1.29501,1.47269,0.74956,1.84824,-0.409119,-0.122968,1.30872,1.31962,0.452774,-1.11359,-1.46586,0.325017,-1.66505,-0.480598,0.287732,0.581259,BARBUNYA,1,unknown
-0.604165,-0.771272,-0.884055,0.0334408,-1.19025,-1.31022,-0.6149,-0.591377,0.124795,1.18046,1.52863,1.30169,-0.196708,1.21498,1.32612,0.909414,SEKER,1,SEKER
0.254016,0.525206,0.916622,-0.612772,1.87341,1.30459,0.241461,0.340905,-1.75637,0.695723,-1.26873,-1.63144,0.529608,-1.25802,-1.55918,0.603115,HOROZ,1,HOROZ
2.89517,2.47404,2.09947,2.8192,0.353588,0.554991,2.88975,2.6163,0.82915,-0.395093,-0.745918,-0.496581,-2.1924,-1.24343,-0.525749,-1.41941,CALI,1,CALI
1.32103,1.14409,0.711268,2.08419,-0.589226,-0.337618,1.30581,1.34247,0.468718,0.382226,0.072541,0.454073,-1.74518,-0.410056,0.420497,-2.06058,CALI,1,unknown
2.67373,2.30628,2.13704,2.34221,0.704993,0.780558,2.66782,2.44836,-1.16923,-0.346992,-0.684209,-0.783506,-1.94271,-1.33751,-0.796915,-0.582176,CALI,1,CALI
2.99541,2.60325,1.59389,3.75385,-0.62943,-0.389374,2.99923,2.69129,-0.142695,-0.751619,-0.97232,0.572523,-2.70002,-0.738248,0.543544,0.439915,BARBUNYA,1,unknown
0.0912345,0.405102,0.777948,-0.73042,1.80874,1.28217,0.0950544,0.17444,-0.285964,-0.395689,-1.42911,-1.63167,0.744291,-1.21306,-1.55938,-1.2312,HOROZ,1,HOROZ
1.30966,1.89682,1.27233,1.04949,0.731747,0.796095,1.33712,1.3325,-1.63504,-1.82002,-3.01039,-0.777543,-1.09014,-1.09006,-0.791348,0.530983,BARBUNYA,1,unknown
1.95415,2.03961,1.32019,2.25083,-0.0632527,0.223609,1.96684,1.87878,-0.892882,-1.07023,-1.65192,-0.0515008,-1.90892,-0.858174,-0.091875,0.221276,BARBUNYA,1,unknown
3.17383,2.86938,2.07984,3.28741,0.0548463,0.325816,3.2007,2.82323,1.23162,-1.59238,-1.4828,-0.187015,-2.45923,-1.14421,-0.225681,-0.428555,BARBUNYA,1,unknown
0.310707,0.744213,1.16081,-0.744952,2.38982,1.46408,0.305562,0.397904,-0.503526,0.161275,-2.02852,-1.99487,0.749875,-1.44429,-1.86801,-0.895304,HOROZ,1,HOROZ
3.04409,2.50528,2.27466,2.83253,0.513639,0.662952,3.07373,2.72748,0.370086,-1.70336,-0.485993,-0.653257,-2.18701,-1.33365,-0.674649,-1.92218,CALI,1,CALI
1.67438,1.45981,0.581579,3.00986,-1.19802,-1.32635,1.6726,1.64627,0.784181,-0.377203,-0.146469,1.29323,-2.33538,0.0170942,1.31679,0.272312,BARBUNYA,1,unknown
-0.151361,-0.136304,-0.200664,0.0668206,-0.313811,-0.0196087,-0.153088,-0.0819484,1.02995,0.101967,0.233754,0.219563,-0.217934,0.0136421,0.180251,0.540971,SIRA,1,SIRA
-1.27303,-1.37809,-1.22486,-1.49175,-0.503392,-0.231965,-1.26934,-1.44121,0.570553,0.199629,0.637184,0.437739,1.74283,1.06891,0.403619,0.825628,DERMASON,1,DERMASON
8.11809,5.42711,4.88766,6.18989,0.783571,0.825598,8.0682,5.92427,0.647346,0.15616,-0.650415,-0.86412,-3.57576,-1.83721,-0.871898,-1.16015,BOMBAY,1,unknown
0.559148,0.525234,0.464507,0.716765,0.0319206,0.306537,0.551574,0.642153,1.13943,0.224192,0.0872896,-0.152952,-0.801549,-0.536913,-0.192188,-0.00477256,SIRA,1,SIRA
-0.0931588,-0.0731977,-0.0160676,-0.0641802,0.0353788,0.309462,-0.0946671,-0.0194785,0.643037,0.060455,0.184392,-0.162857,-0.0571181,-0.282556,-0.201938,-0.244665,SIRA,1,SIRA
1.58018,1.57965,1.42324,1.44873,0.593676,0.713573,1.60495,1.56643,1.03855,-1.65027,-0.972762,-0.720951,-1.32147,-1.11961,-0.738367,-1.84268,CALI,1,CALI
-0.624464,-0.607507,-0.417156,-0.854001,0.166908,0.416405,-0.630006,-0.615289,0.484795,0.707704,0.262418,-0.265435,0.828923,-0.0717223,-0.302432,0.703682,DERMASON,1,DERMASON
1.50496,1.38831,0.817916,2.19979,-0.545817,-0.283385,1.49521,1.50209,0.594178,0.0477293,-0.399257,0.464935,-1.87405,-0.4568,0.431734,0.0740388,BARBUNYA,1,CALI
1.81561,2.16734,1.33358,1.95548,0.139823,0.395048,1.83702,1.76448,0.495758,-1.47038,-2.49852,-0.250054,-1.72718,-0.932013,-0.287418,0.304486,BARBUNYA,1,unknown
1.51284,1.62227,1.00549,1.86733,-0.149292,0.144381,1.51916,1.50886,-0.682172,-0.750363,-1.36335,0.0491938,-1.68019,-0.700155,0.00851719,0.678657,BARBUNYA,1,unknown
-0.523038,-0.6202,-0.958248,0.445434,-1.53838,-2.17249,-0.524139,-0.496798,0.073916,0.23016,1.02974,1.80911,-0.589526,1.6289,1.8962,0.845663,SEKER,1,SEKER
-0.755254,-0.865333,-0.940106,-0.323223,-1.02314,-0.989663,-0.7544,-0.77185,0.546761,0.17576,1.10284,1.07191,0.18684,1.13585,1.07485,0.770414,SEKER,1,DERMASON
8.47111,5.61923,5.09905,6.29366,0.883782,0.880522,8.44028,6.11603,-0.561249,-0.257137,-0.703258,-0.937381,-3.61405,-1.87724,-0.939583,-0.806366,BOMBAY,1,unknown
-1.27165,-1.41205,-1.2528,-1.43045,-0.605996,-0.359024,-1.26831,-1.4393,-0.0424285,0.243331,0.921459,0.548996,1.65649,1.17516,0.519014,0.57801,DERMASON,1,DERMASON
-0.649229,-0.658369,-0.53398,-0.731788,-0.118463,0.173255,-0.652664,-0.6446,0.672528,0.525707,0.428655,0.0158174,0.675741,0.155569,-0.0248503,0.622387,DERMASON,1,DERMASON
1.63608,1.54786,0.867495,2.36873,-0.591189,-0.340111,1.63252,1.61391,-0.314969,-0.284622,-0.657472,0.5309,-1.98773,-0.453699,0.500176,0.548966,BARBUNYA,1,unknown
1.23537,1.25444,0.975899,1.35869,0.160078,0.411051,1.23242,1.26698,1.05215,-0.236878,-0.742046,-0.27042,-1.31703,-0.806508,-0.307294,0.271768,BARBUNYA,1,CALI
7.00004,4.85504,3.72891,6.43059,-0.160856,0.133406,6.99436,5.296,0.515924,-0.691564,-0.631755,0.0540797,-3.67755,-1.4524,0.0134094,0.41909,BOMBAY,1,unknown
-0.841505,-0.87941,-0.806759,-0.822316,-0.443557,-0.161971,-0.835801,-0.877584,1.09665,-0.273664,0.556534,0.354887,0.804042,0.572475,0.31834,0.279787,DERMASON,1,DERMASON
-0.684899,-0.683534,-0.57453,-0.763286,-0.150282,0.143445,-0.685005,-0.687087,0.117665,0.228918,0.35002,0.0459889,0.719186,0.203113,0.00530921,0.52427,DERMASON,1,DERMASON
-1.51766,-1.64021,-1.45444,-1.93275,-0.468657,-0.190982,-1.50877,-1.79212,0.782779,-0.36272,0.292289,0.375613,2.53904,1.32388,0.339621,0.0164177,DERMASON,1,DERMASON
-0.47377,-0.443948,-0.483563,-0.326596,-0.387645,-0.0991032,-0.475982,-0.440111,-0.563557,0.302204,0.197163,0.306246,0.191015,0.266105,0.268534,0.758797,SIRA,1,DERMASON
8.48537,5.41046,4.52941,7.1384,0.0942243,0.358327,8.41285,6.12371,1.44943,0.559223,-0.102574,-0.222495,-3.86342,-1.65125,-0.260468,-0.315346,BOMBAY,1,unknown
1.14905,1.04857,0.852092,1.39444,-0.00347641,0.276248,1.13255,1.19013,-0.201402,0.51473,-0.112227,-0.122836,-1.32979,-0.700978,-0.162497,-0.191566,CALI,1,CALI
0.131963,0.0436761,-0.172518,0.760143,-0.767007,-0.578537,0.121779,0.216491,0.414198,0.596539,0.70308,0.738514,-0.853249,0.248745,0.717895,0.477886,BARBUNYA,1,SEKER
7.25032,4.86959,3.83225,6.62067,-0.168281,0.126317,7.20403,5.43957,-0.049714,0.186528,-0.29583,0.0540707,-3.72779,-1.47142,0.0134004,0.137578,BOMBAY,1,unknown
8.06101,5.06461,4.25442,6.96886,-0.0216843,0.260416,7.95562,5.89298,0.419036,1.2985,0.319928,-0.0793941,-3.83601,-1.57592,-0.119539,0.738366,BOMBAY,1,unknown
7.95853,4.99681,3.54973,8.10074,-0.9111,-0.799286,7.87712,5.8366,-0.00308147,0.824596,0.376845,0.913821,-4.11585,-1.18942,0.904461,0.327816,BOMBAY,1,unknown
1.42889,1.15663,0.863301,1.95296,-0.352765,-0.0610639,1.40232,1.43648,0.999709,0.923664,0.406605,0.252462,-1.72282,-0.561535,0.213685,0.203113,BARBUNYA,1,CALI
1.32162,1.66784,1.83579,0.342765,2.0638,1.36726,1.31453,1.34299,-1.07193,-0.0401662,-2.14745,-1.76988,-0.468383,-1.54613,-1.67808,0.0261867,HOROZ,1,HOROZ
0.0186465,0.0439528,0.0495195,0.0956494,-0.00828892,0.27208,0.0124265,0.098807,-0.07998,0.366307,0.107478,-0.107945,-0.234655,-0.296583,-0.14779,0.180312,SIRA,1,SIRA
-0.588334,-0.557965,-0.410683,-0.757891,0.086766,0.352227,-0.588627,-0.572798,0.537895,0.191955,0.182762,-0.193954,0.714205,-0.041294,-0.232493,0.475195,DERMASON,1,DERMASON
1.47257,1.57381,0.631669,2.46738,-0.880835,-0.750804,1.48617,1.47423,0.854906,-1.10909,-1.29626,0.871367,-2.036,-0.195048,0.859051,0.187744,BARBUNYA,1,unknown
2.91474,2.56191,2.56324,2.17929,1.25724,1.06327,2.91447,2.631,0.362682,-0.592098,-1.02179,-1.24105,-1.82535,-1.55901,-1.21549,-1.2881,CALI,1,CALI
1.87178,1.57854,1.45676,1.92119,0.292495,0.511226,1.86981,1.81102,0.795332,-0.39901,-0.0267081,-0.426492,-1.67241,-1.0333,-0.458492,-0.896497,CALI,1,CALI
1.66938,1.8227,1.12668,2.00873,-0.11137,0.179821,1.67751,1.64206,-0.947017,-0.84936,-1.66589,-0.00523832,-1.7562,-0.768807,-0.0458538,0.118715,BARBUNYA,1,unknown
0.569199,0.92391,1.23823,-0.332939,2.00722,1.34914,0.569649,0.651852,-2.94367,-0.28317,-1.77138,-1.74516,0.24227,-1.3893,-1.65697,-0.479963,HOROZ,1,HOROZ
0.561644,0.654594,0.561085,0.541176,0.285641,0.506223,0.559062,0.644563,-1.15766,-0.0909502,-0.558141,-0.375727,-0.673401,-0.671279,-0.40953,0.77951,BARBUNYA,1,SIRA
1.19615,1.37646,0.820267,1.51033,-0.117192,0.174434,1.19898,1.23216,0.713182,-0.536263,-1.40252,0.0173651,-1.43903,-0.633681,-0.023305,0.726868,BARBUNYA,1,unknown
-0.198329,-0.142889,-0.176015,-0.089409,-0.158329,0.135812,-0.196338,-0.132825,1.07543,-0.174192,0.00936423,0.0478124,-0.0490358,-0.0851305,0.00713442,0.28638,SIRA,1,SIRA
-0.411429,-0.579174,-0.748659,0.349726,-1.21713,-1.3665,-0.420789,-0.369162,0.464967,0.888218,1.4937,1.33638,-0.500668,1.08735,1.36442,0.820295,SEKER,1,SEKER
-0.929793,-0.913152,-0.848123,-1.03297,-0.322208,-0.0284548,-0.926304,-0.988005,-0.820972,0.00125831,0.122193,0.232898,1.06883,0.542411,0.193793,0.693742,DERMASON,1,DERMASON
-1.14559,-1.21683,-1.02667,-1.40386,-0.260732,0.0352036,-1.14127,-1.26814,0.690246,0.0323953,0.548799,0.162188,1.61722,0.677793,0.122154,0.52705,DERMASON,1,DERMASON
-1.14729,-1.23936,-1.03628,-1.38207,-0.297253,-0.00230628,-1.1454,-1.27042,1.3915,0.325487,0.705209,0.190058,1.60049,0.704294,0.15034,0.121674,DERMASON,1,DERMASON
0.592453,0.715804,0.818496,0.297332,0.814258,0.842709,0.60057,0.674243,-0.284493,-0.764539,-0.725997,-0.892578,-0.382486,-0.970995,-0.898242,-1.28097,HOROZ,1,HOROZ
0.0480758,0.0729776,-0.116309,0.485235,-0.512891,-0.243346,0.0398615,0.129579,-0.934771,0.498845,0.0962334,0.403201,-0.573602,0.0445194,0.368002,-0.775885,SIRA,1,SIRA
2.28517,3.00248,1.71117,2.25277,0.333778,0.540962,2.32769,2.14558,0.802043,-2.32202,-3.91895,-0.433709,-1.91145,-1.11507,-0.465436,0.273567,BARBUNYA,1,unknown
-0.429494,-0.517153,-0.562201,-0.0285783,-0.720937,-0.513012,-0.434668,-0.389633,-0.507357,0.536036,0.952898,0.662414,-0.0948886,0.521315,0.637684,-0.221202,SIRA,1,DERMASON
-1.07569,-1.18798,-1.07887,-1.06847,-0.64729,-0.412855,-1.078,-1.17572,0.614775,0.761489,0.935527,0.579764,1.14714,0.987595,0.551103,-0.0420716,DERMASON,1,DERMASON
0.985808,1.25376,1.52172,0.115528,1.89819,1.31303,0.975946,1.0426,-2.52374,0.207844,-1.62348,-1.66633,-0.242545,-1.44095,-1.58929,-0.173778,HOROZ,1,HOROZ
0.219725,0.582135,0.114267,0.463239,-0.20953,0.0863269,0.247593,0.306189,-0.709748,-2.07868,-1.68711,0.115391,-0.604127,-0.234846,0.074965,0.797261,BARBUNYA,1,unknown
2.23669,2.29629,1.0236,3.32702,-0.936436,-0.8408,2.27198,2.10704,0.222471,-2.02908,-1.81042,0.953651,-2.50256,-0.358094,0.947198,0.581451,BARBUNYA,1,unknown
8.34236,5.50949,4.57186,7.02931,0.169764,0.418638,8.32977,6.04644,-0.0486346,-0.607444,-0.574604,-0.353031,-3.79576,-1.68651,-0.387572,-2.46438,BOMBAY,1,unknown
0.686982,0.993912,0.423363,1.06159,-0.263509,0.0323822,0.693913,0.764526,-0.640639,-0.702375,-1.61898,0.16262,-1.0968,-0.385484,0.12259,0.435614,BARBUNYA,1,unknown
0.327261,0.639044,0.847925,-0.243799,1.37218,1.11339,0.357656,0.414456,-1.34436,-2.21529,-1.48516,-1.37735,0.246632,-1.15057,-1.3369,-3.36174,HOROZ,1,HOROZ
-0.0268114,-0.0243757,0.00315516,0.04722,-0.0301609,0.252985,-0.038054,0.0509814,-0.797489,0.769222,0.259402,-0.0775733,-0.196534,-0.255624,-0.117735,0.491364,SIRA,1,SIRA
-0.506549,-0.475526,-0.472361,-0.434724,-0.284132,0.0112725,-0.510131,-0.477765,-0.692984,0.444158,0.188228,0.191088,0.3169,0.197784,0.151384,0.666781,DERMASON,1,DERMASON
1.50207,1.5133,0.331446,3.11472,-1.48054,-2.00591,1.50496,1.49961,0.171327,-0.579656,-0.949482,1.71776,-2.40092,0.372211,1.79202,0.757365,BARBUNYA,1,unknown
1.45707,1.56746,0.837949,2.03845,-0.430799,-0.147416,1.46487,1.46085,0.259943,-0.819668,-1.32055,0.350668,-1.78886,-0.511514,0.314012,0.63646,BARBUNYA,1,unknown
0.774416,0.748557,0.413324,1.29264,-0.428624,-0.144947,0.769828,0.847014,0.840263,-0.0305643,-0.130072,0.333595,-1.26375,-0.307594,0.296515,0.114911,BARBUNYA,1,SIRA
2.29745,2.01109,1.81708,2.14418,0.515491,0.664147,2.26836,2.15532,-1.39978,0.692569,-0.559686,-0.615719,-1.82675,-1.20293,-0.639155,-0.421086,CALI,1,CALI
1.73429,1.6534,0.497801,3.32569,-1.41809,-1.83795,1.74013,1.69663,0.748793,-0.745673,-0.787806,1.60401,-2.49085,0.209075,1.66325,0.11155,BARBUNYA,1,unknown
1.9535,1.89715,0.984087,2.83893,-0.730193,-0.525994,1.96929,1.87824,0.539523,-1.20967,-1.10685,0.683605,-2.24149,-0.447057,0.659972,0.125922,BARBUNYA,1,unknown
2.36636,2.65261,1.60794,2.54206,0.0459073,0.31833,2.38081,2.20975,0.374584,-1.14826,-2.68446,-0.145022,-2.09439,-0.988865,-0.184377,0.801364,BARBUNYA,1,unknown
10.4226,6.2504,5.03675,8.69221,-0.189854,0.105533,10.3136,7.12664,1.15303,0.929319,0.0233464,0.0664762,-4.24107,-1.66027,0.0258305,-0.229276,BOMBAY,1,unknown
-0.372212,-0.436256,-0.382517,-0.211589,-0.340193,-0.0475681,-0.378701,-0.324963,-0.284553,0.612107,0.785984,0.247041,0.0736869,0.157721,0.208171,0.500066,SIRA,1,SIRA
-0.519884,-0.694263,-0.898647,0.327797,-1.39393,-1.77598,-0.529303,-0.493154,-0.113782,0.982003,1.56927,1.5909,-0.480998,1.41404,1.64847,0.845244,SEKER,1,SEKER
0.640473,0.655825,0.241199,1.346,-0.65629,-0.424804,0.656602,0.720252,0.602474,-1.25805,-0.228425,0.54964,-1.25742,-0.115138,0.519684,-1.46028,CALI,1,unknown
-0.839535,-0.898508,-0.80286,-0.82709,-0.43368,-0.150692,-0.842708,-0.875145,0.247203,0.644384,0.706139,0.347614,0.805107,0.564684,0.310881,0.41336,DERMASON,1,DERMASON
-0.742575,-0.6769,-0.527102,-0.928768,0.0719944,0.340066,-0.71967,-0.756479,-0.0240784,-1.99523,-0.0922618,-0.24884,1.03705,0.0158247,-0.286232,-2.09408,SIRA,1,unknown
-0.178491,-0.189753,-0.107472,-0.163879,-0.00487117,0.275042,-0.191045,-0.111285,-0.925728,0.976439,0.400454,-0.0977243,0.0160051,-0.197199,-0.137684,0.68375,SIRA,1,SIRA
9.19167,5.87903,4.77868,7.71392,0.0222224,0.298302,9.10531,6.49849,1.14607,0.717473,-0.477205,-0.18823,-3.98902,-1.6797,-0.226874,-1.66087,BOMBAY,1,unknown
1.94377,1.90289,1.51314,1.93123,0.345066,0.548975,1.96006,1.87027,-1.36731,-1.23187,-1.15824,-0.449756,-1.70491,-1.05914,-0.48086,0.0587336,BARBUNYA,1,CALI
-1.01992,-1.06282,-0.87064,-1.26659,-0.140684,0.152499,-1.02029,-1.10316,0.905138,0.488654,0.468666,0.0342915,1.41186,0.451414,-0.00639227,0.460029,DERMASON,1,DERMASON
-0.277946,-0.316934,-0.333631,-0.0352934,-0.411548,-0.12569,-0.278321,-0.220043,-0.0232697,0.0480035,0.602332,0.321814,-0.108222,0.158911,0.284454,0.370933,SIRA,1,SIRA
0.984954,1.28247,1.27808,0.737291,0.998425,0.940124,1.08433,1.04182,-2.62454,-5.78399,-1.74547,-1.2277,-0.541008,-1.23874,-1.20352,-8.61675,HOROZ,1,unknown
1.58293,2.13249,1.36975,1.45873,0.526859,0.671461,1.62987,1.56878,-0.165948,-2.71351,-3.02426,-0.613913,-1.38266,-1.06733,-0.637445,0.0333353,BARBUNYA,1,unknown
1.55961,1.52544,1.0231,1.93507,-0.173581,0.121237,1.56777,1.54889,-0.363244,-0.843983,-0.81186,0.0737966,-1.72349,-0.69819,0.0331714,0.654726,BARBUNYA,1,CALI
0.284233,0.639376,0.965766,-0.559049,1.88188,1.30749,0.284001,0.371348,-1.60379,-0.163276,-1.67095,-1.67689,0.527017,-1.2882,-1.59839,-1.07617,HOROZ,1,HOROZ
1.04992,0.961159,0.807445,1.22236,0.0662551,0.335313,1.03869,1.1009,-0.0394449,0.262517,-0.0714125,-0.168946,-1.2269,-0.699545,-0.207926,0.657532,BARBUNYA,1,CALI
1.50108,1.74058,0.994929,1.89624,-0.178817,0.116202,1.52516,1.49876,-0.867002,-1.62513,-1.86485,0.0564542,-1.67587,-0.693081,0.0157876,-0.174789,BARBUNYA,1,unknown
-0.0507227,0.487231,0.820537,-1.08695,2.31657,1.44339,-0.0461232,0.0256788,0.0474724,-0.419332,-2.45668,-1.95892,1.22238,-1.33474,-1.83793,-1.27182,HOROZ,1,HOROZ
12.3353,7.23957,6.12672,9.11751,0.309324,0.523431,12.3154,8.04807,1.39411,-0.637593,-0.41297,-0.425327,-4.33121,-1.89108,-0.457371,-0.263882,BOMBAY,1,unknown
-0.364855,-0.156696,0.198797,-1.04966,1.30829,1.08585,-0.371212,-0.316708,-1.93272,0.596078,-0.848526,-1.25525,1.1319,-0.852305,-1.22821,-0.317171,HOROZ,1,HOROZ
-0.336411,-0.279615,-0.212019,-0.378516,0.0334693,0.307848,-0.337258,-0.284899,0.995922,0.113535,0.0255078,-0.158705,0.282359,-0.158992,-0.197852,-0.160906,SIRA,1,SIRA
-0.777851,-0.931635,-1.19346,0.124431,-1.65258,-2.53795,-0.780544,-0.799354,0.431009,0.546544,1.41816,1.9937,-0.290299,2.07985,2.10877,0.990491,SEKER,1,SEKER
2.1304,1.90936,1.67773,2.06198,0.427716,0.606157,2.10692,2.02191,-1.06072,0.505734,-0.633349,-0.545469,-1.76726,-1.14068,-0.572425,-0.724449,CALI,1,CALI
-0.670973,-0.833327,-0.964492,-0.00492997,-1.27177,-1.48544,-0.678808,-0.670461,-0.05937,0.966057,1.49537,1.40915,-0.150063,1.37697,1.4451,0.68367,SEKER,1,SEKER
-0.270063,-0.204487,-0.18379,-0.263548,-0.0255242,0.257054,-0.267347,-0.211352,-0.100842,-0.208464,-0.0356805,-0.0883432,0.138577,-0.144257,-0.128401,0.26627,SIRA,1,SIRA
2.81943,2.20063,1.74133,3.17571,-0.195499,0.100047,2.77181,2.55922,1.23379,1.24879,0.129013,0.0888758,-2.42251,-0.954449,0.0483064,0.369539,CALI,1,CALI
2.29778,2.10567,1.40305,2.77898,-0.294008,0.00106252,2.3029,2.15558,0.615424,-0.756358,-0.933319,0.189,-2.21117,-0.8037,0.14927,0.209198,BARBUNYA,1,unknown
10.4779,6.52895,5.70364,7.66611,0.646557,0.745874,10.3814,7.15414,0.494956,0.71006,-0.636639,-0.708608,-4.01183,-1.90012,-0.726776,0.3951,BOMBAY,1,unknown
9.01739,5.88752,4.82376,7.43133,0.168157,0.417382,9.07716,6.40704,0.68768,-1.97545,-0.718597,-0.332164,-3.91572,-1.71724,-0.367346,-1.74453,BOMBAY,1,unknown
-0.371358,-0.382807,-0.372683,-0.233585,-0.309236,-0.0148098,-0.375731,-0.324004,0.588504,0.430759,0.449661,0.219911,0.0894688,0.136706,0.180604,0.731422,SIRA,1,DERMASON
1.40491,1.55808,1.10349,1.55198,0.166119,0.415788,1.43027,1.41568,0.274312,-1.69994,-1.45167,-0.307638,-1.42227,-0.868991,-0.343529,-0.902513,BARBUNYA,1,CALI
7.14377,4.65348,3.57713,6.93579,-0.473227,-0.196318,7.05814,5.37867,1.09061,1.07742,0.200583,0.372668,-3.80917,-1.34086,0.336595,-0.270113,BOMBAY,1,unknown
1.10458,0.964355,0.85589,1.27247,0.0858185,0.35145,1.08866,1.15023,1.23753,0.500985,0.124427,-0.196214,-1.25575,-0.730295,-0.234711,0.356664,BARBUNYA,1,CALI
-0.557722,-0.670772,-0.887716,0.186134,-1.29281,-1.53295,-0.56074,-0.537043,0.569974,0.425395,1.14168,1.44506,-0.347,1.30883,1.48507,0.878798,SEKER,1,SEKER
-0.582947,-0.672031,-0.694378,-0.261389,-0.728979,-0.524286,-0.588175,-0.56649,0.599177,0.646917,0.976572,0.698475,0.121223,0.661076,0.675634,0.691961,DERMASON,1,DERMASON
6.69766,4.40677,3.28095,6.81826,-0.632228,-0.393032,6.64022,5.12014,0.22103,0.521418,0.265654,0.556919,-3.77742,-1.22771,0.527269,-0.220248,BOMBAY,1,unknown
-0.392313,-0.418756,-0.33465,-0.353448,-0.158822,0.135343,-0.401811,-0.347576,-0.690758,0.885259,0.547759,0.0593702,0.22359,0.0291909,0.0187089,0.689015,DERMASON,1,DERMASON
1.90718,1.78556,1.74717,1.57659,0.853754,0.86435,1.90577,1.84021,0.21788,-0.429296,-0.797228,-0.927894,-1.42554,-1.2793,-0.930843,-1.39544,CALI,1,CALI
2.22191,2.12784,1.94918,1.86594,0.852649,0.86375,2.23409,2.09525,-1.21665,-1.05187,-1.23033,-0.932335,-1.61671,-1.33382,-0.934936,-1.60528,CALI,1,CALI
0.0740236,0.213425,0.375378,-0.209488,0.692167,0.773034,0.0900838,0.156588,-1.09299,-1.27626,-0.541501,-0.802045,0.149879,-0.754474,-0.814206,-1.7238,SIRA,1,SIRA
-0.657243,-0.820419,-1.08494,0.286826,-1.607,-2.38571,-0.667576,-0.654118,0.74009,1.19415,1.5017,1.91973,-0.445844,1.87178,2.02326,0.949979,SEKER,1,SEKER
9.79471,6.01148,4.95682,8.08316,-0.00956627,0.270972,9.70004,6.80998,0.939184,0.77681,-0.0862392,-0.124312,-4.09864,-1.6906,-0.163954,-0.469962,BOMBAY,1,unknown
-1.16024,-1.16127,-0.985164,-1.51925,-0.0784317,0.209935,-1.15372,-1.28773,-0.515279,-0.223507,0.0125491,-0.0288448,1.80131,0.524505,-0.0693589,0.486932,DERMASON,1,DERMASON
0.311363,0.514575,0.199956,0.541789,-0.161305,0.132978,0.315632,0.398561,-0.621476,-0.474705,-0.961914,0.0649385,-0.674525,-0.306418,0.0242891,0.797918,BARBUNYA,1,SIRA
2.27978,2.20835,0.89892,3.71195,-1.22438,-1.38193,2.29373,2.14131,-0.297867,-1.12741,-1.37369,1.30902,-2.66148,-0.150716,1.3342,-0.416869,BARBUNYA,1,unknown
1.12691,1.29409,0.729073,1.50798,-0.216224,0.0797378,1.14178,1.1703,-0.601849,-1.17566,-1.29604,0.124749,-1.44171,-0.550787,0.0843861,0.880833,BARBUNYA,1,unknown
-0.770757,-0.943062,-1.06685,-0.11358,-1.33836,-1.63931,-0.778155,-0.790705,0.409769,1.01588,1.55854,1.50369,-0.0362365,1.56654,1.55056,0.652136,SEKER,1,SEKER
1.88938,1.7964,1.1886,2.36278,-0.264463,0.0314114,1.88117,1.82555,1.54351,-0.115779,-0.895626,0.144835,-1.96374,-0.738295,0.104634,-0.243079,BARBUNYA,1,unknown
0.362274,0.740727,1.1312,-0.61234,2.18288,1.40407,0.35133,0.449331,0.269679,0.528877,-1.79947,-1.86211,0.576711,-1.39547,-1.75643,-0.678327,HOROZ,1,HOROZ
7.15389,5.04604,4.20567,5.97745,0.390084,0.58044,7.15368,5.38446,1.1749,-0.818538,-0.949345,-0.524323,-3.50838,-1.67087,-0.552259,-1.21233,BOMBAY,1,unknown
-1.29083,-1.38751,-1.22798,-1.5381,-0.464877,-0.186581,-1.28425,-1.46588,-0.652521,-0.163263,0.543244,0.384512,1.83195,1.0386,0.348769,0.482925,DERMASON,1,DERMASON
-1.23217,-1.32956,-1.15718,-1.46998,-0.41193,-0.126118,-1.23112,-1.38505,-0.657651,0.503229,0.637323,0.332481,1.71202,0.922898,0.295373,0.736328,DERMASON,1,DERMASON
0.775336,1.07962,1.29499,-0.0193469,1.74152,1.2582,0.771829,0.847876,-2.42653,-0.0949943,-1.65386,-1.55142,-0.119452,-1.34546,-1.48974,0.218545,HOROZ,1,HOROZ
1.57597,1.92203,1.15695,1.8145,0.0460993,0.318491,1.59837,1.56285,0.665662,-1.53572,-2.31404,-0.191901,-1.60136,-0.847712,-0.230479,-0.927612,BARBUNYA,1,unknown
0.239104,0.214138,0.232978,0.327762,0.0435334,0.316336,0.220223,0.325831,1.17015,1.14509,0.269709,-0.153005,-0.467098,-0.418678,-0.192241,0.418357,SIRA,1,SIRA
0.809757,0.768908,0.686178,0.904624,0.156628,0.408338,0.795068,0.880086,-0.590127,0.55482,-0.0857232,-0.261921,-0.972415,-0.682728,-0.299003,0.465713,BARBUNYA,1,SIRA
2.35467,2.00386,1.54263,2.64088,-0.0780688,0.210264,2.32878,2.20054,-0.328024,0.537909,-0.365932,-0.0293368,-2.14197,-0.928398,-0.0698483,0.482437,CALI,1,CALI
-0.0268114,-0.000206882,-0.105486,0.223711,-0.309185,-0.0147555,-0.0286938,0.0509814,-0.0480568,0.0620691,0.119735,0.217407,-0.375573,-0.0513241,0.178063,0.643306,BARBUNYA,1,SIRA
-0.602195,-0.558242,-0.516007,-0.617918,-0.19183,0.103615,-0.596374,-0.589061,-1.04698,-0.369729,0.093306,0.0824343,0.547997,0.175852,0.0418387,0.275189,DERMASON,1,DERMASON
11.1106,6.70739,5.72475,8.46815,0.320496,0.53147,11.0537,7.46517,1.3929,-0.00704088,-0.384278,-0.464957,-4.17298,-1.85548,-0.495453,-1.37122,BOMBAY,1,unknown
2.57026,2.47832,1.89615,2.52576,0.341464,0.546423,2.5593,2.36878,1.00559,-0.12927,-1.58909,-0.466026,-2.04731,-1.17888,-0.496478,-0.683131,BARBUNYA,1,CALI
-0.51325,-0.661433,-0.838927,0.23231,-1.25885,-1.45675,-0.521686,-0.485492,0.0339932,0.887315,1.38217,1.38865,-0.382788,1.21789,1.42233,0.611273,SEKER,1,SEKER
-0.51903,-0.58645,-0.588434,-0.268315,-0.578092,-0.323548,-0.524139,-0.492167,0.955512,0.590261,0.828191,0.520133,0.128355,0.466753,0.48898,0.705356,DERMASON,1,DERMASON
2.15589,2.50364,1.69232,2.06436,0.441242,0.615272,2.18438,2.0424,1.16994,-1.75207,-2.72662,-0.543764,-1.78295,-1.14447,-0.5708,-0.195724,BARBUNYA,1,unknown
-0.0922392,0.0271439,0.111488,-0.287311,0.40179,0.588496,-0.0942152,-0.0184964,-0.524539,0.0961013,-0.381158,-0.489068,0.155364,-0.497004,-0.518559,0.532911,SIRA,1,SIRA
0.249943,0.40468,-0.0344562,0.821749,-0.641679,-0.405445,0.259858,0.336792,1.05125,-0.849114,-0.692866,0.578711,-0.89475,0.0733065,0.550004,0.152198,BARBUNYA,1,unknown
1.11423,1.31086,0.990566,1.07819,0.382354,0.575093,1.14282,1.15892,-1.38765,-1.91272,-1.4111,-0.473497,-1.11029,-0.885811,-0.503641,0.45286,BARBUNYA,1,unknown
1.67957,1.6026,1.49007,1.59773,0.556748,0.690482,1.68848,1.65064,1.46108,-0.887646,-0.749123,-0.725037,-1.38783,-1.14162,-0.7422,-3.22712,CALI,1,CALI
0.495757,0.516657,0.43906,0.619053,0.0747837,0.342371,0.491475,0.580659,0.135619,0.0375351,-0.150258,-0.200041,-0.711502,-0.543676,-0.238465,-0.186424,SIRA,1,SIRA
1.51127,1.74342,1.06279,1.80834,-0.0503363,0.235146,1.52323,1.50751,1.48122,-1.0286,-1.8443,-0.0776539,-1.6157,-0.770183,-0.117815,-0.259385,BARBUNYA,1,unknown
1.46325,1.97819,1.0213,1.84925,-0.120956,0.170941,1.52394,1.46618,0.372669,-3.4278,-2.84108,-0.0528623,-1.59537,-0.744532,-0.0932268,-1.97615,BARBUNYA,1,unknown
1.79676,2.11397,0.998292,2.52461,-0.547423,-0.285362,1.83831,1.7488,0.778283,-2.39772,-2.36507,0.445488,-2.04686,-0.54643,0.411624,-0.674944,BARBUNYA,1,unknown
1.23865,1.51623,1.77349,0.311163,2.01764,1.35251,1.24332,1.26989,-0.40231,-0.639376,-1.82734,-1.76897,-0.39818,-1.53162,-1.67731,-1.20425,HOROZ,1,HOROZ
0.196339,0.254272,0.300109,0.138843,0.283372,0.504563,0.199695,0.282407,-1.17168,-0.38741,-0.160128,-0.397809,-0.266967,-0.556083,-0.430853,-0.134523,SIRA,1,SIRA
-0.181513,-0.164153,-0.236304,0.0863205,-0.375453,-0.0857058,-0.183815,-0.114561,0.381589,0.160864,0.229619,0.255315,-0.199585,0.055745,0.216589,-0.582096,SIRA,1,SIRA
1.31525,1.53526,0.616964,2.14166,-0.719309,-0.510738,1.33241,1.3374,0.112203,-1.29147,-1.65202,0.67563,-1.84444,-0.270396,0.65158,0.304696,BARBUNYA,1,unknown
0.517829,0.832664,1.28028,-0.506579,2.26918,1.42969,0.503934,0.602132,1.11742,0.644237,-1.57389,-1.89552,0.417323,-1.44631,-1.78465,0.205141,HOROZ,1,HOROZ
-0.542548,-0.591804,-0.762334,0.011667,-1.01482,-0.974897,-0.542536,-0.519401,-0.655528,0.139612,0.707255,1.03731,-0.142858,0.92346,1.03738,-0.0272389,DERMASON,1,DERMASON
-0.0720065,-0.0762413,-0.0818869,0.0808462,-0.168736,0.125882,-0.0787225,0.00307089,1.29978,0.450744,0.317979,0.0579839,-0.222634,-0.14126,0.01732,0.262789,SIRA,1,SIRA
1.17651,1.39336,1.64154,0.31865,1.84203,1.29379,1.16831,1.21467,0.115377,0.0569633,-1.53939,-1.62535,-0.444032,-1.4591,-1.55391,-0.0259567,HOROZ,1,HOROZ
1.05143,1.61528,0.773606,1.29021,-0.0197257,0.262127,1.08001,1.10227,0.506911,-1.92418,-2.80961,-0.0904261,-1.27033,-0.654843,-0.130463,0.404,BARBUNYA,1,unknown
-1.03063,-1.05202,-0.870986,-1.31006,-0.0992075,0.191012,-1.02991,-1.11701,1.15872,0.373612,0.303772,0.00245173,1.46046,0.433876,-0.038187,0.856748,DERMASON,1,DERMASON
0.319509,0.835908,0.841532,-0.361596,1.48707,1.16097,0.32964,0.40671,1.10778,-0.869441,-2.38614,-1.37718,0.25581,-1.14833,-1.33674,0.0440347,HOROZ,1,HOROZ
1.47225,1.40347,0.909707,1.96708,-0.312659,-0.0183995,1.45906,1.47394,-0.0997456,0.228897,-0.577408,0.207268,-1.73029,-0.599563,0.167778,0.143549,BARBUNYA,1,CALI
-0.27972,-0.200842,-0.0707185,-0.438838,0.285141,0.505857,-0.286261,-0.222,1.41268,0.557122,-0.112527,-0.413597,0.370005,-0.362574,-0.446075,-0.667892,SIRA,1,SIRA
2.49189,2.79127,2.19001,1.92528,1.06263,0.972088,2.5247,2.308,-2.00907,-1.88797,-2.82133,-1.05663,-1.70287,-1.42818,-1.04882,0.125407,BARBUNYA,1,unknown
2.01025,1.89697,1.75512,1.8038,0.691968,0.772917,2.05792,1.92461,-1.36247,-2.61215,-0.938224,-0.824224,-1.54786,-1.24984,-0.834855,-2.58971,CALI,1,CALI
-0.759326,-0.76459,-0.64702,-0.841161,-0.188756,0.106597,-0.754593,-0.776797,1.04931,-0.208414,0.369091,0.0705723,0.840695,0.275024,0.0299376,-0.0389025,DERMASON,1,DERMASON
-0.675834,-0.861425,-0.990924,0.0307983,-1.32965,-1.61859,-0.685005,-0.676258,0.390614,1.10004,1.66713,1.49518,-0.189869,1.46476,1.54103,0.785854,SEKER,1,SEKER
8.57904,5.52178,4.66313,7.00904,0.240941,0.473116,8.49767,6.17406,1.0672,0.71837,-0.291565,-0.348237,-3.83816,-1.69844,-0.382929,0.236276,BOMBAY,1,unknown
1.51619,2.35143,1.47252,1.1905,0.8495,0.86204,1.53775,1.51173,-1.60606,-1.50003,-3.89867,-0.894675,-1.17685,-1.1907,-0.900181,-0.2261,BARBUNYA,1,unknown
-0.0303587,0.0357351,0.0187351,0.017094,0.0148605,0.292019,-0.0321151,0.0472342,-0.725186,0.0539946,-0.103274,-0.12594,-0.161835,-0.286584,-0.165561,0.368283,SIRA,1,SIRA
2.35598,2.02788,1.98392,1.99265,0.795963,0.832539,2.32323,2.20157,0.458185,0.826963,-0.459969,-0.848877,-1.73844,-1.31809,-0.85776,-0.160772,CALI,1,CALI
1.12934,1.12838,0.740747,1.51032,-0.204881,0.0908866,1.12545,1.17248,-0.680572,-0.162971,-0.557707,0.101259,-1.43154,-0.565419,0.0607489,0.461642,BARBUNYA,1,CALI
-0.620457,-0.767101,-0.981493,0.186854,-1.41457,-1.82882,-0.626133,-0.61056,0.32511,0.717262,1.38162,1.62048,-0.345553,1.53461,1.68184,0.813834,SEKER,1,SEKER
0.537864,0.87654,0.704189,0.481867,0.511493,0.661565,0.584754,0.621567,0.0122906,-3.17122,-1.68808,-0.735355,-0.427527,-0.869386,-0.751876,-5.12306,HOROZ,1,unknown
1.57965,1.57995,0.975998,2.05332,-0.296084,-0.00109241,1.59553,1.56598,-0.227411,-1.22,-0.975697,0.205337,-1.80036,-0.628895,0.165821,0.717324,BARBUNYA,1,unknown
1.21119,1.39483,0.972166,1.32245,0.18166,0.427897,1.22744,1.24554,0.168089,-1.24752,-1.42746,-0.296531,-1.28448,-0.814593,-0.332727,0.0676912,BARBUNYA,1,CALI
2.28714,2.26997,1.22758,3.0559,-0.611689,-0.366351,2.28908,2.14715,0.68218,-0.621754,-1.58063,0.551566,-2.3631,-0.603619,0.521691,0.434726,BARBUNYA,1,unknown
1.7375,1.51129,0.704509,2.91696,-1.03704,-1.01455,1.74148,1.69932,0.143915,-0.658252,-0.166382,1.06746,-2.28011,-0.150366,1.07002,0.00397575,BARBUNYA,1,unknown
1.99409,2.48512,1.70449,1.74387,0.681704,0.766859,2.03081,1.91143,0.868752,-2.13515,-3.07741,-0.750803,-1.57759,-1.213,-0.766346,-0.0779655,BARBUNYA,1,unknown
1.7982,1.64496,1.14693,2.36715,-0.308996,-0.0145584,1.87001,1.75001,-0.868453,-3.77314,-0.549969,0.118247,-1.89641,-0.731623,0.0778397,-2.90504,CALI,1,unknown
-0.869424,-0.920782,-0.956972,-0.645714,-0.807904,-0.638674,-0.8684,-0.912255,1.0496,0.227814,0.636725,0.791523,0.570882,0.982092,0.774044,0.572442,DERMASON,1,DERMASON
0.846544,0.914599,0.363561,1.55499,-0.647954,-0.413734,0.854263,0.914349,-0.169293,-0.765708,-0.642199,0.58048,-1.44872,-0.172827,0.551851,-0.0444058,BARBUNYA,1,unknown
-1.33977,-1.50016,-1.41969,-1.35988,-0.94003,-0.846759,-1.33428,-1.53437,0.274248,0.0110375,0.976268,0.957062,1.54897,1.67917,0.950864,0.540621,DERMASON,1,DERMASON
8.08203,5.14521,3.99465,7.45151,-0.390432,-0.102181,8.00152,5.90451,-0.254759,0.784343,0.107789,0.301132,-3.95888,-1.43951,0.263309,0.466102,BOMBAY,1,unknown
-1.6338,-1.86124,-1.78429,-1.74571,-1.22355,-1.38014,-1.62044,-1.96873,-0.0501289,-1.01934,0.880143,1.30203,2.22948,2.56591,1.32649,-0.608635,DERMASON,1,unknown
2.65133,2.41941,2.16419,2.30838,0.756021,0.81001,2.67827,2.43119,-1.51975,-1.63765,-1.16859,-0.852172,-1.89605,-1.36398,-0.860818,-1.58825,CALI,1,CALI
7.26674,4.67662,3.83398,6.63184,-0.171756,0.122989,7.18498,5.44893,1.06469,0.965144,0.321151,0.0613808,-3.73342,-1.46991,0.0207235,0.27198,BOMBAY,1,unknown
-1.38996,-1.48694,-1.21684,-1.90261,-0.0762602,0.211899,-1.38696,-1.60565,-0.703788,0.390928,0.368784,-0.0240456,2.44992,0.769344,-0.064584,0.74428,DERMASON,1,DERMASON
0.00787321,-0.195488,-0.526524,1.11103,-1.39347,-1.77481,-0.00829505,0.0875052,0.780648,1.11682,1.50133,1.58901,-1.14626,1.00901,1.64635,0.806323,SEKER,1,SEKER
-0.856745,-0.834531,-0.667439,-1.1124,0.0315055,0.306186,-0.851487,-0.896483,-1.28828,-0.221227,0.134092,-0.135511,1.18217,0.182916,-0.175002,0.625646,DERMASON,1,DERMASON
-0.495645,-0.321312,0.0531584,-1.17575,1.22744,1.04983,-0.502965,-0.465212,0.953424,0.772832,-0.676178,-1.19352,1.30884,-0.759986,-1.1728,-0.274983,HOROZ,1,HOROZ
8.71062,5.75543,4.80561,7.15003,0.276344,0.499405,8.85149,6.24445,-1.6723,-3.51685,-0.757649,-0.462508,-3.82241,-1.74274,-0.493103,-2.81356,BOMBAY,1,unknown
0.926424,0.929167,0.72378,1.0956,0.0607022,0.330699,0.931404,0.988191,0.452432,-0.617744,-0.398187,-0.166553,-1.12654,-0.662387,-0.205574,0.543595,BARBUNYA,1,CALI
1.33916,1.23485,1.11256,1.4071,0.278432,0.50094,1.35448,1.35835,-1.24508,-1.19685,-0.285035,-0.41572,-1.31617,-0.910715,-0.44812,-0.98293,CALI,1,CALI
-0.5099,-0.671968,-1.00551,0.598576,-1.68287,-2.64436,-0.518716,-0.481627,0.659655,0.919048,1.4796,2.0319,-0.720011,1.83958,2.15311,0.653211,SEKER,1,SEKER
5.78338,4.03298,3.25679,5.53114,-0.109963,0.18112,5.74106,4.57104,0.234345,0.305806,-0.08917,-0.0238231,-3.37571,-1.37987,-0.0643626,-0.50774,BOMBAY,1,unknown
-0.202928,-0.12451,-0.0790973,-0.256476,0.112291,0.372993,-0.192207,-0.137829,-0.317068,-0.86755,-0.123262,-0.226314,0.133281,-0.273433,-0.264207,0.196176,SIRA,1,SIRA
0.0182523,-0.137832,-0.323194,0.734027,-0.931956,-0.833397,0.0023562,0.0983939,0.9159,1.08868,1.19257,0.952098,-0.838791,0.474894,0.945529,0.723945,SEKER,1,SEKER
0.00590249,0.372826,0.666386,-0.730332,1.64466,1.22244,0.0349555,0.0854356,1.23614,-2.2318,-1.67094,-1.55615,0.802699,-1.14906,-1.49386,-2.7517,HOROZ,1,unknown
0.555864,0.993629,1.35009,-0.452191,2.30286,1.43945,0.563903,0.63898,1.70788,-0.755988,-2.1201,-1.96236,0.426473,-1.48436,-1.84081,-1.78359,HOROZ,1,HOROZ
0.17742,-0.0254618,-0.490459,1.5137,-1.56441,-2.25126,0.162254,0.263105,0.0527109,0.925246,1.3633,1.84664,-1.44216,1.123,1.9392,0.75344,SEKER,1,SEKER
0.630028,0.491001,0.1959,1.33507,-0.700489,-0.484652,0.615546,0.71027,-0.744477,0.625663,0.586601,0.652354,-1.29998,-0.0409274,0.627116,0.281928,SIRA,1,SEKER
1.79295,1.66887,1.15695,2.23178,-0.218043,0.0779418,1.7857,1.74563,-0.266268,-0.140205,-0.66747,0.0899259,-1.87972,-0.745936,0.049361,-0.451014,BARBUNYA,1,CALI
-0.275253,-0.303341,-0.35613,0.0221119,-0.484851,-0.209966,-0.277933,-0.217072,0.473195,0.236362,0.533449,0.394851,-0.15618,0.212679,0.359405,0.0513015,SIRA,1,SIRA
0.449314,0.800119,1.12504,-0.31514,1.83034,1.28972,0.481663,0.535253,-0.638334,-2.30168,-1.70629,-1.71769,0.358398,-1.34876,-1.63344,-4.22187,HOROZ,1,unknown
1.18347,1.4499,0.604469,1.88929,-0.587587,-0.33554,1.21195,1.22087,1.31547,-1.89455,-1.74575,0.50799,-1.67316,-0.334321,0.476365,-0.107889,BARBUNYA,1,unknown
7.78603,5.4542,4.75871,6.05947,0.755495,0.80971,7.90288,5.7411,0.892623,-3.23332,-1.17504,-0.880561,-3.50556,-1.82454,-0.887126,-2.71056,BOMBAY,1,unknown
7.24145,4.56003,3.27359,7.61591,-0.925791,-0.823254,7.17194,5.43451,1.22742,0.699377,0.654861,0.923246,-3.99284,-1.12308,0.914562,0.0112333,BOMBAY,1,unknown
1.4034,1.591,1.46799,1.04139,0.965917,0.923559,1.44273,1.41437,-1.16008,-2.39868,-1.58864,-1.0286,-1.01364,-1.23181,-1.02325,-1.7991,CALI,1,CALI
0.159224,0.402923,0.588257,-0.360014,1.13251,1.00579,0.153475,0.244486,-0.881684,0.2662,-1.10387,-1.12257,0.267768,-0.965683,-1.10873,-0.339077,HOROZ,1,HOROZ
1.76463,1.88242,1.98836,1.1202,1.5011,1.16662,1.84793,1.72202,-2.83879,-4.31313,-1.60943,-1.5026,-0.98769,-1.50651,-1.44712,-4.68266,HOROZ,1,unknown
7.49981,5.04313,3.90035,6.90587,-0.238927,0.0571803,7.50633,5.58096,0.882405,-0.971763,-0.435291,0.102886,-3.79186,-1.47163,0.0623852,-0.778782,BOMBAY,1,unknown
-0.908838,-0.902977,-0.716081,-1.183,0.0236818,0.299544,-0.908488,-0.961589,-0.399586,0.325375,0.211632,-0.132219,1.28956,0.224614,-0.171755,0.460231,DERMASON,1,DERMASON
9.05096,5.72738,4.8913,7.25954,0.286578,0.506908,8.95496,6.42471,1.46187,0.920371,-0.24347,-0.400627,-3.89886,-1.741,-0.433572,-0.128255,BOMBAY,1,unknown
-0.724182,-0.728531,-0.585193,-0.856592,-0.0823545,0.206381,-0.729611,-0.734255,-0.960912,0.777137,0.375925,-0.0255792,0.841632,0.174383,-0.06611,0.460153,DERMASON,1,DERMASON
-0.642857,-0.809961,-1.00144,0.167922,-1.42884,-1.86603,-0.650727,-0.637043,0.942686,0.944356,1.5304,1.63221,-0.316922,1.56749,1.69508,0.506357,SEKER,1,SEKER
0.405235,0.789494,1.12291,-0.511566,2.05114,1.36324,0.403489,0.491877,-3.26316,-0.0981636,-1.83888,-1.78104,0.460014,-1.36796,-1.6876,-0.797595,HOROZ,1,HOROZ
1.99081,1.94377,1.97989,1.36287,1.28285,1.07466,1.96296,1.90875,1.43683,0.74891,-1.18029,-1.23684,-1.30243,-1.42968,-1.21172,-0.340623,CALI,1,CALI
1.46489,1.36737,0.725122,2.26496,-0.677362,-0.453093,1.47139,1.4676,0.598372,-0.755501,-0.44322,0.629521,-1.92338,-0.344985,0.60316,0.44907,BARBUNYA,1,unknown
6.46959,4.41323,3.36623,6.31516,-0.371676,-0.0815778,6.41951,4.98567,0.256773,0.385726,-0.13224,0.269748,-3.637,-1.3245,0.231288,0.0814599,BOMBAY,1,unknown
-0.309084,-0.30274,-0.466396,0.120868,-0.701735,-0.486368,-0.308273,-0.254497,-0.74969,-0.0368409,0.328178,0.652638,-0.261728,0.434338,0.627414,0.239876,DERMASON,1,SIRA
8.49404,5.48455,4.63643,6.97364,0.238166,0.471033,8.42737,6.12838,0.802096,0.442898,-0.301186,-0.357654,-3.82052,-1.69674,-0.392048,-0.216195,BOMBAY,1,unknown
0.276547,0.297422,0.334907,0.245368,0.239961,0.472381,0.263215,0.363618,-1.36896,0.736603,-0.00548739,-0.33551,-0.397596,-0.547783,-0.370592,0.680791,SIRA,1,SIRA
7.31456,5.25335,4.31307,6.09482,0.412374,0.595736,7.36483,5.47614,1.0794,-1.91036,-1.28851,-0.574649,-3.52346,-1.69819,-0.600191,-2.35826,BOMBAY,1,unknown
-0.107414,-0.0195406,-0.146659,0.135086,-0.295374,-0.000354578,-0.0905357,-0.0347208,-0.160992,-1.34777,-0.200929,0.162114,-0.24051,-0.050332,0.122079,-0.810608,SIRA,1,SIRA
2.37424,2.09499,2.21627,1.70977,1.25902,1.06406,2.33666,2.21595,1.10503,1.02387,-0.67706,-1.21971,-1.54641,-1.47956,-1.19635,-0.370833,CALI,1,CALI
-1.14664,-1.28917,-1.28694,-0.939428,-1.07061,-1.07594,-1.14391,-1.26955,0.319125,0.225171,1.09944,1.13627,0.937184,1.61393,1.14479,0.817912,DERMASON,1,DERMASON
2.84281,2.93426,1.86913,3.00109,0.0237332,0.299588,2.88355,2.57688,-0.170387,-2.14225,-2.4557,-0.131192,-2.33634,-1.06584,-0.170743,0.500107,BARBUNYA,1,unknown
-1.10755,-1.17579,-0.920293,-1.42959,-0.0613767,0.225291,-1.10182,-1.21764,0.73,-0.156533,0.569308,-0.0757476,1.70479,0.435736,-0.115926,-0.5987,DERMASON,1,DERMASON
1.56428,1.62257,0.978147,2.04191,-0.28689,0.00842721,1.56712,1.55288,0.191589,-0.584998,-1.20052,0.179671,-1.77801,-0.639568,0.139828,0.148412,BARBUNYA,1,unknown
-0.395532,-0.584278,-0.845264,0.600775,-1.48741,-2.02513,-0.406523,-0.351206,1.18472,1.01706,1.63502,1.7293,-0.726308,1.43857,1.80515,0.79265,SEKER,1,SEKER
-0.70119,-0.763331,-0.748711,-0.505723,-0.617965,-0.374462,-0.699207,-0.7066,-0.305415,0.0352628,0.776694,0.558604,0.408338,0.633098,0.529025,0.423806,DERMASON,1,DERMASON
-1.37518,-1.4663,-1.22544,-1.83639,-0.162164,0.13216,-1.36694,-1.58454,0.468008,-0.339496,0.350982,0.0627139,2.33226,0.832747,0.0220594,0.684252,DERMASON,1,DERMASON
0.897323,0.851368,0.65845,1.12497,-0.0356133,0.248186,0.883828,0.961377,0.886728,0.447818,-0.137736,-0.0613304,-1.15941,-0.591892,-0.101631,0.887612,BARBUNYA,1,CALI
-0.474624,-0.678145,-0.871874,0.415144,-1.41238,-1.82314,-0.487795,-0.441088,0.852518,1.27957,1.76721,1.61525,-0.558827,1.39771,1.67593,0.750014,SEKER,1,SEKER
0.91841,0.905406,0.612112,1.29785,-0.207444,0.0883744,0.913329,0.980816,1.11224,-0.0428749,-0.316053,0.0804019,-1.25287,-0.513619,0.0397989,-0.392469,BARBUNYA,1,CALI
-0.891496,-0.968317,-0.835517,-0.921065,-0.401817,-0.114815,-0.891123,-0.939826,1.12349,0.311041,0.807323,0.304625,0.938907,0.571188,0.266878,0.142082,DERMASON,1,DERMASON
1.05117,1.30587,0.909028,1.10198,0.270165,0.494855,1.076,1.10203,0.91237,-1.72064,-1.61025,-0.390425,-1.10583,-0.824075,-0.423727,-0.320523,BARBUNYA,1,CALI
2.18046,2.20229,1.52848,2.35381,0.0834931,0.349542,2.18425,2.06211,0.752983,-0.690831,-1.62224,-0.201537,-1.96666,-0.981708,-0.239932,0.0743478,BARBUNYA,1,unknown
2.66216,2.37295,1.16997,3.90495,-1.07105,-1.07675,2.66988,2.4395,0.21786,-0.882744,-0.967982,1.12941,-2.77035,-0.356256,1.13732,0.568275,BARBUNYA,1,unknown
-1.04074,-1.16,-1.08698,-0.964893,-0.74641,-0.548959,-1.04134,-1.13013,0.528071,0.531032,1.02012,0.724705,0.969366,1.08757,0.703304,0.868437,DERMASON,1,DERMASON
0.719696,0.919206,0.318656,1.31242,-0.548142,-0.286248,0.734065,0.795502,0.421184,-1.15054,-1.16103,0.483405,-1.29333,-0.189958,0.450861,0.630526,BARBUNYA,1,unknown
0.132028,0.191553,0.334912,-0.0870276,0.525259,0.670434,0.12307,0.216558,1.0855,0.508485,-0.136316,-0.600055,-0.059299,-0.655443,-0.624311,0.512326,SIRA,1,SIRA
-0.579597,-0.617903,-0.558624,-0.498746,-0.353331,-0.0616745,-0.579719,-0.56257,0.423501,0.171331,0.632737,0.271024,0.384778,0.308262,0.232588,0.846463,DERMASON,1,DERMASON
-0.285172,-0.304386,-0.232315,-0.240697,-0.111205,0.179973,-0.293039,-0.228021,-0.817528,0.670332,0.480834,0.0132386,0.0947769,-0.064048,-0.0274246,0.801078,DERMASON,1,SIRA
2.14531,2.11722,1.65294,2.09016,0.382811,0.57541,2.15178,2.0339,1.1251,-0.803693,-1.40369,-0.481931,-1.80828,-1.11297,-0.511724,0.147666,BARBUNYA,1,CALI
-0.108268,-0.132983,-0.107609,0.0211407,-0.155506,0.138494,-0.120101,-0.0356351,1.02139,0.868919,0.45496,0.0521454,-0.172146,-0.127583,0.0114723,0.551164,SIRA,1,SIRA
-0.45715,-0.395908,-0.477022,-0.282615,-0.413562,-0.127949,-0.453066,-0.421112,0.218856,-0.260763,0.0027526,0.327187,0.151941,0.271793,0.289953,0.48292,DERMASON,1,DERMASON
1.55692,1.80012,1.32006,1.49145,0.447758,0.61964,1.56874,1.54659,-0.08716,-1.02256,-1.92038,-0.549271,-1.39988,-1.02935,-0.576046,-0.182821,BARBUNYA,1,CALI
-1.4295,-1.57594,-1.28888,-1.91785,-0.188294,0.107045,-1.42433,-1.66259,-0.35748,0.120983,0.690942,0.0899884,2.48076,0.923653,0.0494238,0.684421,DERMASON,1,DERMASON
1.99258,2.49959,1.39037,2.19868,0.0411565,0.314336,2.01828,1.9102,-0.743122,-1.64881,-3.12699,-0.148174,-1.88484,-0.916735,-0.187483,0.510362,BARBUNYA,1,unknown
1.94141,1.77353,1.12273,2.5506,-0.438841,-0.156576,1.9343,1.86833,0.259317,-0.176375,-0.643136,0.354204,-2.09017,-0.634274,0.317639,0.442884,BARBUNYA,1,unknown
1.52513,1.4398,1.38812,1.3641,0.618385,0.728776,1.52807,1.51939,0.820309,-0.585058,-0.557803,-0.722885,-1.28142,-1.10919,-0.740181,-1.09564,CALI,1,CALI
1.4285,1.6856,0.767408,2.10148,-0.541084,-0.277572,1.44944,1.43614,0.348365,-1.4767,-1.87952,0.475789,-1.82862,-0.428433,0.442971,0.648088,BARBUNYA,1,unknown
-0.696526,-0.706811,-0.70207,-0.583059,-0.489357,-0.215287,-0.694817,-0.701006,0.0169509,0.0595284,0.424431,0.417682,0.490928,0.511038,0.382924,0.679433,DERMASON,1,DERMASON
1.97189,2.16973,1.16029,2.58311,-0.420124,-0.135333,2.02338,1.8933,-0.783514,-2.79204,-2.0765,0.310282,-2.08777,-0.666085,0.27266,-0.378456,BARBUNYA,1,unknown
12.1589,6.81408,5.13955,10.5531,-0.742857,-0.543904,12.0287,7.9656,-0.241577,1.00803,0.476067,0.70056,-4.61198,-1.53434,0.677831,0.182114,BOMBAY,1,unknown
-0.00414816,-0.0545004,-0.121627,0.323891,-0.404078,-0.117335,-0.00984433,0.0748702,0.34981,0.33845,0.559158,0.309812,-0.457583,0.00333453,0.272179,0.237946,SIRA,1,SIRA
1.30782,1.55521,1.61527,0.64978,1.4862,1.16062,1.33376,1.33088,-2.31754,-1.74257,-1.75555,-1.41437,-0.696434,-1.39048,-1.3696,-1.50944,CALI,1,HOROZ
-0.842753,-0.797503,-0.815156,-0.81443,-0.462754,-0.184114,-0.835543,-0.879129,0.566452,-0.428556,-0.0117942,0.3793,0.789936,0.594291,0.343411,0.382667,DERMASON,1,DERMASON
-0.0907283,-0.00390761,-0.00543804,-0.103555,0.0824484,0.348684,-0.0931178,-0.0168833,-0.9993,0.127298,-0.199834,-0.185877,-0.0456239,-0.29917,-0.224565,0.618514,SIRA,1,SIRA
7.07302,4.86786,3.88966,6.41486,-0.0395145,0.244742,7.12927,5.33805,0.298806,-2.06027,-0.558762,-0.135428,-3.62863,-1.52822,-0.174921,-1.97869,BOMBAY,1,unknown
-0.335623,-0.453107,-0.594998,0.277067,-0.974914,-0.90553,-0.344875,-0.28402,1.19355,0.82158,1.1269,1.00256,-0.423757,0.7396,0.999854,0.556735,SEKER,1,SEKER
7.26149,4.82598,4.03693,6.34974,0.0945217,0.35857,7.18563,5.44594,0.839563,0.835884,-0.148067,-0.231586,-3.63399,-1.57627,-0.269364,-0.642218,BOMBAY,1,unknown
1.41017,1.35708,0.823256,1.95377,-0.395343,-0.107618,1.42227,1.42024,-0.0555989,-1.03313,-0.58555,0.318425,-1.74183,-0.517508,0.280986,0.890412,BARBUNYA,1,unknown
1.56566,1.72704,0.879999,2.22097,-0.494501,-0.22138,1.58449,1.55405,-0.590638,-1.36371,-1.61282,0.40472,-1.88539,-0.509424,0.369566,0.0142968,BARBUNYA,1,unknown
1.42029,1.31547,1.3542,1.23765,0.677316,0.76426,1.4406,1.42902,-0.485904,-1.44567,-0.365179,-0.79178,-1.16576,-1.12106,-0.804635,-1.81327,CALI,1,CALI
2.22151,2.47649,1.85231,1.91397,0.71485,0.786307,2.2488,2.09494,-1.3552,-1.6935,-2.47082,-0.762445,-1.70741,-1.25757,-0.777239,0.563746,BARBUNYA,1,unknown
-0.376416,-0.472427,-0.843524,0.658211,-1.51785,-2.11207,-0.379863,-0.329685,0.472056,0.354508,0.996527,1.77368,-0.774036,1.4647,1.85571,0.724212,SEKER,1,SEKER
7.55677,4.79582,3.07224,8.50418,-1.3379,-1.63821,7.5175,5.613,1.29212,-0.00158608,0.396103,1.47612,-4.19952,-0.908592,1.51973,-0.225065,BOMBAY,1,unknown
-0.790727,-0.865153,-0.869149,-0.544323,-0.759703,-0.567995,-0.791001,-0.815087,-0.261046,0.311018,0.836491,0.714982,0.470554,0.842696,0.693041,-0.026959,DERMASON,1,DERMASON
1.60297,1.82896,1.39409,1.42961,0.575603,0.702328,1.60282,1.58582,0.861499,-0.444354,-1.89001,-0.636026,-1.3844,-1.08251,-0.658371,0.828574,BARBUNYA,1,unknown
7.81926,5.39967,4.62357,6.35194,0.513758,0.663029,8.00778,5.75956,-0.984467,-4.66438,-0.983337,-0.695859,-3.58016,-1.76815,-0.714792,-3.545,BOMBAY,1,unknown
0.670428,0.944952,1.21159,-0.107486,1.72316,1.25153,0.663315,0.748799,0.993186,0.154842,-1.46855,-1.54881,-0.0132811,-1.32083,-1.48747,-0.198271,HOROZ,1,HOROZ
1.03889,0.97628,0.888105,1.10201,0.245961,0.476876,1.02242,1.0909,-0.807069,0.557776,-0.186778,-0.363106,-1.11107,-0.805686,-0.397324,-0.145549,BARBUNYA,1,CALI
-0.314339,-0.321409,-0.420946,0.00865698,-0.560604,-0.301672,-0.313631,-0.260332,-0.395275,-0.0261578,0.412108,0.499565,-0.164274,0.316837,0.46762,0.693815,SIRA,1,SIRA
1.47698,1.39925,1.12615,1.65622,0.119189,0.378553,1.48075,1.47802,0.744078,-0.620738,-0.542832,-0.258378,-1.49923,-0.859897,-0.295545,-0.748494,BARBUNYA,1,CALI
-0.130143,0.0407017,0.267852,-0.531463,0.853725,0.864334,-0.0989921,-0.0591016,-0.0405888,-2.44342,-0.654816,-0.941857,0.526289,-0.760462,-0.943704,-1.94443,HOROZ,1,unknown
1.80766,1.91689,1.08465,2.39519,-0.387965,-0.0994564,1.82753,1.75788,1.11739,-1.39996,-1.61366,0.266362,-1.97157,-0.651468,0.227838,-0.677878,BARBUNYA,1,unknown
1.00387,1.09614,0.672191,1.3451,-0.171501,0.123233,1.01203,1.05908,0.749886,-0.80444,-0.875363,0.0713179,-1.31776,-0.545633,0.0306852,0.643438,BARBUNYA,1,CALI
5.52443,3.86988,2.78574,5.96955,-0.652183,-0.419341,5.50609,4.41039,0.0525695,-0.282784,-0.0187675,0.56461,-3.5143,-1.10631,0.535289,-0.771237,BOMBAY,1,unknown
0.876236,1.148,1.37549,0.0765003,1.7476,1.26039,0.86982,0.941885,-1.8992,0.0461949,-1.57251,-1.55627,-0.21582,-1.36929,-1.49396,0.189793,HOROZ,1,HOROZ
-0.0208992,0.380428,0.611179,-0.810976,1.6563,1.22682,-0.0189463,0.057222,1.00712,-0.228198,-1.83218,-1.49062,0.788562,-1.10641,-1.43663,0.302109,HOROZ,1,HOROZ
-0.16798,-0.129041,-0.171407,-0.0168035,-0.21005,0.0858161,-0.169549,-0.0999029,0.684184,0.0966501,0.0980274,0.100982,-0.123289,-0.0629483,0.0604708,0.254361,SIRA,1,SIRA
1.33495,2.12322,0.682385,2.06574,-0.608571,-0.362334,1.40761,1.35467,-0.459378,-4.09313,-3.68437,0.544205,-1.79718,-0.358794,0.514023,0.304632,BARBUNYA,1,unknown
2.25534,2.33685,1.14955,3.12965,-0.722729,-0.515519,2.27759,2.12189,0.0496924,-1.4777,-1.90486,0.686692,-2.40343,-0.519494,0.663222,0.545218,BARBUNYA,1,unknown
1.34829,1.25581,1.16689,1.36238,0.371628,0.567635,1.34642,1.36634,0.0151704,-0.315591,-0.348187,-0.515186,-1.26832,-0.965085,-0.543535,-1.50123,CALI,1,CALI
-1.12989,-1.19262,-1.10773,-1.21421,-0.566052,-0.308457,-1.12564,-1.24724,0.368213,0.0319986,0.503124,0.504257,1.32765,0.973469,0.472489,0.637422,DERMASON,1,DERMASON
0.526237,0.907716,1.43838,-0.682348,2.71663,1.54969,0.515424,0.610295,0.964811,0.443239,-1.86987,-2.15533,0.617801,-1.5621,-2.00094,0.523655,HOROZ,1,HOROZ
1.46082,1.83634,1.08457,1.75436,0.00842236,0.286502,1.52006,1.46408,0.611335,-3.35868,-2.34531,-0.192205,-1.52237,-0.820352,-0.230777,-2.30916,BARBUNYA,1,unknown
0.85331,0.893204,0.497691,1.33261,-0.359433,-0.0682674,0.851487,0.920633,-0.966634,-0.213757,-0.514546,0.253034,-1.28895,-0.386027,0.214268,-0.0370967,BARBUNYA,1,unknown
0.352092,0.600853,0.421536,0.312913,0.29522,0.51321,0.369147,0.439208,0.0555581,-1.33005,-1.19903,-0.407939,-0.436167,-0.619383,-0.440622,-0.100951,BARBUNYA,1,SIRA
-0.452026,-0.587412,-0.832623,0.395675,-1.35136,-1.67057,-0.459005,-0.415267,-0.0660026,0.71,1.28085,1.53129,-0.54694,1.2993,1.58148,0.936467,SEKER,1,SEKER
-0.336739,-0.448182,-0.692693,0.458035,-1.21385,-1.35955,-0.344358,-0.285265,0.566141,0.68435,1.08718,1.33193,-0.600293,1.02607,1.35951,0.824777,SEKER,1,SEKER
0.831829,0.856003,0.762353,0.833918,0.300726,0.51721,0.832315,0.900663,-0.410014,-0.343312,-0.422221,-0.398569,-0.913848,-0.767489,-0.431587,0.446568,BARBUNYA,1,SIRA
0.88655,0.987521,1.01691,0.583432,0.812773,0.841887,0.87421,0.951425,-0.043123,0.385355,-0.825193,-0.856758,-0.688538,-1.03048,-0.865072,0.0762127,CALI,1,CALI
2.03423,1.88979,1.64257,1.96782,0.455909,0.625081,2.05282,1.94412,0.0545404,-1.33173,-0.838425,-0.589994,-1.68725,-1.14439,-0.614765,-1.45905,CALI,1,CALI
2.26093,2.31708,1.88573,1.93861,0.732199,0.796355,2.263,2.12633,-1.56969,-0.624779,-1.82006,-0.778826,-1.72148,-1.27152,-0.792546,0.495696,BARBUNYA,1,CALI
0.76673,0.791866,0.869876,0.555975,0.654952,0.750921,0.77015,0.839801,-1.41566,-0.503665,-0.374881,-0.730866,-0.65582,-0.932462,-0.747668,-0.189894,SIRA,1,SIRA
-0.412152,-0.414889,-0.786963,0.441093,-1.32142,-1.59919,-0.406781,-0.369979,-0.0753913,-0.386668,0.399744,1.4713,-0.571103,1.21084,1.51435,0.393643,SEKER,1,SEKER
-0.679184,-0.623229,-0.613339,-0.670671,-0.287827,0.00746001,-0.680551,-0.680258,-1.06871,0.347246,-0.00455029,0.181215,0.616663,0.305849,0.14139,0.167839,SIRA,1,DERMASON
-0.670184,-0.728953,-0.65005,-0.597054,-0.40296,-0.116088,-0.674999,-0.669521,0.320834,0.673638,0.75976,0.321191,0.507456,0.412156,0.283817,0.688222,DERMASON,1,DERMASON
1.2849,1.19498,0.968227,1.45854,0.0816071,0.347992,1.27922,1.31072,-0.906314,-0.104581,-0.296578,-0.184146,-1.40013,-0.771732,-0.222864,0.652293,BARBUNYA,1,CALI
0.055039,0.0180477,0.0364656,0.21188,-0.117236,0.174394,0.0473497,0.136838,0.774036,0.4565,0.448482,-0.000855148,-0.344844,-0.240943,-0.0414845,0.0588854,SIRA,1,SIRA
1.56349,2.02179,1.27531,1.58655,0.330111,0.538348,1.58094,1.5522,0.268856,-1.29666,-2.70319,-0.451462,-1.45718,-0.980973,-0.482499,-0.526795,BARBUNYA,1,unknown
1.66262,1.54183,1.4674,1.57636,0.547647,0.684722,1.62161,1.63635,1.63384,1.52221,-0.545137,-0.702793,-1.38858,-1.12745,-0.721311,-2.67868,CALI,1,unknown
0.657881,0.886723,0.98137,0.245069,1.07019,0.975787,0.660152,0.736856,-0.529633,-0.414909,-1.25752,-1.12526,-0.295565,-1.11022,-1.11117,-2.37699,HOROZ,1,HOROZ
0.969451,1.03111,0.561131,1.47258,-0.378947,-0.0895347,0.978592,1.02766,-0.0621962,-0.856734,-0.709051,0.283055,-1.39936,-0.405815,0.244855,0.271874,BARBUNYA,1,unknown
0.971159,1.24425,0.75701,1.14563,0.0631525,0.332737,0.988082,1.02922,0.22339,-1.2919,-1.63578,-0.173705,-1.16,-0.679666,-0.212605,0.367568,BARBUNYA,1,unknown
-0.215475,-0.172516,-0.145958,-0.178529,-0.0449166,0.239959,-0.215123,-0.151502,1.01486,-0.0367099,0.0869185,-0.0726136,0.0510674,-0.161238,-0.11282,0.126788,SIRA,1,SIRA
3.70021,2.97523,2.8525,2.99694,0.95652,0.918722,3.64089,3.20178,0.879812,1.33013,-0.648128,-0.989653,-2.30852,-1.55109,-0.98761,-0.554066,CALI,1,CALI
-1.17548,-1.28982,-1.14835,-1.298,-0.556172,-0.296171,-1.17341,-1.30819,0.95193,0.327659,0.844064,0.497949,1.44402,1.01636,0.465943,0.817064,DERMASON,1,DERMASON
0.67496,1.12851,1.40952,-0.299048,2.20552,1.41088,0.680615,0.753109,-2.71885,-0.623597,-2.22958,-1.89579,0.241428,-1.4799,-1.78488,-1.51466,HOROZ,1,HOROZ
0.704258,0.903379,0.0219687,1.8363,-1.17611,-1.28118,0.721219,0.780902,0.56583,-1.30566,-1.14988,1.27473,-1.65942,0.373889,1.29641,0.662827,SEKER,1,unknown
-0.212978,-0.376429,-0.638772,0.710208,-1.29903,-1.54718,-0.222999,-0.148779,0.110926,0.797587,1.38009,1.45252,-0.821907,1.04194,1.49338,0.831711,SEKER,1,SEKER
-0.72681,-0.383547,-0.321566,-1.23972,0.706777,0.7816,-0.702886,-0.737425,-0.659479,-2.08753,-1.72975,-0.787343,1.41858,-0.381079,-0.800497,-0.672885,DERMASON,1,unknown
-0.261852,-0.183735,-0.13763,-0.289568,0.0601565,0.330244,-0.256954,-0.202311,0.798291,-0.388959,-0.110685,-0.196481,0.197568,-0.223872,-0.234973,-0.585939,SIRA,1,SIRA
-1.24195,-1.38992,-1.30857,-1.21846,-0.880571,-0.750386,-1.23506,-1.39845,0.92596,-0.229922,1.02527,0.876682,1.34427,1.46607,0.864729,0.38062,DERMASON,1,DERMASON
8.94743,5.90121,5.04878,6.95699,0.528457,0.672486,8.87053,6.37015,0.940062,0.576422,-0.842248,-0.644613,-3.80041,-1.81213,-0.666486,-1.09208,BOMBAY,1,unknown
2.47048,2.8732,1.48435,2.96102,-0.318057,-0.0240761,2.5034,2.29132,0.962982,-1.89545,-3.12242,0.220424,-2.31316,-0.822149,0.181125,0.406804,BARBUNYA,1,unknown
-0.151755,-0.244815,-0.586457,0.785195,-1.27982,-1.5035,-0.15709,-0.0823736,0.751716,0.38617,0.894508,1.42037,-0.88037,0.970476,1.45758,0.676422,SEKER,1,SEKER
1.88872,2.01361,1.06887,2.54822,-0.490726,-0.216906,1.90099,1.825,0.935984,-1.05048,-1.74205,0.406368,-2.08327,-0.591948,0.371264,0.223817,BARBUNYA,1,unknown
-0.669527,-0.744219,-0.700811,-0.505396,-0.55009,-0.28865,-0.675064,-0.668738,-0.382763,0.74272,0.869862,0.48706,0.398614,0.548428,0.45465,0.680353,DERMASON,1,DERMASON
2.06589,2.03324,1.26615,2.56758,-0.306899,-0.0123634,2.07438,1.96981,0.482912,-0.887405,-1.30931,0.198865,-2.09023,-0.748766,0.159262,0.0648964,BARBUNYA,1,unknown
2.78625,2.67069,1.65294,3.32525,-0.358302,-0.0670433,2.81171,2.5341,0.678336,-1.56865,-1.72268,0.228051,-2.46702,-0.878404,0.188869,-0.88627,BARBUNYA,1,unknown
2.04789,2.46367,1.41357,2.27861,0.0144213,0.291643,2.08839,1.95522,-0.910248,-2.28932,-2.87167,-0.12855,-1.92655,-0.918057,-0.168136,0.255656,BARBUNYA,1,unknown
2.63234,2.62221,2.03243,2.37395,0.577825,0.703716,2.63412,2.41661,-1.05691,-0.646324,-1.93312,-0.6447,-1.99129,-1.27008,-0.666568,0.568128,BARBUNYA,1,unknown
1.03521,1.15393,0.912987,1.07195,0.297135,0.514603,1.06245,1.08756,0.493067,-1.85453,-1.0174,-0.422258,-1.07476,-0.837296,-0.454417,-0.574485,BARBUNYA,1,CALI
-1.10512,-1.13502,-0.895553,-1.48624,0.0367367,0.310609,-1.10415,-1.21443,0.986541,0.40223,0.288663,-0.149583,1.75649,0.371498,-0.188871,0.296258,DERMASON,1,DERMASON
-0.0933559,-0.104152,-0.226442,0.296823,-0.517914,-0.249394,-0.0822083,-0.019689,0.326934,-0.910032,0.365657,0.419627,-0.411175,0.129447,0.384929,-0.398198,SIRA,1,SIRA
-0.901612,-0.977462,-0.812015,-1.00258,-0.29404,0.00102978,-0.903453,-0.95251,0.331343,0.554285,0.794508,0.196794,1.03525,0.488323,0.157163,0.488725,DERMASON,1,DERMASON
-0.229467,-0.172391,-0.270125,0.00215711,-0.355852,-0.0643951,-0.225193,-0.166787,-0.816515,-0.347289,0.00682358,0.246156,-0.129173,0.0751562,0.20727,-0.143333,SIRA,1,SIRA
2.64193,2.85615,1.48866,3.29317,-0.492344,-0.218822,2.68228,2.42398,0.255363,-2.16253,-2.67275,0.404962,-2.47482,-0.758813,0.369815,0.109238,BARBUNYA,1,unknown
1.06661,1.21193,0.624029,1.59612,-0.38813,-0.0996388,1.08569,1.116,0.614369,-1.40559,-1.15747,0.281901,-1.47503,-0.437587,0.243678,-0.130105,BARBUNYA,1,unknown
0.337311,0.580212,0.217358,0.61162,-0.191256,0.104172,0.349523,0.424486,-0.654257,-1.00926,-1.16497,0.0681143,-0.703841,-0.314786,0.0274729,-0.223048,BARBUNYA,1,SIRA
-0.220401,-0.108593,-0.134951,-0.215257,0.00074921,0.279898,-0.217641,-0.15688,-1.18805,-0.228427,-0.311701,-0.1134,0.0842336,-0.18718,-0.153179,0.312182,SIRA,1,SIRA
1.01261,1.09072,0.242047,2.1388,-1.10412,-1.13903,1.01171,1.06703,1.0885,-0.301501,-0.818453,1.18316,-1.8579,0.176818,1.19596,0.88242,BARBUNYA,1,unknown
9.60835,6.40754,5.69569,6.79222,1.05404,0.96787,9.53917,6.71452,1.41528,0.34799,-1.3249,-1.07856,-3.75577,-1.96879,-1.06879,-1.01893,BOMBAY,1,unknown
-0.337528,-0.448638,-0.588664,0.249056,-0.948205,-0.860379,-0.347973,-0.286144,0.00936515,0.924005,1.08523,0.976879,-0.406887,0.719234,0.97218,0.856644,SEKER,1,SEKER
1.90245,1.92948,1.06167,2.56021,-0.504534,-0.233329,1.90261,1.83632,-0.409862,-0.500024,-1.38344,0.440238,-2.10636,-0.57596,0.406201,0.868138,BARBUNYA,1,unknown
10.0005,6.01419,4.76388,8.67236,-0.34995,-0.0580319,9.94263,6.91461,0.750928,0.107528,0.158974,0.225201,-4.22986,-1.58532,0.185975,-0.662942,BOMBAY,1,unknown
-1.00875,-1.0548,-0.944308,-1.10731,-0.404509,-0.117816,-1.00583,-1.08875,-0.269537,0.109798,0.501282,0.317513,1.18017,0.685232,0.280054,0.495715,DERMASON,1,DERMASON
-0.840389,-0.878552,-0.697601,-1.01429,-0.107928,0.182996,-0.843741,-0.876202,0.84828,0.663683,0.558917,0.00452176,1.04668,0.282108,-0.0361224,0.605051,DERMASON,1,DERMASON
2.75012,2.61219,1.57148,3.34075,-0.441138,-0.159202,2.77381,2.50666,0.575032,-1.50349,-1.60892,0.353667,-2.50342,-0.806839,0.317089,0.332511,BARBUNYA,1,unknown
-0.745269,-0.802545,-0.737874,-0.65515,-0.482089,-0.206713,-0.745943,-0.759741,-0.609064,0.321709,0.731104,0.400397,0.590427,0.533994,0.365114,0.35822,DERMASON,1,DERMASON
2.26014,2.13121,1.66231,2.26989,0.2728,0.496797,2.25184,2.12571,-0.734589,-0.183427,-1.1368,-0.369481,-1.9293,-1.07962,-0.403491,0.562386,BARBUNYA,1,CALI
-1.23473,-1.38535,-1.22003,-1.36527,-0.611441,-0.366031,-1.23332,-1.38856,0.863988,0.459062,1.05664,0.557881,1.55199,1.14033,0.528273,0.666196,DERMASON,1,DERMASON
-0.93807,-0.997148,-0.849862,-1.05988,-0.300653,-0.00584443,-0.940571,-0.998476,0.858362,0.65583,0.64998,0.21391,1.09988,0.533291,0.174516,0.848944,DERMASON,1,DERMASON
-0.830798,-0.887766,-1.20124,-0.0348403,-1.56777,-2.26163,-0.830378,-0.864345,0.992936,0.266001,0.696034,1.85655,-0.126772,1.99398,1.95056,0.901683,SEKER,1,SEKER
7.42059,4.85239,3.69564,7.13636,-0.470067,-0.192627,7.35385,5.53625,-0.842734,0.607539,0.0137465,0.360524,-3.85835,-1.36777,0.324125,-0.574251,BOMBAY,1,unknown
1.34481,1.43144,0.953772,1.75483,-0.132309,0.160356,1.41103,1.36329,-0.293636,-3.76605,-1.12822,-0.0686411,-1.50398,-0.722948,-0.108882,-2.971,BARBUNYA,1,unknown
1.96407,1.79097,0.880063,3.06606,-0.943598,-0.852694,1.96322,1.8869,1.18218,-0.462741,-0.646128,0.943704,-2.35619,-0.292839,0.936513,-0.0682893,BARBUNYA,1,unknown
-1.37629,-1.5081,-1.30342,-1.70421,-0.432256,-0.149072,-1.37017,-1.58613,-0.810415,-0.0501174,0.675728,0.350535,2.10509,1.10904,0.313877,0.573873,DERMASON,1,DERMASON
-1.11478,-1.10493,-0.848184,-1.59862,0.234099,0.467975,-1.11093,-1.2272,0.99262,0.0689453,-0.00873024,-0.33299,1.92745,0.228759,-0.368147,0.567497,DERMASON,1,DERMASON
6.5159,4.47202,3.53127,6.09752,-0.159451,0.134744,6.47141,5.0131,-0.877718,0.245897,-0.24003,0.0450424,-3.57173,-1.41701,0.00436197,0.143008,BOMBAY,1,unknown
0.807196,1.03326,0.25005,1.65755,-0.832319,-0.675495,0.822697,0.877693,-0.267318,-1.21602,-1.33313,0.814396,-1.52996,-0.000104122,0.798343,0.317941,BARBUNYA,1,unknown
-0.462734,-0.590179,-0.769291,0.236852,-1.17221,-1.27323,-0.470818,-0.427488,1.04735,0.815852,1.22854,1.27455,-0.39451,1.07212,1.29621,0.835381,SEKER,1,SEKER
-0.501163,-0.504882,-0.357149,-0.6022,0.0237983,0.299643,-0.508969,-0.471561,1.2242,0.82077,0.409664,-0.134626,0.525219,-0.0498965,-0.174129,0.375439,DERMASON,1,DERMASON
1.54674,1.46081,1.37883,1.47993,0.52122,0.667839,1.60224,1.53789,-0.015876,-3.13761,-0.576953,-0.677477,-1.32218,-1.0913,-0.697489,-2.59377,CALI,1,CALI
8.78853,5.95408,5.06942,6.7293,0.649037,0.747368,8.74865,6.28594,0.547145,-0.108435,-1.17661,-0.746711,-3.73829,-1.83546,-0.762516,-1.00029,BOMBAY,1,unknown
-0.232029,-0.185271,-0.103036,-0.297686,0.114905,0.375102,-0.238943,-0.169589,0.561996,0.558381,0.068267,-0.224846,0.173481,-0.258218,-0.26277,0.345432,SIRA,1,SIRA
0.800167,1.28825,0.32149,1.51638,-0.670916,-0.444392,0.827796,0.871126,-0.135507,-1.92148,-2.41755,0.612461,-1.42623,-0.134385,0.585289,0.122202,BARBUNYA,1,unknown
2.18427,2.60686,1.32591,2.67017,-0.307104,-0.012578,2.21201,2.06516,-0.550716,-1.71675,-2.98582,0.215871,-2.16291,-0.765423,0.176505,0.668878,BARBUNYA,1,unknown
1.45031,1.57864,1.20854,1.43299,0.366666,0.564169,1.45861,1.45501,-0.492186,-0.844432,-1.38784,-0.464034,-1.37087,-0.96206,-0.494566,0.268125,BARBUNYA,1,CALI
1.79827,1.93817,0.921649,2.62441,-0.677452,-0.453214,1.80745,1.75006,1.3074,-0.90612,-1.72175,0.624137,-2.12712,-0.441811,0.597518,0.25792,BARBUNYA,1,unknown
7.88141,5.32438,4.4315,6.51525,0.300627,0.517138,7.81709,5.794,-0.111845,0.48336,-0.691003,-0.415773,-3.69098,-1.68008,-0.448171,-0.207296,BOMBAY,1,unknown
2.44342,2.43384,1.47459,2.91368,-0.301023,-0.00622999,2.46641,2.27019,-0.704272,-1.49615,-1.75666,0.209625,-2.29491,-0.82242,0.170169,0.68013,BARBUNYA,1,unknown
1.85673,1.81489,1.0011,2.62711,-0.600985,-0.352601,1.87233,1.79858,-0.0427124,-1.20223,-1.06916,0.517993,-2.11448,-0.519575,0.486757,-0.303263,BARBUNYA,1,unknown
-0.68503,-0.826085,-1.0737,0.172393,-1.52523,-2.13362,-0.685263,-0.687244,0.705337,0.241259,1.33904,1.79101,-0.33486,1.76845,1.8755,0.915976,SEKER,1,SEKER
0.181362,0.41884,0.764933,-0.523921,1.5551,1.18802,0.167548,0.267131,-1.08255,0.826804,-1.08028,-1.45248,0.484371,-1.14775,-1.40316,-1.05967,HOROZ,1,HOROZ
0.381652,0.386585,0.12588,0.853439,-0.47165,-0.194474,0.388384,0.468555,-0.69829,-0.650583,0.0124733,0.389929,-0.928677,-0.117864,0.354341,0.404624,BARBUNYA,1,SIRA
1.5401,1.69058,0.961314,2.06426,-0.317991,-0.0240068,1.56699,1.53222,0.820401,-1.75768,-1.54941,0.184412,-1.76442,-0.630602,0.144626,-0.883522,BARBUNYA,1,unknown
-0.360454,-0.476217,-0.718082,0.451471,-1.24155,-1.41888,-0.369857,-0.311775,0.85828,0.852869,1.12335,1.36035,-0.583399,1.06941,1.39095,0.482561,SEKER,1,SEKER
0.960583,1.06047,0.374833,1.78372,-0.77052,-0.583628,0.967489,1.01954,-0.205991,-0.730522,-0.876229,0.739042,-1.61601,-0.109124,0.718453,0.347873,BARBUNYA,1,unknown
0.9056,1.04077,0.726851,1.15325,0.0230724,0.299026,0.913394,0.969014,0.296419,-0.775487,-0.994453,-0.205493,-1.08741,-0.678767,-0.243811,-2.26531,CALI,1,CALI
9.30656,5.87945,4.96796,7.46363,0.250212,0.480051,9.2481,6.55842,0.946797,0.188169,-0.333997,-0.371765,-3.94857,-1.74502,-0.4057,-0.321187,BOMBAY,1,unknown
1.20922,1.22035,0.614262,1.89974,-0.583377,-0.330213,1.20801,1.24379,0.944107,-0.323987,-0.683473,0.522978,-1.69889,-0.333085,0.491938,0.589733,BARBUNYA,1,unknown
3.16726,2.67842,2.02175,3.31722,-0.0154702,0.265839,3.15268,2.81841,0.790468,-0.0946241,-0.825806,-0.0874179,-2.4999,-1.09685,-0.127485,0.672403,BARBUNYA,1,unknown
1.57505,2.18878,0.977755,2.05033,-0.292435,0.00269337,1.60088,1.56206,0.724905,-1.7019,-3.23126,0.195168,-1.79249,-0.633513,0.155516,0.492322,BARBUNYA,1,unknown
-0.16082,-0.26531,-0.29198,0.192954,-0.527024,-0.260418,-0.174003,-0.0921612,-0.664169,1.01327,0.971095,0.463504,-0.35047,0.199185,0.430253,0.783393,SEKER,1,SIRA
2.43356,2.18589,2.1492,1.94116,1.0076,0.944752,2.44227,2.26249,-0.170074,-0.912826,-0.868094,-1.04863,-1.67483,-1.41639,-1.04153,-1.28225,CALI,1,CALI
8.81073,5.71297,4.58204,7.48962,-0.0162233,0.265182,8.7768,6.29774,-0.295835,-0.223344,-0.514389,-0.123381,-3.94908,-1.63679,-0.163035,-0.680552,BOMBAY,1,unknown
1.42226,1.31288,1.02309,1.66879,-0.00104445,0.27835,1.416,1.43073,-1.2754,-0.107558,-0.346665,-0.112724,-1.53635,-0.767328,-0.152511,0.27106,BARBUNYA,1,CALI
0.618138,0.830264,0.982316,0.108004,1.20106,1.03779,0.607154,0.69889,-0.899163,0.413818,-1.15894,-1.18751,-0.21257,-1.13163,-1.16739,-0.839647,HOROZ,1,HOROZ
-0.809383,-0.84032,-0.712041,-0.899736,-0.234123,0.0619802,-0.807656,-0.837965,-0.678918,0.118893,0.523485,0.137478,0.890718,0.366149,0.0972143,0.656198,DERMASON,1,DERMASON
8.75049,5.68613,4.80425,7.1207,0.288225,0.508111,8.72193,6.2657,1.03145,-0.321178,-0.519507,-0.440747,-3.83637,-1.7379,-0.472204,-1.58255,BOMBAY,1,unknown
2.39802,3.16211,1.72463,2.46621,0.209092,0.449012,2.48281,2.23464,-1.2541,-4.00573,-4.10694,-0.333952,-2.02135,-1.0872,-0.369081,-0.357072,BARBUNYA,1,unknown
-0.371884,-0.279947,-0.195195,-0.499132,0.163452,0.413699,-0.366565,-0.324594,0.476255,-0.393648,-0.181979,-0.285014,0.421644,-0.228659,-0.321516,-0.152877,SIRA,1,SIRA
-0.533482,-0.529646,-0.603346,-0.23194,-0.626231,-0.385201,-0.528399,-0.508888,0.402212,-0.324208,0.359765,0.530757,0.144712,0.485503,0.500027,-0.8877,SIRA,1,DERMASON
0.12697,0.433608,0.630562,-0.496299,1.33391,1.09699,0.132431,0.211351,-1.66699,-0.521042,-1.40211,-1.26903,0.416521,-1.03494,-1.24054,-0.103948,HOROZ,1,HOROZ
2.0247,1.67974,1.40631,2.27541,0.00905173,0.287042,2.03255,1.93637,-0.292608,-0.85694,0.0144475,-0.141702,-1.90676,-0.920056,-0.181106,-0.427151,CALI,1,CALI
1.14537,1.40553,1.66108,0.223611,1.96527,1.33544,1.13843,1.18684,0.989398,-0.00169139,-1.6949,-1.69803,-0.366087,-1.48487,-1.61657,0.358529,HOROZ,1,HOROZ
1.64429,1.89298,0.941536,2.28404,-0.468234,-0.190488,1.67157,1.62086,-0.64879,-1.76231,-2.00614,0.370873,-1.91961,-0.550292,0.334751,-0.134725,BARBUNYA,1,unknown
7.79082,5.17828,4.32914,6.63852,0.172925,0.421105,7.7719,5.74377,0.507373,-0.449325,-0.405424,-0.32974,-3.70346,-1.64541,-0.364995,-1.4847,BOMBAY,1,unknown
0.226885,0.625679,0.879557,-0.607883,1.81422,1.28409,0.219448,0.313453,-2.92224,0.354328,-1.85481,-1.60389,0.542696,-1.2371,-1.53534,0.0894715,HOROZ,1,HOROZ
1.7689,1.73743,1.66118,1.46599,0.844473,0.859303,1.78635,1.72558,-1.90578,-1.28929,-1.02538,-0.934522,-1.33075,-1.25765,-0.93695,-1.95301,CALI,1,CALI
10.3584,6.10906,4.5914,9.46443,-0.719392,-0.510854,10.3253,7.09459,1.1592,-0.342742,0.332118,0.63353,-4.3883,-1.46274,0.607363,-1.15613,BOMBAY,1,unknown
1.72653,1.8323,0.984418,2.39341,-0.487565,-0.213169,1.74781,1.69013,-0.768763,-1.47036,-1.53059,0.383842,-1.97652,-0.564144,0.34808,-0.446616,BARBUNYA,1,unknown
2.41957,2.2649,1.39191,3.02908,-0.442683,-0.16097,2.42549,2.25153,-0.480357,-0.797516,-1.20637,0.354301,-2.34586,-0.740743,0.317739,0.293662,BARBUNYA,1,unknown
8.41619,5.43237,4.27232,7.54073,-0.24119,0.0549136,8.40852,6.08639,0.0393719,-0.707164,-0.259336,0.0894421,-3.95065,-1.53907,0.0488752,-1.35009,BOMBAY,1,unknown
-1.07681,-0.7553,-0.843463,-1.48896,0.125815,0.383871,-1.04618,-1.17718,0.207224,-3.01813,-1.95834,-0.229794,1.74983,0.280747,-0.267612,0.555408,DERMASON,1,unknown
-0.262378,0.132051,0.517823,-1.1975,1.98679,1.3425,-0.256373,-0.20289,-1.26883,-0.478869,-1.81007,-1.74499,1.37154,-1.16186,-1.65683,-1.03735,HOROZ,1,HOROZ
-0.054073,0.363274,0.83532,-0.992447,2.21639,1.41412,0.029533,0.0221256,1.01232,-6.24197,-1.90656,-1.99278,1.25713,-1.35019,-1.86626,-5.37166,HOROZ,1,unknown
1.73823,1.95958,1.46843,1.58121,0.545208,0.683174,1.75607,1.69993,-0.819965,-1.30913,-1.97667,-0.611756,-1.48901,-1.09813,-0.635401,0.738145,BARBUNYA,1,unknown
1.94936,1.87194,1.17867,2.48765,-0.347441,-0.0553354,1.9525,1.87485,-0.702409,-0.641159,-1.01911,0.241901,-2.04373,-0.698785,0.202943,0.0326806,BARBUNYA,1,unknown
6.61148,4.5469,3.76145,5.86249,0.116102,0.376068,6.57005,5.06951,1.32329,0.160502,-0.316334,-0.234277,-3.49556,-1.52989,-0.271997,0.0373132,BOMBAY,1,unknown
1.94863,2.11554,1.53274,1.89397,0.391412,0.581357,1.96832,1.87426,-1.31991,-1.38422,-1.94651,-0.481782,-1.6914,-1.07585,-0.511581,0.451313,BARBUNYA,1,unknown
2.94877,2.43039,2.13691,2.79632,0.404068,0.590058,2.93817,2.65648,0.0959827,-0.206411,-0.44254,-0.509114,-2.2116,-1.25694,-0.537733,-0.152387,CALI,1,CALI
-0.388109,-0.562655,-0.932984,0.812739,-1.71021,-2.74431,-0.39471,-0.34284,0.903611,0.632369,1.53303,2.08481,-0.910594,1.77888,2.21472,0.914621,SEKER,1,SEKER
-0.956464,-1.0195,-0.846792,-1.11467,-0.245898,0.0501872,-0.954966,-1.02182,0.975094,0.233621,0.66587,0.148465,1.18633,0.493441,0.108297,0.601704,DERMASON,1,DERMASON
2.99614,2.76207,2.01813,3.03339,0.145393,0.399468,2.99988,2.69183,0.0922426,-0.748798,-1.53237,-0.250494,-2.3528,-1.14653,-0.287848,0.488691,BARBUNYA,1,unknown
-1.01723,-1.11526,-1.01784,-1.00637,-0.60611,-0.359172,-1.01829,-1.09968,-0.251739,0.564689,0.878353,0.549111,1.03695,0.900837,0.519133,0.577333,DERMASON,1,DERMASON
0.113898,0.370398,0.694566,-0.613149,1.55303,1.18722,0.112419,0.197873,-1.2814,-0.0208389,-1.15394,-1.42471,0.551434,-1.1134,-1.37873,0.0263804,HOROZ,1,HOROZ
-0.382985,-0.462715,-0.57652,0.103154,-0.833157,-0.676772,-0.388771,-0.337072,0.653641,0.558912,0.890791,0.824475,-0.257143,0.623081,0.809065,0.628058,SEKER,1,SIRA
1.695,1.55556,0.764217,2.7068,-0.8745,-0.740805,1.69158,1.66364,1.3114,-0.301998,-0.498854,0.859842,-2.16811,-0.269294,0.846749,0.0667522,BARBUNYA,1,unknown
2.30658,2.29984,1.65115,2.37683,0.192419,0.436218,2.32917,2.16256,0.36562,-1.48853,-1.63697,-0.295901,-1.99061,-1.05228,-0.332115,0.475899,BARBUNYA,1,unknown
1.37325,1.38606,1.33487,1.1312,0.738886,0.800205,1.35965,1.38813,1.12924,0.281138,-0.838442,-0.815519,-1.11669,-1.12273,-0.826756,-0.717761,CALI,1,CALI
2.00467,1.91665,1.83116,1.70206,0.849375,0.861972,2.04101,1.92006,-1.36463,-2.11647,-1.03297,-0.965927,-1.46629,-1.31322,-0.965839,-3.02623,CALI,1,CALI
1.79801,1.7591,1.55851,1.62503,0.611312,0.724444,1.77724,1.74984,1.25768,0.491693,-1.02358,-0.710463,-1.47479,-1.15767,-0.728519,-0.851194,CALI,1,CALI
2.20699,2.03244,1.04105,3.22764,-0.872369,-0.737452,2.21046,2.08335,0.897854,-0.678919,-0.903591,0.875432,-2.45614,-0.397387,0.863393,0.691283,BARBUNYA,1,unknown
-0.319397,-0.302892,-0.225284,-0.311474,-0.0422977,0.24228,-0.322669,-0.265953,0.834096,0.308313,0.267675,-0.0834988,0.207364,-0.114817,-0.123604,-0.176318,SIRA,1,SIRA
-0.64023,-0.736375,-0.746903,-0.334331,-0.747034,-0.549848,-0.645434,-0.63393,0.134171,0.687834,1.02291,0.720036,0.202436,0.723443,0.698375,0.680537,DERMASON,1,DERMASON
11.3652,7.21525,6.23249,7.96367,0.855853,0.865488,11.3305,7.58837,-0.064611,-0.372898,-1.33131,-0.917574,-4.06265,-1.99159,-0.921327,-0.922517,BOMBAY,1,unknown
0.0483386,0.231756,0.235065,-0.0561425,0.364267,0.562491,0.0518039,0.129853,0.276434,-0.359412,-0.764209,-0.518055,-0.00934414,-0.57312,-0.546274,-1.86333,SIRA,1,SIRA
-0.48809,-0.404126,-0.399063,-0.510259,-0.116717,0.174874,-0.486117,-0.456531,-1.05883,-0.0625026,-0.138335,0.0183331,0.400701,0.0552708,-0.0223384,0.780172,DERMASON,1,DERMASON
0.459955,0.677469,1.03353,-0.321813,1.71093,1.24706,0.448547,0.545684,-0.0653788,0.512158,-1.10014,-1.52973,0.203818,-1.26143,-1.47083,0.247606,HOROZ,1,HOROZ
1.65874,1.89879,0.861537,2.52046,-0.680676,-0.457582,1.67777,1.63307,0.952813,-1.36841,-1.98494,0.576025,-2.02204,-0.432887,0.547199,-1.54613,BARBUNYA,1,unknown
-0.885452,-0.954863,-0.854938,-0.885383,-0.461898,-0.183121,-0.884345,-0.932262,0.897566,0.229214,0.7571,0.387837,0.869353,0.637456,0.352189,0.719961,DERMASON,1,DERMASON
2.1352,2.15695,1.71624,2.02093,0.496118,0.651582,2.17186,2.02577,-1.406,-2.10545,-1.57981,-0.611581,-1.736,-1.17287,-0.635236,-0.918709,BARBUNYA,1,CALI
1.53846,1.81522,1.22587,1.56051,0.294421,0.512629,1.56325,1.53081,0.247676,-1.6556,-2.03309,-0.38369,-1.47598,-0.940342,-0.417224,0.78777,BARBUNYA,1,unknown
0.70104,1.09734,0.608083,0.778105,0.15876,0.410015,0.713796,0.777854,0.9276,-1.0539,-2.00506,-0.255966,-0.877163,-0.645567,-0.293192,0.765241,BARBUNYA,1,unknown
-0.843476,-0.906027,-0.983738,-0.456731,-0.988207,-0.928378,-0.841933,-0.880024,1.26232,0.157697,0.729692,0.967452,0.410714,1.12051,0.962035,-1.2112,DERMASON,1,DERMASON
2.07699,1.87868,1.60898,2.14005,0.303883,0.519497,2.09704,1.9788,0.991247,-1.39356,-0.66649,-0.477193,-1.77084,-1.09805,-0.507184,-2.4088,CALI,1,CALI
0.282854,0.554252,0.893758,-0.469821,1.67825,1.23501,0.284066,0.369961,0.172962,-0.261187,-1.27985,-1.54019,0.422945,-1.22056,-1.47995,-1.12707,HOROZ,1,HOROZ
2.29995,1.92377,1.69324,2.41976,0.207276,0.447624,2.34337,2.1573,0.395135,-2.3563,-0.193816,-0.383451,-1.94437,-1.09357,-0.416993,-2.27314,CALI,1,CALI
0.4547,0.800388,0.4337,0.504281,0.156943,0.408587,0.472173,0.540535,-0.614535,-1.35098,-1.68558,-0.257937,-0.63564,-0.56462,-0.295116,0.626111,BARBUNYA,1,unknown
1.3697,1.59544,1.15766,1.34939,0.370784,0.567046,1.38476,1.38504,0.0691984,-1.18265,-1.71457,-0.46749,-1.31044,-0.945213,-0.497882,0.279792,BARBUNYA,1,unknown
-0.482704,-0.521816,-0.491784,-0.306754,-0.414825,-0.129368,-0.486052,-0.450349,0.798204,0.408511,0.638837,0.30931,0.203085,0.27425,0.271665,-0.204007,DERMASON,1,SIRA
1.28319,1.34392,1.11383,1.25511,0.390915,0.581015,1.27476,1.30922,-0.520457,0.0395654,-0.965669,-0.494688,-1.23069,-0.938963,-0.523937,-0.0572973,CALI,1,CALI
0.81383,0.804117,0.386892,1.42999,-0.545485,-0.282977,0.825343,0.883887,-0.628982,-0.983807,-0.242979,0.466088,-1.36471,-0.236016,0.432927,0.128059,BARBUNYA,1,unknown
-0.259356,-0.469618,-0.79221,0.897975,-1.58824,-2.32563,-0.274512,-0.199566,0.790114,1.25333,1.72179,1.88764,-0.979247,1.47625,1.98629,0.870304,SEKER,1,SEKER
9.39426,6.18087,5.26236,7.20719,0.559642,0.692307,9.44137,6.60398,-2.04751,-1.72396,-1.01479,-0.686098,-3.85863,-1.84624,-0.705607,-1.63766,BOMBAY,1,unknown
-0.436326,-0.436533,-0.460632,-0.265873,-0.404231,-0.117506,-0.439703,-0.397394,0.757075,0.383162,0.385631,0.328132,0.119336,0.259302,0.29092,0.885834,SIRA,1,DERMASON
-0.871,-0.987305,-1.32878,0.111992,-1.82206,-3.19841,-0.874339,-0.91422,1.00378,0.688029,1.10735,2.2726,-0.276423,2.49942,2.4352,0.942946,SEKER,1,SEKER
1.74361,2.07948,1.25845,1.92749,0.0792264,0.346033,1.76098,1.70444,-1.00754,-1.28646,-2.39302,-0.18678,-1.71355,-0.883287,-0.225451,0.467648,BARBUNYA,1,unknown
-0.920859,-0.99986,-0.952218,-0.818491,-0.663454,-0.434373,-0.917009,-0.976727,-0.492272,-0.0424042,0.805922,0.617539,0.786578,0.871559,0.590606,0.607997,DERMASON,1,DERMASON
-0.561598,-0.566833,-0.563104,-0.422164,-0.422033,-0.137487,-0.561257,-0.541558,0.881821,0.119254,0.416313,0.33117,0.316041,0.343817,0.29403,0.289574,DERMASON,1,DERMASON
1.83125,1.80112,1.43082,1.84066,0.320147,0.531219,1.83024,1.77746,-0.315226,-0.437287,-1.09127,-0.424892,-1.6478,-1.02429,-0.456952,0.131174,BARBUNYA,1,CALI
1.71116,1.81635,1.29652,1.81835,0.192364,0.436176,1.72702,1.67723,-0.87204,-1.21671,-1.51514,-0.305799,-1.63229,-0.938273,-0.341742,0.102786,BARBUNYA,1,unknown
-0.0450077,-0.0185238,-0.0808955,0.137647,-0.211702,0.0841922,-0.0543214,0.0317357,0.904508,0.63395,0.127872,0.111589,-0.289536,-0.116949,0.071138,0.576139,SIRA,1,SIRA
-1.46412,-1.60309,-1.45288,-1.75389,-0.642086,-0.405983,-1.45874,-1.71302,0.382189,0.118263,0.554296,0.59258,2.18904,1.47142,0.564492,0.619799,DERMASON,1,DERMASON
1.9081,2.11317,1.38006,2.04621,0.128749,0.38622,1.91571,1.84097,-0.0942221,-0.839525,-2.05118,-0.230026,-1.79418,-0.941268,-0.267838,0.652798,BARBUNYA,1,unknown
1.03895,1.19276,0.527212,1.66821,-0.538079,-0.273891,1.03863,1.09096,0.224062,-0.338828,-1.17379,0.475759,-1.54976,-0.307722,0.44294,0.768743,BARBUNYA,1,unknown
2.4222,2.31773,1.53304,2.78195,-0.170128,0.124549,2.41832,2.25359,0.173446,-0.394423,-1.39494,0.0666001,-2.22057,-0.892446,0.0259548,0.523729,BARBUNYA,1,unknown
1.37516,1.49809,1.00097,1.5915,0.0267613,0.302162,1.37908,1.38979,0.149186,-0.616481,-1.30441,-0.129547,-1.49431,-0.764698,-0.16912,0.672266,BARBUNYA,1,unknown
-0.606465,-0.561749,-0.502351,-0.666848,-0.129474,0.163006,-0.606508,-0.594081,0.252872,0.178639,0.0875331,0.0303513,0.590633,0.138582,-0.0103314,0.739093,DERMASON,1,DERMASON
2.22355,2.42564,1.46658,2.513,-0.076443,0.211734,2.2286,2.09656,-0.609588,-0.748036,-2.29487,-0.0278948,-2.07263,-0.901872,-0.0684139,0.596107,BARBUNYA,1,unknown
-0.0750282,0.0842596,0.268493,-0.478375,0.80185,0.835822,-0.081821,-0.000145487,-1.78446,0.458277,-0.603489,-0.83585,0.37199,-0.71859,-0.845663,0.542329,SIRA,1,SIRA
0.864675,1.81157,0.608642,1.14446,-0.106587,0.184232,0.933663,0.931175,-1.09637,-4.24164,-4.05929,0.00403659,-1.16705,-0.542673,-0.0366063,0.637683,BARBUNYA,1,unknown
-0.437114,-0.386348,-0.352067,-0.437459,-0.112422,0.178849,-0.438993,-0.39829,0.84906,0.252558,0.0674971,0.00397768,0.329081,0.0143365,-0.0366651,0.416329,DERMASON,1,SIRA
-0.554109,-0.416093,-0.132971,-1.08515,0.834668,0.853945,-0.556157,-0.532838,-0.330215,0.334147,-0.475997,-0.865976,1.1519,-0.52617,-0.873619,0.42414,DERMASON,1,DERMASON
-0.798018,-1.01293,-1.24782,0.182265,-1.75651,-2.92286,-0.805977,-0.824018,0.784156,1.0999,1.88033,2.15994,-0.343035,2.2835,2.30259,0.872612,SEKER,1,SEKER
2.26099,2.03549,1.41738,2.70405,-0.237335,0.0587721,2.24958,2.12639,-0.141572,-0.0509013,-0.76161,0.11624,-2.15902,-0.834498,0.0758189,-0.235547,BARBUNYA,1,CALI
-0.270326,-0.0240506,0.219532,-0.833608,1.0981,0.989336,-0.259923,-0.211641,-0.876724,-0.835235,-1.05051,-1.10915,0.862866,-0.804374,-1.09657,-0.868666,HOROZ,1,HOROZ
0.0101724,0.410477,0.843743,-0.959162,2.18669,1.40522,0.036763,0.0899188,-0.421288,-2.05066,-1.82932,-1.89816,1.07932,-1.32222,-1.78687,-2.12128,HOROZ,1,unknown
1.88616,1.6847,1.54594,1.73818,0.51537,0.664069,1.86071,1.82289,-0.070348,0.678761,-0.441509,-0.581315,-1.60065,-1.11234,-0.606525,0.897542,BARBUNYA,1,CALI
-0.328528,-0.231796,-0.101927,-0.513588,0.30928,0.523399,-0.323572,-0.276113,0.724452,-0.375262,-0.212288,-0.438063,0.460528,-0.355199,-0.469623,-0.74658,SIRA,1,SIRA
-0.952654,-0.948063,-0.775936,-1.20113,-0.0532154,0.232582,-0.948317,-1.01697,1.03942,-0.0785053,0.187817,-0.0706363,1.33888,0.308546,-0.11086,-0.108437,DERMASON,1,DERMASON
3.00724,2.37904,2.15587,2.88692,0.365354,0.563252,2.9798,2.7001,-1.54667,0.414147,-0.0902305,-0.484851,-2.25006,-1.25465,-0.51452,-0.567952,CALI,1,CALI
2.21921,2.06516,1.39114,2.64853,-0.230878,0.0652144,2.2244,2.0931,1.11291,-0.753682,-0.996872,0.121221,-2.13893,-0.823241,0.0808334,0.191743,BARBUNYA,1,unknown
1.50989,1.43101,1.13808,1.66203,0.128165,0.385753,1.50754,1.50632,-0.911175,-0.321291,-0.570658,-0.239575,-1.53184,-0.857654,-0.277178,0.275288,BARBUNYA,1,CALI
1.58425,1.81475,2.05381,0.654887,2.01604,1.35199,1.60637,1.5699,-1.31922,-1.52184,-1.89283,-1.81147,-0.651635,-1.60505,-1.7135,-3.04854,HOROZ,1,unknown
-0.0724006,0.300942,0.782186,-1.13455,2.31984,1.44432,-0.0680066,0.00265146,-0.633461,-0.398417,-1.69651,-1.92337,1.22438,-1.31123,-1.80809,0.354719,HOROZ,1,HOROZ
2.00243,1.82016,1.02655,2.87069,-0.706006,-0.492261,1.98652,1.91824,0.323759,0.206886,-0.650164,0.648878,-2.25372,-0.479945,0.623467,-0.068358,BARBUNYA,1,unknown
0.14602,0.225883,0.253239,0.112791,0.244067,0.475459,0.160834,0.230942,-0.489983,-1.18523,-0.253306,-0.377196,-0.220649,-0.523841,-0.41095,-0.742139,SIRA,1,SIRA
2.88019,2.8846,1.79966,3.18139,-0.144421,0.14898,2.89672,2.60504,0.946169,-1.22529,-2.21172,0.0397217,-2.42888,-0.989251,-0.000961574,0.517108,BARBUNYA,1,unknown
0.849894,1.31891,0.841294,0.754084,0.457894,0.626404,0.87634,0.917461,0.244332,-1.8436,-2.36396,-0.543522,-0.84526,-0.85343,-0.57057,0.384419,BARBUNYA,1,unknown
-0.539395,-0.722423,-1.00812,0.50263,-1.63302,-2.47151,-0.545441,-0.515742,0.64648,0.690234,1.63531,1.95797,-0.641305,1.79313,2.06741,0.851255,SEKER,1,SEKER
0.201463,0.188343,0.117552,0.4161,-0.170219,0.124462,0.190399,0.287625,0.658424,0.620885,0.227105,0.0718282,-0.558442,-0.256202,0.031197,0.710746,SIRA,1,SIRA
1.51265,1.44812,1.34202,1.36,0.569807,0.698699,1.49063,1.50869,-1.43625,0.657465,-0.635873,-0.649237,-1.3137,-1.07006,-0.670853,0.122822,BARBUNYA,1,CALI
-0.220467,-0.0754112,-0.007441,-0.386887,0.326827,0.536003,-0.222999,-0.156951,-1.41187,0.197435,-0.499382,-0.451359,0.309089,-0.415556,-0.4824,-0.637257,SIRA,1,SIRA
-1.33274,-1.42432,-1.13321,-1.83097,-0.00580046,0.274237,-1.3295,-1.52447,-1.19999,0.307378,0.432633,-0.111891,2.34766,0.625593,-0.151689,0.126515,DERMASON,1,DERMASON
-0.0480951,-0.0131767,-0.0462459,0.0727139,-0.11554,0.175965,-0.0585173,0.0284643,-0.598216,0.720341,0.0805824,0.0109153,-0.224248,-0.185324,-0.0297434,0.553003,SIRA,1,SIRA
8.86663,5.36532,4.07296,8.36194,-0.669396,-0.442347,8.77157,6.3274,-0.180095,0.934669,0.552802,0.620256,-4.17832,-1.37396,0.593452,0.45663,BOMBAY,1,unknown
2.06813,2.40199,1.7212,1.90853,0.580359,0.705297,2.10956,1.97162,0.40298,-2.32555,-2.61762,-0.696766,-1.65158,-1.20094,-0.715645,-1.35543,BARBUNYA,1,unknown
0.0108293,-0.125935,-0.464422,0.991861,-1.25457,-1.44733,0.00300174,0.0906083,0.422223,0.490154,1.07668,1.38736,-1.05165,0.83452,1.42089,0.767595,SEKER,1,SEKER
-1.55983,-1.78719,-1.59408,-1.82774,-0.81866,-0.654808,-1.55744,-1.85544,-0.576904,0.663905,1.08628,0.776812,2.36521,1.81709,0.75844,-0.389863,DERMASON,1,DERMASON
0.269781,1.15599,0.978352,-0.600883,1.94864,1.32994,0.3095,0.356806,-2.51697,-2.85815,-3.8188,-1.72395,0.582364,-1.30724,-1.63881,-1.20231,HOROZ,1,unknown
0.0596373,0.0508493,-0.0505373,0.371954,-0.34917,-0.0571933,0.0535468,0.141627,-0.83962,0.336739,0.282632,0.243332,-0.495294,-0.0748886,0.204398,0.0164783,SIRA,1,SIRA
-0.726547,-0.876719,-1.10288,0.0974102,-1.51815,-2.11293,-0.730709,-0.737107,0.50538,0.653815,1.4009,1.78186,-0.262925,1.80205,1.86506,0.971913,SEKER,1,SEKER
-1.08817,-1.1913,-1.02687,-1.21172,-0.440235,-0.15817,-1.08878,-1.1921,0.738103,0.574271,0.85332,0.351843,1.33756,0.79117,0.315217,0.303492,DERMASON,1,DERMASON
-0.218168,-0.326902,-0.485804,0.388607,-0.909959,-0.797438,-0.230035,-0.154441,0.70125,0.950851,1.02442,0.929581,-0.539719,0.600201,0.921355,0.914289,SEKER,1,SEKER
-0.569152,-0.718708,-0.954446,0.306287,-1.45201,-1.92772,-0.578234,-0.550367,1.0042,0.993677,1.39942,1.66393,-0.446659,1.52912,1.73095,0.411097,SEKER,1,SEKER
0.227739,0.200566,0.0532628,0.603429,-0.386583,-0.0979323,0.221578,0.314319,-0.964234,0.265155,0.289333,0.293416,-0.714477,-0.117308,0.255429,0.341952,SIRA,1,SIRA
-0.696066,-0.839407,-1.0074,-0.00441924,-1.32903,-1.61712,-0.701789,-0.700455,0.43253,0.782465,1.35461,1.49856,-0.158788,1.48748,1.54481,0.925799,SEKER,1,SEKER
2.16062,2.18556,1.46756,2.40354,-0.00873107,0.271697,2.19529,2.0462,-1.22201,-2.01576,-1.6152,-0.103553,-2.00242,-0.928104,-0.143448,0.326044,BARBUNYA,1,unknown
-0.865154,-0.621514,-0.900468,-0.642238,-0.728615,-0.523774,-0.827215,-0.906938,-1.76009,-3.57675,-1.27118,0.604572,0.683689,0.809613,0.577033,-2.53695,DERMASON,1,unknown
-1.09474,-1.15982,-0.959486,-1.36139,-0.192334,0.103125,-1.09156,-1.20074,-0.0671642,0.13482,0.559336,0.0968882,1.5413,0.571923,0.0563559,0.781424,DERMASON,1,DERMASON
1.83545,1.79386,0.919857,2.69657,-0.717649,-0.508423,1.82927,1.78095,-0.432683,-0.198566,-1.04938,0.677996,-2.17219,-0.419529,0.654069,0.456079,BARBUNYA,1,unknown
9.87275,5.9859,4.92902,8.22801,-0.0832292,0.205587,9.77601,6.84975,1.69648,0.801433,0.0798571,-0.051836,-4.13153,-1.67101,-0.0922078,-0.534579,BOMBAY,1,unknown
-0.152083,-0.237641,-0.334602,0.328817,-0.678168,-0.454183,-0.161738,-0.0827279,0.0398308,0.727352,0.847516,0.610498,-0.446398,0.306326,0.583234,-0.246142,SIRA,1,SIRA
0.2192,0.447367,0.0158251,0.633687,-0.453658,-0.173587,0.236942,0.305656,0.586266,-1.3854,-1.04753,0.378741,-0.752872,-0.0542247,0.342836,0.725635,BARBUNYA,1,unknown
-0.941683,-1.01035,-1.11185,-0.591722,-1.07248,-1.0794,-0.937278,-1.00305,0.256503,-0.0914842,0.717122,1.141,0.493493,1.38499,1.14994,0.893066,SEKER,1,DERMASON
1.41634,1.34843,0.835938,1.98296,-0.399658,-0.112412,1.44015,1.4256,-0.0299002,-1.62074,-0.526065,0.297784,-1.73613,-0.531438,0.259888,-0.0168738,BARBUNYA,1,unknown
2.12429,2.02166,1.57206,2.15542,0.255682,0.484126,2.12041,2.01699,-0.254984,-0.351322,-1.09778,-0.351696,-1.86144,-1.04564,-0.386279,0.628198,BARBUNYA,1,CALI
2.25764,2.09395,1.89845,1.95491,0.733755,0.797252,2.24177,2.12372,0.0168262,0.140286,-1.00037,-0.804895,-1.70583,-1.28274,-0.816861,-0.471274,CALI,1,CALI
-0.198855,-0.218861,-0.273031,0.0684091,-0.410119,-0.124088,-0.203504,-0.133397,1.12323,0.356679,0.460442,0.32308,-0.217227,0.115208,0.28575,0.472609,SIRA,1,SIRA
-1.18822,-1.19302,-0.964945,-1.6497,0.0909056,0.355616,-1.18574,-1.32537,0.185721,0.286777,0.0023049,-0.188942,2.00207,0.413695,-0.227574,0.81229,DERMASON,1,DERMASON
-0.75256,-0.809732,-0.731149,-0.695963,-0.438426,-0.156102,-0.755497,-0.768581,0.947116,0.552073,0.728082,0.358058,0.631963,0.504278,0.321594,0.596528,DERMASON,1,DERMASON
0.271621,0.762191,1.27824,-0.992051,2.89326,1.59182,0.266314,0.358658,-3.29859,0.187852,-2.26785,-2.25955,1.02709,-1.55316,-2.08616,0.331064,HOROZ,1,HOROZ
0.632196,1.00272,0.177942,1.37058,-0.742276,-0.543078,0.66112,0.712343,0.423812,-2.03612,-1.86642,0.704816,-1.32808,-0.00559084,0.682318,0.353758,BARBUNYA,1,unknown
0.128612,0.369022,0.635959,-0.500114,1.34565,1.10205,0.130623,0.213042,-0.776957,-0.275394,-1.07822,-1.27751,0.420702,-1.04,-1.24811,-0.0955737,HOROZ,1,HOROZ
8.7863,5.46207,4.37568,7.76321,-0.259479,0.0364748,8.7145,6.28476,0.959077,0.501846,0.15772,0.143156,-4.02737,-1.54333,0.10294,-0.112146,BOMBAY,1,unknown
-0.562189,-0.598673,-0.617143,-0.328786,-0.571189,-0.31488,-0.558416,-0.542246,-0.0928538,-0.194894,0.621719,0.500779,0.209533,0.481222,0.46888,0.306159,DERMASON,1,SIRA
2.1145,2.39939,1.75432,2.01134,0.542559,0.681489,2.17721,2.0091,-1.29036,-3.22536,-2.48857,-0.704776,-1.67508,-1.21282,-0.723176,-2.92431,BARBUNYA,1,unknown
7.19652,4.98769,3.89365,6.64085,-0.13367,0.159082,7.26619,5.40886,1.36044,-2.33923,-0.721254,-0.0671562,-3.67683,-1.51227,-0.107409,-2.96768,BOMBAY,1,unknown
-1.04107,-1.15748,-1.0554,-1.01348,-0.657688,-0.426668,-1.03966,-1.13056,-0.00917852,0.301984,0.997985,0.607726,1.04954,0.978413,0.580333,0.504317,DERMASON,1,DERMASON
0.0200916,0.301136,-0.0363796,0.22912,-0.224342,0.0717093,0.0346973,0.100322,0.834862,-1.1722,-1.2543,0.124126,-0.377616,-0.13934,0.0837586,0.547288,BARBUNYA,1,unknown
2.03994,2.28845,1.41549,2.25215,0.0330006,0.307451,2.06876,1.94876,-0.898552,-1.78068,-2.30779,-0.141941,-1.91549,-0.923318,-0.181342,0.442326,BARBUNYA,1,unknown
1.11272,1.01905,0.885652,1.2662,0.123994,0.382411,1.11796,1.15756,0.562438,-0.655057,-0.108889,-0.249916,-1.23307,-0.762702,-0.287283,-0.26059,CALI,1,CALI
3.24359,3.27465,2.74001,2.40332,1.2677,1.06794,3.24557,2.8743,-1.11457,-0.700799,-2.622,-1.21263,-1.99855,-1.58654,-1.18999,0.180613,BARBUNYA,1,unknown
10.3347,6.32102,4.92128,8.85434,-0.318513,-0.0245563,10.2578,7.08274,0.319847,0.396798,-0.266979,0.175239,-4.26044,-1.6199,0.135345,-1.23241,BOMBAY,1,unknown
2.63806,2.31651,1.66892,2.96121,-0.14294,0.150376,2.65736,2.42101,-1.06002,-1.33842,-0.818113,0.0360509,-2.31404,-0.948446,-0.00463304,0.439085,BARBUNYA,1,unknown
-0.993316,-0.850274,-0.505974,-1.74759,0.991511,0.936623,-0.991245,-1.0689,-1.69695,0.194713,-0.772898,-0.988477,2.17882,-0.358012,-0.986532,0.602896,DERMASON,1,DERMASON
0.889177,0.867202,0.617474,1.23197,-0.156762,0.1373,0.878729,0.953853,0.69188,0.275019,-0.24744,0.0218275,-1.19733,-0.539716,-0.0188484,-0.600439,BARBUNYA,1,CALI
0.928723,1.01578,0.65036,1.23701,-0.122792,0.169234,0.935858,0.990305,-0.423202,-0.740254,-0.793465,0.00640563,-1.22213,-0.561299,-0.0342432,0.115517,BARBUNYA,1,CALI
-0.712358,-0.920761,-1.13182,0.209093,-1.62204,-2.43495,-0.722252,-0.720015,0.726448,1.20707,1.8385,1.94302,-0.370981,1.95398,2.05014,0.931971,SEKER,1,SEKER
-0.0291106,-0.00937223,-0.0153941,0.100004,-0.0967312,0.19328,-0.0303722,0.0485529,1.16964,0.0162124,0.1602,-0.032902,-0.2213,-0.224242,-0.0733941,-0.34517,SIRA,1,SIRA
-0.902072,-0.956004,-0.744744,-1.12468,-0.077334,0.210929,-0.904808,-0.953087,0.240646,0.650457,0.636195,-0.0223004,1.19384,0.307806,-0.0628471,0.768222,DERMASON,1,DERMASON
-0.348038,-0.376491,-0.413309,-0.087154,-0.478522,-0.202521,-0.35204,-0.297881,-0.787285,0.385646,0.552887,0.39662,-0.0541765,0.257555,0.361227,0.367121,SIRA,1,DERMASON
-0.290099,-0.194436,-0.418131,0.144116,-0.655417,-0.423641,-0.277094,-0.233467,0.0932844,-1.04601,-0.209409,0.547997,-0.226774,0.339817,0.517973,-1.48157,SIRA,1,SIRA
2.04237,2.26312,1.51205,2.13906,0.204635,0.445604,2.06095,1.95074,-1.14713,-1.33089,-2.21351,-0.330795,-1.82422,-1.01946,-0.366018,-0.397033,BARBUNYA,1,unknown
11.6118,7.22967,6.36182,8.06715,0.891975,0.884893,11.5519,7.70666,1.73804,0.00139471,-1.11617,-0.955804,-4.08163,-2.01025,-0.956535,-1.27037,BOMBAY,1,unknown
1.27787,1.25848,0.333424,2.61719,-1.25106,-1.43961,1.28277,1.30453,1.339,-0.655588,-0.609538,1.36112,-2.11827,0.200989,1.39181,0.0674581,BARBUNYA,1,unknown
1.72706,1.66096,1.46969,1.57974,0.547667,0.684735,1.7072,1.69057,-0.890105,0.472961,-0.842126,-0.627865,-1.47291,-1.10378,-0.650652,0.200238,BARBUNYA,1,CALI
0.169012,0.606968,0.879051,-0.733266,1.96076,1.33395,0.181233,0.254508,-2.92958,-1.00344,-2.02028,-1.6984,0.692876,-1.2681,-1.61689,0.216889,HOROZ,1,HOROZ
1.64968,1.70557,1.22709,1.81172,0.122769,0.381429,1.65136,1.62541,1.002,-0.539533,-1.26683,-0.242072,-1.62473,-0.891329,-0.279619,-0.0124986,BARBUNYA,1,CALI
-0.393036,-0.581401,-0.847317,0.607519,-1.49378,-2.04306,-0.40549,-0.348391,0.142328,1.14171,1.63141,1.74362,-0.73686,1.4501,1.82145,0.941578,SEKER,1,SEKER
0.761409,1.26775,0.615866,0.913434,0.0669885,0.335921,0.788484,0.834803,-0.752555,-1.89702,-2.47365,-0.176986,-0.977147,-0.618033,-0.215831,0.385652,BARBUNYA,1,unknown
-1.16562,-1.3004,-1.12905,-1.29548,-0.527451,-0.260938,-1.16818,-1.29495,1.41668,0.884769,1.01658,0.460716,1.44638,0.970691,0.427368,0.667637,DERMASON,1,DERMASON
0.000647251,0.00220032,-0.632659,1.31525,-1.62239,-2.43613,0.00610028,0.0799134,0.472194,-0.494877,0.252025,1.94316,-1.30372,1.3297,2.05029,0.918411,SEKER,1,SEKER
2.23682,1.90072,1.89953,1.89911,0.775571,0.821094,2.20607,2.10715,1.29329,0.785463,-0.283605,-0.829434,-1.68077,-1.29038,-0.8397,-0.0630252,CALI,1,CALI
2.2541,2.82716,1.64515,2.29406,0.239629,0.472132,2.26081,2.1209,0.597923,-0.820926,-3.48843,-0.343585,-1.93865,-1.06593,-0.378421,0.364896,BARBUNYA,1,unknown
7.93442,5.27839,4.32862,6.78745,0.107106,0.3688,7.94987,5.8233,-0.10358,-1.16014,-0.488052,-0.250003,-3.75707,-1.62713,-0.287368,-0.872174,BOMBAY,1,unknown
-0.668542,-0.814982,-1.14452,0.387086,-1.73937,-2.85532,-0.673966,-0.667564,0.379309,0.731122,1.37932,2.13012,-0.535604,2.10408,2.26765,0.829907,SEKER,1,SEKER
8.11849,5.34685,4.37378,6.94883,0.0687162,0.337353,8.11784,5.92449,-0.242458,-0.836957,-0.425648,-0.210467,-3.80348,-1.62504,-0.248687,-0.793144,BOMBAY,1,unknown
-0.48382,-0.335624,-0.233589,-0.740475,0.331464,0.539314,-0.47992,-0.45163,0.796432,-0.235283,-0.521657,-0.437828,0.708775,-0.275165,-0.469397,0.0366614,SIRA,1,SIRA
1.60869,1.41538,1.38703,1.50465,0.512038,0.661917,1.59101,1.59068,0.631706,0.407814,-0.168102,-0.615106,-1.39982,-1.07332,-0.638575,-0.514516,CALI,1,CALI
0.78243,1.16208,1.66123,-0.442178,2.72946,1.55284,0.764663,0.854527,-1.57431,0.750434,-1.97377,-2.16935,0.341365,-1.61728,-2.01246,0.227234,HOROZ,1,HOROZ
1.05321,1.0931,0.719827,1.392,-0.149614,0.144076,1.05793,1.10387,0.987887,-0.619548,-0.678278,0.0354725,-1.33829,-0.581785,-0.00521139,0.165977,BARBUNYA,1,CALI
9.0683,5.88575,4.92615,7.26369,0.308202,0.522621,9.01945,6.43383,1.56642,0.0349889,-0.650051,-0.435574,-3.8902,-1.75301,-0.46723,-0.690229,BOMBAY,1,unknown
-1.17331,-1.29799,-1.16494,-1.2568,-0.619353,-0.376261,-1.17316,-1.30528,0.764028,0.559827,0.927827,0.567198,1.3889,1.07972,0.537988,0.66774,DERMASON,1,DERMASON
-0.291413,-0.413789,-0.638859,0.481551,-1.16122,-1.25102,-0.30156,-0.23492,-0.186413,0.864073,1.14344,1.25974,-0.622171,0.929167,1.27992,0.844819,SEKER,1,SEKER
-0.62742,-0.76448,-0.975591,0.149662,-1.38406,-1.75111,-0.631878,-0.618779,0.909975,0.607316,1.31292,1.57771,-0.311762,1.49935,1.63362,0.889511,SEKER,1,SEKER
-0.399539,-0.559729,-0.847275,0.596919,-1.48768,-2.02588,-0.40691,-0.355727,0.173662,0.706758,1.43742,1.72611,-0.719312,1.43893,1.80152,0.677157,SEKER,1,SEKER
1.44085,1.89618,1.11504,1.55009,0.180112,0.426696,1.46926,1.44683,0.135173,-1.84735,-2.61999,-0.283456,-1.46068,-0.864686,-0.319998,0.502152,BARBUNYA,1,unknown
2.86594,2.41225,2.08596,2.78201,0.363933,0.562257,2.86193,2.59431,-0.0242223,-0.445188,-0.586815,-0.501963,-2.17599,-1.24148,-0.530896,-1.26576,CALI,1,CALI
-1.12995,-1.14877,-0.926452,-1.52078,0.0208899,0.297167,-1.12603,-1.24732,-1.26285,0.0703957,0.179213,-0.127029,1.80108,0.412595,-0.166636,0.549679,DERMASON,1,DERMASON
2.42909,2.1337,1.86687,2.30982,0.453938,0.623768,2.44298,2.25899,0.575121,-1.12475,-0.676781,-0.563225,-1.9254,-1.20067,-0.589329,-0.504582,CALI,1,CALI
7.6465,5.22293,4.2155,6.53184,0.140313,0.395437,7.61362,5.6633,0.758684,-0.145934,-0.736979,-0.256746,-3.70091,-1.61103,-0.293953,0.0722515,BOMBAY,1,unknown
2.36649,2.34078,1.58529,2.6658,-0.0511822,0.234393,2.39547,2.20985,1.46688,-1.74784,-1.62584,-0.100449,-2.11527,-0.966591,-0.140379,-1.12694,BARBUNYA,1,unknown
-0.210416,-0.272269,-0.306565,0.0984465,-0.476574,-0.200236,-0.219835,-0.145986,0.493776,0.747273,0.723341,0.3955,-0.244999,0.175842,0.360073,0.405333,SIRA,1,SIRA
-1.11202,-1.17088,-1.01421,-1.31456,-0.325354,-0.031782,-1.10557,-1.22355,0.177418,-0.239449,0.494396,0.229386,1.48417,0.704751,0.190225,0.444872,DERMASON,1,DERMASON
-0.674586,-0.864932,-1.10587,0.277578,-1.62839,-2.45603,-0.68281,-0.674769,0.726788,1.00705,1.70262,1.95231,-0.435645,1.92354,2.06086,0.905799,SEKER,1,SEKER
1.31104,1.53411,0.967701,1.51854,0.039797,0.31319,1.3244,1.33371,0.0743226,-1.09604,-1.6612,-0.146356,-1.43922,-0.757543,-0.185691,0.527952,BARBUNYA,1,unknown
1.77285,1.80321,1.20882,2.0931,-0.0791036,0.209327,1.7857,1.72887,0.548798,-1.07581,-1.27684,-0.0461209,-1.80161,-0.815087,-0.0865321,-0.171657,BARBUNYA,1,CALI
0.73671,0.660044,0.351056,1.32545,-0.519878,-0.251765,0.726384,0.811558,-1.12941,0.32512,0.159765,0.428667,-1.28015,-0.232325,0.394255,-0.158258,BARBUNYA,1,SIRA
1.86737,1.84958,1.6174,1.73969,0.591123,0.711991,1.9179,1.80738,0.442516,-2.78385,-1.17523,-0.737876,-1.50479,-1.18382,-0.754239,-2.57835,CALI,1,CALI
8.76981,5.90088,4.67773,7.32271,0.116392,0.376301,8.87085,6.27598,0.776764,-2.76519,-1.06368,-0.269525,-3.89576,-1.68324,-0.306421,-1.26336,BOMBAY,1,unknown
8.99986,5.67739,4.76938,7.42849,0.133209,0.389782,8.9059,6.3978,0.885435,0.890498,-0.171044,-0.271593,-3.9324,-1.69661,-0.308438,-0.736539,BOMBAY,1,unknown
1.3498,1.38048,1.09045,1.40681,0.253971,0.482852,1.35216,1.36766,-0.143624,-0.533359,-0.894381,-0.355103,-1.35686,-0.881039,-0.389578,0.439144,BARBUNYA,1,CALI
2.4647,2.52845,1.85045,2.36631,0.399796,0.587128,2.50443,2.28681,-1.54901,-2.17108,-2.03052,-0.495134,-1.97814,-1.175,-0.524365,0.2327,BARBUNYA,1,unknown
-0.612311,-0.648477,-0.651274,-0.422812,-0.54545,-0.282934,-0.615933,-0.600961,0.457741,0.517721,0.615191,0.479257,0.305843,0.499535,0.446564,0.593461,SIRA,1,DERMASON
0.40806,0.593549,0.454378,0.374551,0.286466,0.506826,0.42279,0.494665,-1.40227,-1.17573,-0.921003,-0.387678,-0.508741,-0.626787,-0.421075,0.356845,BARBUNYA,1,SIRA
7.84304,5.28469,4.3837,6.63815,0.211373,0.450753,7.85233,5.77275,2.17158,-1.03378,-0.633637,-0.373654,-3.69826,-1.66357,-0.407526,-1.76272,BOMBAY,1,unknown
0.55028,0.878477,1.22021,-0.354365,2.00654,1.34892,0.548152,0.633583,1.33451,-0.116307,-1.6473,-1.7404,0.259854,-1.38284,-1.6529,-0.296703,HOROZ,1,HOROZ
-1.11077,-1.20333,-0.981885,-1.36682,-0.223449,0.072594,-1.11215,-1.2219,-1.02558,0.686083,0.749547,0.121627,1.56165,0.608489,0.0812426,0.490887,DERMASON,1,DERMASON
-0.185717,-0.0231583,-0.449322,0.416575,-0.882529,-0.753487,-0.177682,-0.119122,0.341752,-0.65706,-0.60095,0.889001,-0.559077,0.546568,0.877895,0.71699,BARBUNYA,1,SEKER
8.50133,5.43141,4.55303,7.10844,0.122976,0.381594,8.41278,6.1323,0.958421,0.872269,-0.140754,-0.245255,-3.85873,-1.65983,-0.282729,-0.123633,BOMBAY,1,unknown
-0.735612,-0.838453,-0.814641,-0.496676,-0.718732,-0.509933,-0.740327,-0.748055,0.625906,0.715845,1.05552,0.685038,0.389296,0.769791,0.661481,0.655165,DERMASON,1,DERMASON
-0.760837,-0.847597,-0.879872,-0.456113,-0.84196,-0.690231,-0.762081,-0.778634,0.893092,0.388779,0.934097,0.839463,0.338038,0.928102,0.825022,0.765633,SEKER,1,DERMASON
-0.384234,-0.540223,-0.691999,0.316262,-1.12409,-1.17753,-0.396065,-0.338476,0.913992,1.08033,1.40339,1.20862,-0.469696,0.952632,1.22382,0.830282,SEKER,1,SEKER
7.8169,5.1791,4.1372,6.91321,-0.0788781,0.209531,7.76054,5.75825,0.740938,0.326962,-0.370609,-0.0526028,-3.80062,-1.55039,-0.0929692,-0.400711,BOMBAY,1,unknown
6.63946,4.39704,3.40204,6.49585,-0.420314,-0.135547,6.56844,5.08597,1.18873,0.85017,0.200608,0.324841,-3.69149,-1.3173,0.287551,0.132193,BOMBAY,1,unknown
0.309458,0.408782,0.502175,0.0828173,0.595706,0.714829,0.307369,0.396654,-0.308078,-0.0451108,-0.438725,-0.669601,-0.222713,-0.759462,-0.690067,0.20653,SIRA,1,SIRA
0.58549,0.868592,1.19906,-0.265519,1.8775,1.30599,0.579009,0.667546,0.589527,0.145808,-1.46343,-1.64999,0.152444,-1.34887,-1.5752,-0.0648765,HOROZ,1,HOROZ
7.36837,5.27247,3.54496,7.35119,-0.65223,-0.419404,7.38652,5.50668,1.594,-1.21963,-1.26442,0.562093,-3.9102,-1.28391,0.532663,-0.860782,BOMBAY,1,unknown
1.48893,1.41067,0.362539,3.08302,-1.4375,-1.88892,1.50831,1.48831,0.425507,-1.39499,-0.552416,1.60984,-2.35125,0.299483,1.66982,-0.632329,BARBUNYA,1,unknown
-0.520936,-0.550585,-0.896468,0.322972,-1.38825,-1.76165,-0.520072,-0.494368,0.693911,0.0516576,0.577823,1.57982,-0.47363,1.40439,1.636,0.757491,SEKER,1,SEKER
1.67576,1.87317,1.16379,1.94942,-0.0346778,0.24901,1.69636,1.64743,1.02625,-1.44229,-1.83865,-0.075985,-1.72539,-0.808745,-0.116161,0.38243,BARBUNYA,1,unknown
1.13374,0.907917,0.798268,1.43288,-0.0896574,0.199741,1.11099,1.17643,0.243332,0.862194,0.518927,-0.0241714,-1.36996,-0.640076,-0.0647091,0.238745,CALI,1,CALI
-0.192417,-0.187837,-0.17286,-0.0874798,-0.155647,0.138359,-0.197306,-0.126398,0.913705,0.372498,0.309429,0.0519154,-0.0596873,-0.0852684,0.0112421,0.537408,SIRA,1,SIRA
-0.360519,-0.479178,-0.73682,0.474574,-1.27902,-1.50171,-0.368501,-0.311848,0.194213,0.73166,1.14271,1.42637,-0.617978,1.12893,1.46425,0.910679,SEKER,1,SEKER
6.78313,4.45789,3.55437,6.43204,-0.285788,0.00956523,6.72123,5.17012,-0.040434,0.609662,0.241825,0.181011,-3.6747,-1.38638,0.141184,0.239327,BOMBAY,1,unknown
1.2801,1.36955,0.684375,1.97973,-0.556547,-0.296636,1.28193,1.3065,-0.701761,-0.495675,-1.08603,0.45845,-1.71863,-0.395053,0.425025,-0.587695,BARBUNYA,1,unknown
1.3029,1.66076,0.881132,1.72541,-0.191461,0.103973,1.34022,1.32655,-0.821086,-2.32574,-2.17966,0.03368,-1.52606,-0.653788,-0.00700366,-1.4788,BARBUNYA,1,unknown
-0.647521,-0.74296,-0.774599,-0.281175,-0.82475,-0.664004,-0.648726,-0.642573,0.286832,0.311968,1.01731,0.794125,0.169373,0.793398,0.776807,-0.0548312,DERMASON,1,DERMASON
-0.354607,-0.327808,-0.356269,-0.179514,-0.329854,-0.0365529,-0.350814,-0.305228,-0.644801,-0.269873,0.209709,0.210836,0.070415,0.120005,0.171397,-0.395957,SIRA,1,SIRA
-0.420495,-0.545148,-0.587244,0.01398,-0.784647,-0.604243,-0.432344,-0.379426,1.16544,1.11304,1.19987,0.765792,-0.169003,0.600265,0.74676,0.6734,DERMASON,1,SEKER
0.58503,0.975581,1.23498,-0.317197,1.98487,1.34187,0.585012,0.667103,-2.13099,-0.257747,-1.93189,-1.71608,0.202599,-1.37946,-1.63206,0.136893,HOROZ,1,HOROZ
0.222747,0.0962126,-0.339839,1.31784,-1.2937,-1.53499,0.210798,0.309256,0.0916279,0.671128,0.864289,1.44325,-1.30157,0.752734,1.48305,0.777533,SEKER,1,SEKER
-0.571189,-0.640405,-0.579952,-0.423467,-0.444669,-0.163247,-0.573264,-0.552744,1.06674,0.346932,0.841012,0.359329,0.313795,0.3729,0.322898,0.393468,DERMASON,1,DERMASON
7.46401,4.88776,3.54115,7.40913,-0.675951,-0.451184,7.39756,5.56077,0.329246,0.594209,-0.0279385,0.627065,-3.94726,-1.26564,0.600585,0.422081,BOMBAY,1,unknown
1.86271,1.63861,1.58872,1.71246,0.580027,0.70509,1.87601,1.80352,0.338046,-1.09718,-0.318218,-0.689937,-1.52777,-1.16016,-0.709221,-1.10357,CALI,1,CALI
7.12032,4.69388,3.839,6.38991,-0.0648036,0.222218,7.01811,5.36522,1.27226,1.45494,0.0378415,-0.0339816,-3.67261,-1.49444,-0.0744676,0.807197,BOMBAY,1,unknown
5.87476,4.00622,3.34006,5.5421,-0.0516349,0.23399,5.87778,4.62716,0.772488,-0.854767,0.16323,-0.0895948,-3.37473,-1.41412,-0.12964,-0.745709,BOMBAY,1,unknown
8.23338,5.46115,4.5559,6.76246,0.276096,0.499223,8.21512,5.98722,0.748132,-0.48948,-0.588007,-0.389639,-3.76421,-1.69231,-0.422969,-0.0821905,BOMBAY,1,unknown
0.536353,0.710001,0.809341,0.188365,0.900755,0.889558,0.529626,0.620104,0.284697,0.179207,-0.93285,-0.962147,-0.278557,-0.992374,-0.962366,-1.24028,CALI,1,HOROZ
-0.441253,-0.334856,-0.147101,-0.756129,0.47407,0.637122,-0.43867,-0.402997,-0.644088,-0.135183,-0.269462,-0.570888,0.734155,-0.388031,-0.596617,-0.110228,SIRA,1,DERMASON
7.67882,4.94834,4.08247,6.7712,-0.0569519,0.229248,7.60632,5.68137,1.24269,0.687264,0.110224,-0.0541293,-3.77455,-1.5416,-0.0944846,0.359193,BOMBAY,1,unknown
9.00268,5.80346,4.87753,7.25522,0.279198,0.501502,8.92934,6.39929,-0.637063,0.501444,-0.512951,-0.407176,-3.88893,-1.74055,-0.439887,-0.634299,BOMBAY,1,unknown
-0.41721,-0.230399,-0.285365,-0.416075,-0.0368906,0.247059,-0.373343,-0.375705,-1.20882,-3.65748,-0.734483,-0.139478,0.393513,-0.101402,-0.178914,-2.03069,SIRA,1,unknown
10.3603,6.36496,5.42913,7.98837,0.330231,0.538434,10.2977,7.09554,0.834179,0.154005,-0.351848,-0.443882,-4.07996,-1.81741,-0.475216,-0.235667,BOMBAY,1,unknown
2.0858,2.20586,1.4972,2.22208,0.135505,0.391613,2.09523,1.98592,-0.925634,-0.929781,-1.8935,-0.250494,-1.88918,-0.987783,-0.287847,0.132544,BARBUNYA,1,unknown
-0.18079,-0.380441,-0.773547,1.10527,-1.67562,-2.61848,-0.195434,-0.113777,0.608568,1.14562,1.60432,2.01759,-1.1349,1.53659,2.13648,0.572507,SEKER,1,SEKER
1.80838,3.07478,0.777737,2.93144,-0.974359,-0.904581,1.87594,1.75848,-1.21922,-3.57608,-5.16928,0.983343,-2.28597,-0.224627,0.97914,-0.0691866,BARBUNYA,1,unknown
-0.318083,-0.241833,-0.517385,0.274329,-0.873835,-0.739758,-0.290263,-0.264492,-0.862756,-2.26232,-0.0924441,0.792456,-0.329788,0.553043,0.775035,-2.20029,SIRA,1,unknown
2.22401,2.20112,0.744084,3.87066,-1.42772,-1.8631,2.24467,2.09693,-0.367999,-1.41243,-1.49902,1.62903,-2.75273,0.0719815,1.69149,0.457483,BARBUNYA,1,unknown
-0.0688533,0.0998926,-0.316678,0.490758,-0.766066,-0.577176,-0.0511583,0.00642535,0.899805,-1.40656,-0.655804,0.741336,-0.623147,0.359761,0.720878,0.615055,BARBUNYA,1,SEKER
1.56868,2.01943,1.13844,1.79063,0.0421251,0.315151,1.55286,1.55663,0.395067,0.329964,-2.68013,-0.162517,-1.61146,-0.830216,-0.201603,0.0144722,BARBUNYA,1,unknown
1.09991,0.931574,0.818443,1.32879,0.00410087,0.282786,1.08117,1.14604,0.518472,0.658083,0.267825,-0.119586,-1.2932,-0.685429,-0.159289,0.207204,CALI,1,CALI
1.29285,2.34953,0.741893,1.85007,-0.418385,-0.133374,1.33551,1.31772,0.717368,-2.60128,-4.48018,0.33994,-1.67075,-0.470983,0.303015,0.746685,BARBUNYA,1,unknown
-0.935903,-0.995889,-1.03152,-0.69884,-0.875482,-0.742352,-0.934244,-0.995731,0.495805,0.202697,0.658021,0.856978,0.660682,1.10633,0.843694,-0.0732552,DERMASON,1,DERMASON
8.03663,5.00595,3.38212,8.52304,-1.15168,-1.2319,7.95207,5.8796,0.976015,0.875529,0.463856,1.2386,-4.21648,-1.05894,1.2567,0.576613,BOMBAY,1,unknown
0.978911,0.818802,0.110789,2.3623,-1.34975,-1.66667,0.969168,1.0363,1.41746,0.203427,0.352947,1.50043,-1.96994,0.421505,1.54691,0.00735589,BARBUNYA,1,unknown
-0.601603,-0.577714,-0.563953,-0.537548,-0.3288,-0.0354348,-0.598504,-0.588367,0.980871,-0.116934,0.222032,0.230851,0.448168,0.291428,0.191713,0.363232,SIRA,1,DERMASON
1.00821,1.16398,0.547855,1.57894,-0.460667,-0.181692,1.02281,1.06302,0.433262,-1.16209,-1.15992,0.376441,-1.47697,-0.36022,0.340471,0.364386,BARBUNYA,1,unknown
-0.40532,-0.361239,-0.358717,-0.278794,-0.253615,0.04241,-0.376764,-0.362255,0.947817,-2.36194,0.107876,0.0986729,0.21798,0.0658895,0.0581497,-1.49114,SIRA,1,unknown
0.0179239,0.0212712,0.010769,0.154463,-0.105594,0.185146,0.0126201,0.0980496,-0.963022,0.298513,0.233539,-0.00709965,-0.295781,-0.22836,-0.0477088,0.267241,SIRA,1,SIRA
0.775598,1.01252,0.397425,1.30227,-0.452793,-0.172589,0.794552,0.848123,-0.64318,-1.41922,-1.3618,0.375695,-1.28644,-0.280914,0.339705,0.651841,BARBUNYA,1,unknown
1.98325,1.8305,1.0159,2.83093,-0.69545,-0.477729,1.98091,1.90259,0.559255,-0.398293,-0.75043,0.648655,-2.24305,-0.475246,0.623232,0.36314,BARBUNYA,1,unknown
2.06162,2.04252,1.41365,2.37748,-0.0468385,0.238254,2.09239,1.96635,-0.172909,-1.86291,-1.3569,-0.112274,-1.94227,-0.912491,-0.152067,-1.40003,BARBUNYA,1,CALI
-0.431202,-0.630437,-0.847184,0.488828,-1.425,-1.85596,-0.443964,-0.391572,0.92596,1.20262,1.7222,1.64096,-0.632831,1.38493,1.70496,0.974402,SEKER,1,SEKER
-0.6916,-0.732723,-0.667948,-0.629589,-0.401799,-0.114795,-0.696302,-0.695104,0.305754,0.679416,0.634364,0.320793,0.545724,0.427501,0.283409,0.719884,DERMASON,1,DERMASON
-0.474361,-0.437328,-0.483294,-0.326464,-0.387378,-0.0988085,-0.477015,-0.440788,0.873415,0.341738,0.152027,0.303964,0.193386,0.264704,0.266202,0.68773,SIRA,1,DERMASON
-0.242539,-0.389765,-0.634488,0.614001,-1.2367,-1.40839,-0.254178,-0.181101,0.646341,0.950616,1.28698,1.3653,-0.740286,0.986368,1.39644,0.870465,SEKER,1,SEKER
0.497925,0.932314,0.507582,0.50806,0.245707,0.476686,0.524139,0.582771,-1.183,-1.89999,-2.08602,-0.358428,-0.619775,-0.639971,-0.392797,0.0215095,BARBUNYA,1,unknown
0.539178,1.03053,1.29976,-0.457143,2.2377,1.42044,0.545441,0.62284,-3.34408,-0.642453,-2.33644,-1.89864,0.395169,-1.45239,-1.78728,-0.773993,HOROZ,1,HOROZ
-0.411824,-0.566245,-0.825312,0.502162,-1.40563,-1.80579,-0.420337,-0.369608,0.295075,0.81489,1.40144,1.61193,-0.64454,1.34129,1.67219,0.966511,SEKER,1,SEKER
1.51389,1.61541,1.52196,1.11994,0.963557,0.922347,1.49947,1.50976,0.956497,0.277956,-1.3323,-0.98946,-1.11972,-1.23519,-0.987433,-0.323146,CALI,1,CALI
7.45127,4.8788,3.43757,7.57105,-0.802444,-0.630534,7.41421,5.55358,0.640474,-0.0377727,-0.0200138,0.785408,-3.99139,-1.19975,0.767556,0.594158,BOMBAY,1,unknown
0.522296,0.510106,0.40617,0.708106,-0.0322436,0.251154,0.507871,0.60647,-1.0832,0.675837,0.00216072,-0.0749109,-0.810226,-0.475903,-0.115097,0.512246,SIRA,1,SIRA
0.244622,0.344957,0.455599,-0.00176669,0.60973,0.723473,0.236232,0.331413,-1.76168,0.412167,-0.410075,-0.677195,-0.143082,-0.741735,-0.697224,0.382816,SIRA,1,SIRA
0.142473,0.151232,0.252191,0.104872,0.249325,0.479389,0.145019,0.227298,1.05387,-0.317147,0.138896,-0.381291,-0.21381,-0.525013,-0.414906,-0.71063,SIRA,1,SIRA
-0.0993994,-0.305839,-0.697636,1.16994,-1.62167,-2.43374,-0.11597,-0.0261468,0.349904,1.23161,1.59778,1.93875,-1.19175,1.39919,2.0452,0.815076,SEKER,1,SEKER
2.26493,2.21344,1.6897,2.25367,0.311318,0.524869,2.27153,2.12952,1.30697,-0.816354,-1.43304,-0.415957,-1.90904,-1.10294,-0.448348,0.160308,BARBUNYA,1,CALI
-0.789019,-0.777643,-0.983341,-0.351206,-1.06336,-1.06254,-0.786611,-0.812998,0.426642,0.0386753,0.243915,1.13056,0.21176,1.2223,1.13857,0.950993,SEKER,1,SEKER
1.6008,2.53019,1.5149,1.2866,0.82121,0.846549,1.61644,1.58398,-1.49801,-1.20816,-4.20749,-0.868703,-1.25244,-1.19504,-0.876145,-0.119379,BARBUNYA,1,unknown
1.75945,1.98884,0.957929,2.46373,-0.553667,-0.293069,1.77679,1.71768,1.20524,-1.2852,-2.02263,0.488196,-2.04379,-0.511921,0.455828,0.575219,BARBUNYA,1,unknown
0.319706,0.293133,0.269187,0.464799,-0.0173022,0.264242,0.304723,0.406907,1.27667,0.824404,0.225075,-0.0953717,-0.590011,-0.413451,-0.135356,0.311257,SIRA,1,SIRA
3.34561,2.80104,2.65216,2.72548,0.949691,0.915193,3.30018,2.94848,-0.248215,0.972031,-0.843129,-0.987837,-2.15921,-1.51047,-0.985946,-0.698802,CALI,1,CALI
5.67743,3.68765,2.78807,6.10523,-0.70487,-0.490691,5.60769,4.5056,0.814434,1.03771,0.904779,0.674927,-3.58794,-1.07417,0.650841,0.883575,BOMBAY,1,unknown
-0.219876,-0.200897,-0.159861,-0.158502,-0.0803294,0.208217,-0.216995,-0.156306,1.41292,-0.238233,0.23084,-0.0439894,0.0388762,-0.138935,-0.0844146,-0.139227,SIRA,1,SIRA
-0.843542,-0.856673,-0.683949,-1.04693,-0.0564358,0.229709,-0.843935,-0.880105,-0.960081,0.358549,0.383186,-0.0471641,1.09041,0.243127,-0.0875683,0.634484,DERMASON,1,DERMASON
-1.27401,-1.45992,-1.45384,-1.05529,-1.23762,-1.41036,-1.27121,-1.44257,-0.133052,0.315065,1.29214,1.35997,1.10129,2.02283,1.39053,0.651984,DERMASON,1,DERMASON
1.22334,1.45582,1.08208,1.16135,0.424946,0.604282,1.23422,1.25632,-1.34726,-0.964635,-1.63623,-0.511464,-1.1753,-0.93333,-0.539979,0.477826,BARBUNYA,1,unknown
-0.925918,-0.895942,-0.798499,-1.1089,-0.175992,0.118921,-0.922689,-0.983109,-0.570857,0.0272099,0.0339266,0.0809488,1.16936,0.411534,0.0403478,0.82359,DERMASON,1,DERMASON
-1.43876,-1.6711,-1.59632,-1.37939,-1.21084,-1.3532,-1.43595,-1.67603,0.649493,0.465114,1.40937,1.31705,1.58177,2.22846,1.34307,0.471215,DERMASON,1,DERMASON
1.57696,1.50126,1.40711,1.43392,0.586861,0.709345,1.57125,1.56369,-0.788671,-0.169042,-0.651562,-0.693971,-1.33426,-1.10572,-0.713016,-1.03057,CALI,1,CALI
0.749716,1.02756,1.31646,-0.0889259,1.84424,1.29455,0.73768,0.823809,1.07803,0.422593,-1.52598,-1.62645,-0.0393216,-1.37453,-1.55487,-0.0100815,HOROZ,1,HOROZ
1.3096,1.296,0.880808,1.65978,-0.149373,0.144304,1.29929,1.33244,-0.612182,0.130149,-0.664664,0.0439407,-1.5361,-0.649727,0.00325954,0.483903,BARBUNYA,1,CALI
0.420344,0.266557,-0.325668,1.82477,-1.54041,-2.17856,0.410203,0.506776,0.177665,0.447901,0.859883,1.808,-1.6531,0.942072,1.89493,0.709771,SEKER,1,SEKER
0.85134,0.872487,0.582454,1.15291,-0.14254,0.150752,0.852456,0.918803,-0.590781,-0.383871,-0.423529,0.0449162,-1.17765,-0.513728,0.00423564,0.777858,BARBUNYA,1,SIRA
1.5089,1.86831,0.994256,1.87896,-0.168592,0.12602,1.54601,1.50548,-0.711029,-2.26146,-2.3178,0.0685904,-1.68713,-0.688252,0.0279502,0.654529,BARBUNYA,1,unknown
-0.799004,-0.922988,-1.10384,-0.135504,-1.37409,-1.72628,-0.801846,-0.825225,0.697509,0.577959,1.19181,1.5619,-0.0199512,1.65406,1.61585,0.851344,SEKER,1,SEKER
-0.566525,-0.693433,-0.914054,0.234514,-1.35682,-1.68384,-0.571262,-0.547302,1.31103,0.58965,1.23903,1.51845,-0.373299,1.38628,1.56709,0.258906,SEKER,1,SEKER
9.81961,6.31985,5.01706,8.0749,0.0320303,0.30663,9.80164,6.82268,0.201023,-0.57411,-0.863916,-0.188701,-4.08263,-1.71262,-0.227337,-1.3213,BOMBAY,1,unknown
1.64922,2.03884,1.36211,1.56615,0.439755,0.614273,1.67454,1.62502,-1.32916,-1.66865,-2.51779,-0.515237,-1.48148,-1.03189,-0.543583,0.84391,BARBUNYA,1,unknown
0.0813152,-0.0759922,-0.392599,1.04012,-1.19843,-1.32719,0.0712989,0.164157,0.0177696,0.612794,1.15576,1.30919,-1.09024,0.725886,1.33439,0.782001,SEKER,1,SEKER
2.45432,2.45548,1.67478,2.6154,0.0668926,0.335842,2.45298,2.27871,0.758617,-0.502972,-1.80464,-0.176723,-2.12544,-1.02075,-0.215571,0.391944,BARBUNYA,1,unknown
10.9736,7.24184,6.34243,7.58489,1.10301,0.991696,11.0709,7.39843,-0.225447,-2.45044,-1.78423,-1.18569,-3.91999,-2.04851,-1.16575,-3.76994,BOMBAY,1,unknown
1.1769,1.66597,0.982914,1.21676,0.270289,0.494946,1.19517,1.21502,0.609447,-1.35532,-2.59635,-0.368122,-1.21881,-0.844855,-0.402176,0.525016,BARBUNYA,1,unknown
-1.02472,-1.12799,-0.980279,-1.09904,-0.467834,-0.190023,-1.02662,-1.10936,-0.623672,0.666322,0.911803,0.392193,1.16289,0.766264,0.35667,0.637459,DERMASON,1,DERMASON
2.7676,2.9148,1.75808,3.04772,-0.107941,0.182984,2.78008,2.51994,-0.947373,-1.07092,-2.56647,0.00147242,-2.36029,-0.988653,-0.0391636,0.492916,BARBUNYA,1,unknown
-0.672549,-0.682905,-0.719184,-0.458875,-0.612851,-0.367849,-0.666801,-0.67234,-0.598345,-0.339842,0.43134,0.539278,0.370529,0.594536,0.508894,-0.0430056,SIRA,1,DERMASON
1.35781,1.56828,0.66658,2.16859,-0.683348,-0.461209,1.36636,1.37466,-0.269916,-0.850916,-1.64529,0.616379,-1.8462,-0.320886,0.589391,-0.256101,BARBUNYA,1,unknown
-1.40086,-1.47596,-1.35176,-1.712,-0.507765,-0.237195,-1.39147,-1.62128,-0.681932,-0.486993,0.174003,0.442485,2.10777,1.23135,0.408521,0.817476,DERMASON,1,DERMASON
1.56047,1.59299,0.641534,2.63125,-0.955739,-0.873013,1.56344,1.54962,-0.516724,-0.590929,-1.09153,0.974303,-2.13552,-0.156253,0.969408,0.439662,BARBUNYA,1,unknown
-0.144069,0.240617,0.70429,-1.19899,2.2833,1.4338,-0.149989,-0.0740875,1.06098,0.428076,-1.75146,-1.89973,1.31506,-1.27851,-1.78819,0.402015,HOROZ,1,HOROZ
-0.789019,-0.935744,-1.06037,-0.191524,-1.27859,-1.50074,-0.793067,-0.812998,0.442249,0.6927,1.36284,1.4225,0.0414545,1.50454,1.45995,0.803825,SEKER,1,SEKER
1.87,2.44237,1.41984,1.91661,0.256656,0.48485,1.88815,1.80955,1.11955,-1.31803,-3.25952,-0.355972,-1.70744,-0.997538,-0.390419,0.501438,BARBUNYA,1,unknown
-0.9181,-0.941603,-0.906011,-0.886085,-0.538148,-0.273976,-0.913265,-0.973249,0.356135,-0.149338,0.409802,0.464516,0.883777,0.732708,0.431301,0.369393,DERMASON,1,DERMASON
0.997238,1.28178,0.417089,1.78053,-0.723445,-0.516522,1.0243,1.05303,-0.0473581,-1.85132,-1.69947,0.688642,-1.62033,-0.155713,0.665276,0.582877,BARBUNYA,1,unknown
-0.783303,-0.794286,-0.592604,-1.02251,0.0610504,0.330989,-0.789,-0.806011,0.407632,0.855168,0.397913,-0.161895,1.05307,0.109773,-0.200991,0.729286,DERMASON,1,DERMASON
9.0909,5.88126,4.74228,7.58987,0.0486737,0.320651,9.12125,6.4457,0.717851,-1.43137,-0.609738,-0.191289,-3.97233,-1.67521,-0.229878,-0.811329,BOMBAY,1,unknown
-0.427655,-0.570838,-1.05415,0.972438,-1.93529,-3.75506,-0.436153,-0.387546,0.539103,0.825489,1.32848,2.46394,-1.03642,2.20719,2.66282,0.776115,SEKER,1,SEKER
1.01984,1.11415,0.774222,1.24727,0.0108982,0.288626,1.03546,1.0736,-1.26707,-1.21857,-0.897038,-0.13917,-1.2187,-0.67387,-0.17861,-0.265986,BARBUNYA,1,CALI
-0.514038,-0.522487,-0.568315,-0.28159,-0.540176,-0.27646,-0.516844,-0.486402,-0.597425,0.378949,0.439911,0.468938,0.15221,0.421833,0.435877,0.443223,SIRA,1,DERMASON
0.444387,0.22652,-0.382684,2.00955,-1.68874,-2.66551,0.429052,0.530418,0.816456,0.776419,1.20997,2.04829,-1.77678,1.13313,2.17217,0.868277,SEKER,1,SEKER
9.34611,6.15075,5.47753,6.94425,0.8288,0.850726,9.53368,6.57898,-0.423041,-4.21779,-0.996217,-0.955527,-3.75755,-1.92302,-0.95628,-3.27592,BOMBAY,1,unknown
2.53643,2.23833,1.386,3.27869,-0.579373,-0.32516,2.53432,2.34259,1.08419,-0.480952,-0.790426,0.501795,-2.4653,-0.685278,0.469935,0.00903672,BARBUNYA,1,unknown
-0.443881,-0.401919,-0.264474,-0.609834,0.164437,0.41447,-0.448741,-0.405987,0.997455,0.517858,0.12182,-0.259994,0.518091,-0.172498,-0.297123,0.818657,SIRA,1,SIRA
1.70781,1.81816,1.15795,2.00597,-0.0769477,0.211278,1.72057,1.67441,-0.118494,-1.07031,-1.5323,-0.0220136,-1.7725,-0.787026,-0.0625617,0.793202,BARBUNYA,1,unknown
9.02836,5.76263,4.72324,7.58081,0.0398436,0.31323,8.9416,6.41282,0.106401,0.750276,-0.369344,-0.197898,-3.96039,-1.67396,-0.236363,-1.37651,BOMBAY,1,unknown
9.1558,5.80409,4.5746,7.92011,-0.190989,0.104431,9.10938,6.47972,1.56854,-0.0182673,-0.319715,0.0624738,-4.06054,-1.59351,0.0218188,-0.417603,BOMBAY,1,unknown
7.08885,4.76306,4.10015,5.99811,0.302562,0.518541,7.06743,5.34715,0.597799,-0.346285,-0.222678,-0.419856,-3.53241,-1.63061,-0.452104,-0.293809,BOMBAY,1,unknown
-0.905356,-0.963323,-0.874891,-0.909433,-0.471372,-0.19415,-0.904098,-0.957212,-0.276642,0.225982,0.663114,0.396239,0.904183,0.661841,0.360834,0.639618,DERMASON,1,DERMASON
-0.994367,-0.961794,-0.798589,-1.30176,0.00900921,0.287005,-0.987178,-1.07025,-0.22601,-0.373374,-0.0412286,-0.122301,1.47141,0.300145,-0.161969,0.28754,DERMASON,1,DERMASON
1.67405,1.40422,1.08828,2.10562,-0.211625,0.0842675,1.65885,1.64599,1.04415,0.266701,0.103904,0.0837506,-1.80253,-0.720949,0.0431602,-0.430229,BARBUNYA,1,CALI
2.11306,2.42883,1.92016,1.66302,0.975574,0.928507,2.11828,2.00793,-0.0549481,-0.747187,-2.59045,-1.00071,-1.51399,-1.34655,-0.997737,-0.388635,CALI,1,unknown
6.06139,4.10141,3.14936,6.10776,-0.442417,-0.160666,5.98307,4.7409,0.961139,1.16011,0.178385,0.340559,-3.56876,-1.25795,0.303649,-0.184104,BOMBAY,1,unknown
-0.927363,-0.955195,-0.775663,-1.14993,-0.101751,0.188679,-0.929274,-0.984934,-0.60516,0.582824,0.433959,0.00288294,1.22936,0.348345,-0.0377569,0.777054,DERMASON,1,DERMASON
-0.226248,-0.387137,-0.668166,0.734855,-1.34891,-1.66466,-0.237652,-0.163267,0.776784,0.919307,1.36982,1.52249,-0.840776,1.11389,1.57162,0.765574,SEKER,1,SEKER
-0.284187,-0.424711,-0.647297,0.51795,-1.19417,-1.31833,-0.291683,-0.226933,0.130802,0.639009,1.26089,1.30659,-0.656278,0.96491,1.33152,0.891596,SEKER,1,SEKER
8.10213,5.11731,4.15336,7.28768,-0.22065,0.0753652,8.08356,5.91553,0.0384958,-0.475638,0.220193,0.084271,-3.8954,-1.5204,0.0436826,-0.754842,BOMBAY,1,unknown
1.77042,1.93932,1.57632,1.50999,0.716867,0.78748,1.77718,1.72685,-1.16879,-0.791732,-1.80755,-0.776855,-1.42017,-1.18407,-0.790706,0.0678168,BARBUNYA,1,CALI
3.35559,3.20036,1.90784,3.83905,-0.395703,-0.108018,3.38881,2.95571,0.505106,-1.80002,-2.15701,0.313194,-2.74387,-0.933774,0.275637,0.689222,BARBUNYA,1,unknown
1.915,1.95185,1.34089,2.16096,0.0143141,0.291552,1.91171,1.84664,0.0615912,-0.34496,-1.43277,-0.142103,-1.84169,-0.897237,-0.181501,-0.248949,BARBUNYA,1,CALI
0.642115,0.932888,1.26043,-0.210209,1.90048,1.3138,0.647306,0.72182,0.0283697,-0.590631,-1.52563,-1.67908,0.11252,-1.37517,-1.60028,-0.648316,HOROZ,1,HOROZ
-0.566393,-0.711964,-0.983637,0.365192,-1.52381,-2.12947,-0.576298,-0.547148,0.741422,1.06748,1.37081,1.78443,-0.513584,1.64512,1.86799,0.775149,SEKER,1,SEKER
1.45477,1.55747,0.858671,1.99776,-0.384781,-0.0959468,1.46713,1.45886,-0.271737,-1.04711,-1.28728,0.299493,-1.76294,-0.541071,0.261634,0.630141,BARBUNYA,1,unknown
-0.363541,-0.240768,-0.0767453,-0.652438,0.476353,0.638627,-0.360109,-0.315235,0.248695,-0.236353,-0.363254,-0.580774,0.615846,-0.433097,-0.606011,-0.410874,SIRA,1,SIRA
2.75873,2.38556,1.65943,3.20209,-0.286079,0.00926497,2.75897,2.51321,-1.05407,-0.597144,-0.763528,0.185448,-2.43619,-0.895057,0.145674,0.388011,BARBUNYA,1,unknown
-1.52961,-1.72474,-1.49144,-1.9333,-0.534326,-0.269306,-1.52187,-1.80998,-0.53828,-0.183314,0.877714,0.475328,2.49931,1.44479,0.442494,0.905538,DERMASON,1,DERMASON
6.76342,4.15536,2.92862,7.52417,-1.12196,-1.17341,6.67185,5.15861,1.48842,1.30243,1.22412,1.20288,-3.98193,-0.952633,1.21754,0.735029,BOMBAY,1,unknown
6.05285,3.91486,2.74041,6.80747,-1.00294,-0.954003,5.99869,4.73572,0.893435,0.557711,0.799376,1.03724,-3.78713,-0.951424,1.0373,0.494932,BOMBAY,1,unknown
1.34514,2.0986,1.21074,1.22331,0.525048,0.670299,1.42833,1.36358,-2.10094,-4.60939,-3.57758,-0.608154,-1.21407,-1.01235,-0.631989,0.193494,BARBUNYA,1,unknown
1.26184,1.20578,0.986116,1.41277,0.133383,0.389921,1.25333,1.29039,-1.04673,0.049763,-0.429018,-0.255184,-1.34519,-0.804958,-0.292427,-0.118836,CALI,1,CALI
-1.12535,-1.17268,-1.03451,-1.31473,-0.357855,-0.0665606,-1.11783,-1.24122,-1.07433,-0.360057,0.393675,0.256603,1.49651,0.742139,0.2179,0.152354,DERMASON,1,DERMASON
-0.744152,-0.779186,-0.983772,-0.194671,-1.17222,-1.27326,-0.740456,-0.758388,0.96991,-0.112048,0.57757,1.26626,0.0533542,1.30883,1.28709,0.559215,DERMASON,1,SEKER
1.23569,1.77387,0.792647,1.64721,-0.236942,0.0591655,1.2592,1.26727,-0.357458,-1.62616,-2.80314,0.138132,-1.52993,-0.574486,0.0978737,0.571702,BARBUNYA,1,unknown
0.567688,0.849127,0.559998,0.577225,0.255715,0.484151,0.582301,0.650395,0.413719,-1.16648,-1.44732,-0.363188,-0.686859,-0.665866,-0.397404,0.196136,BARBUNYA,1,unknown
-0.812404,-0.799495,-0.666934,-0.970406,-0.101621,0.188798,-0.808043,-0.84168,0.343032,-0.148213,0.222001,-0.0133522,1.00337,0.246976,-0.053938,0.187253,SIRA,1,DERMASON
0.266891,0.302284,-0.357811,1.48988,-1.40574,-1.80607,0.273544,0.353894,1.1401,-0.628394,-0.0779929,1.59482,-1.4155,0.852506,1.65289,0.40655,BARBUNYA,1,SEKER
1.49484,1.30127,1.28729,1.40436,0.475399,0.637998,1.48011,1.4934,0.38195,0.299735,-0.0404861,-0.564173,-1.34802,-1.0234,-0.590231,0.192419,CALI,1,CALI
2.44006,2.13143,1.15773,3.49499,-0.89431,-0.772245,2.43284,2.26757,0.219868,-0.259292,-0.637306,0.892859,-2.5778,-0.44346,0.882021,0.339904,BARBUNYA,1,unknown
0.174793,0.420832,0.716986,-0.488139,1.44784,1.145,0.170001,0.26042,-0.0236212,0.191727,-1.12033,-1.36606,0.427327,-1.10097,-1.3269,-0.660833,HOROZ,1,HOROZ
-1.21285,-1.28747,-1.10578,-1.49305,-0.30476,-0.0101273,-1.20737,-1.35873,0.823003,-0.0692549,0.488425,0.213742,1.75094,0.792515,0.174345,0.683335,DERMASON,1,DERMASON
1.16659,1.60024,0.88635,1.35545,0.0618835,0.331682,1.21686,1.20581,-0.775942,-3.04442,-2.38532,-0.173375,-1.31643,-0.734364,-0.212281,0.33353,BARBUNYA,1,unknown
-1.0956,-1.09457,-0.973848,-1.33487,-0.241063,0.0550411,-1.09033,-1.20187,0.408246,-0.108217,0.0763611,0.143171,1.50862,0.613017,0.102955,0.595909,DERMASON,1,DERMASON
-0.262509,-0.180733,-0.196218,-0.20612,-0.0904706,0.198999,-0.26173,-0.203034,-0.977107,-0.052824,-0.131974,-0.0371643,0.094663,-0.112039,-0.0776319,-0.267448,SIRA,1,SIRA
-0.166667,-0.319576,-0.633393,0.84232,-1.36884,-1.71327,-0.170323,-0.0984817,0.486318,0.261246,1.28606,1.54647,-0.925474,1.09196,1.59852,0.600137,SEKER,1,SEKER
-0.832243,-0.815038,-0.843522,-0.680365,-0.615384,-0.371121,-0.818113,-0.86613,-0.547264,-1.13947,0.182314,0.505648,0.684827,0.694262,0.473934,-1.32118,DERMASON,1,DERMASON
0.0526741,0.214076,0.0405702,0.216108,-0.115235,0.176247,0.0569036,0.134373,0.892637,-0.416338,-0.650348,-0.0164312,-0.332535,-0.250391,-0.0570043,-0.435073,BARBUNYA,1,SIRA
2.36511,2.61046,1.59298,2.57183,0.0129575,0.29039,2.41025,2.20876,-0.685042,-2.41168,-2.55153,-0.117133,-2.10677,-0.974696,-0.156867,0.623918,BARBUNYA,1,unknown
0.662414,0.888313,1.08429,0.0236219,1.41805,1.13268,0.65544,0.741173,1.01111,0.149157,-1.24678,-1.32044,-0.166909,-1.20906,-1.28639,0.322106,HOROZ,1,HOROZ
2.32787,2.02462,1.76186,2.35378,0.318778,0.530237,2.3701,2.17939,0.904442,-2.3007,-0.527158,-0.480926,-1.91152,-1.14504,-0.510761,-2.03298,CALI,1,CALI
-1.25871,-1.40628,-1.26901,-1.36738,-0.689065,-0.468995,-1.25391,-1.42145,-0.236612,0.0469037,0.99843,0.659041,1.54179,1.26792,0.63414,0.990358,DERMASON,1,DERMASON
6.635,4.57019,3.59925,6.14681,-0.131501,0.161112,6.59716,5.08335,0.980981,0.0733606,-0.349908,0.0189195,-3.58885,-1.43684,-0.0217528,0.244982,BOMBAY,1,unknown
1.85332,1.93833,1.12788,2.38068,-0.336101,-0.0431996,1.86374,1.79575,0.633951,-0.965591,-1.56129,0.23037,-1.98219,-0.682616,0.191225,0.0615446,BARBUNYA,1,unknown
1.10799,1.0371,0.873504,1.24896,0.122492,0.381206,1.08569,1.15331,0.987722,0.850221,-0.212736,-0.230115,-1.24009,-0.750321,-0.267926,0.42328,BARBUNYA,1,CALI
0.00853011,0.254618,0.0823609,0.00949291,0.105334,0.367364,0.0175262,0.0881949,-1.01538,-0.758636,-1.07631,-0.213442,-0.155974,-0.362012,-0.251602,0.423816,SIRA,1,SIRA
-0.636091,-0.680214,-0.608552,-0.570451,-0.365329,-0.0746645,-0.64098,-0.629031,0.534331,0.654639,0.665522,0.280216,0.474861,0.354646,0.24196,0.705202,DERMASON,1,DERMASON
-0.395729,-0.496007,-0.880563,0.678755,-1.57441,-2.28219,-0.398841,-0.351428,0.458886,0.336719,1.02972,1.86177,-0.792128,1.56604,1.95656,0.737825,SEKER,1,SEKER
-1.14138,-1.19719,-0.967418,-1.47348,-0.0950617,0.194807,-1.13642,-1.26254,-0.278098,-0.0466464,0.437921,-0.0271241,1.75179,0.508238,-0.0676471,-0.0714096,DERMASON,1,DERMASON
0.0304707,0.150776,0.198636,-0.10304,0.356416,0.556982,0.0411526,0.111188,-1.32763,-0.884917,-0.423846,-0.463291,-0.0227607,-0.531781,-0.493854,-0.0599165,SIRA,1,SIRA
1.95133,1.63641,1.38284,2.15677,0.0601334,0.330225,1.92668,1.87647,1.52681,0.618003,-0.027185,-0.182971,-1.84342,-0.926088,-0.22171,-0.0862127,BARBUNYA,1,CALI
1.70748,1.60073,1.60376,1.38846,0.841019,0.857418,1.70391,1.67414,-0.29556,-0.296993,-0.651645,-0.903131,-1.30693,-1.23171,-0.907995,-0.832099,CALI,1,CALI
0.124211,0.254535,0.352729,-0.105505,0.565839,0.696208,0.126169,0.208509,0.3906,-0.270409,-0.512699,-0.656499,-0.0121627,-0.686473,-0.677709,-0.290821,SIRA,1,SIRA
3.29897,2.88614,2.21218,3.25755,0.194126,0.437534,3.27778,2.91464,1.24871,0.11918,-1.25117,-0.302801,-2.46121,-1.21512,-0.338827,0.278083,BARBUNYA,1,unknown
1.21132,1.18815,0.378645,2.35531,-1.07639,-1.0867,1.20931,1.24565,-0.0523773,-0.281323,-0.530931,1.13223,-1.97658,0.0661215,1.1404,0.423686,BARBUNYA,1,unknown
-0.716036,-0.7562,-0.738081,-0.562686,-0.55754,-0.297867,-0.720896,-0.724441,1.05727,0.714316,0.621435,0.482233,0.483835,0.580028,0.449647,0.208176,DERMASON,1,DERMASON
1.53761,1.81213,0.948456,2.03699,-0.314813,-0.0206624,1.56319,1.53008,-0.213241,-1.69414,-2.0241,0.209879,-1.77505,-0.615363,0.170426,0.153781,BARBUNYA,1,unknown
1.79091,1.99496,1.50059,1.6459,0.533018,0.675405,1.78757,1.74394,1.12341,-0.322439,-1.95431,-0.609226,-1.52489,-1.10735,-0.633005,0.422437,BARBUNYA,1,unknown
-1.4475,-1.54533,-1.19375,-2.13081,0.224005,0.460353,-1.44092,-1.68874,-0.763367,-0.0665433,0.255688,-0.323781,2.89657,0.562552,-0.359212,0.555116,DERMASON,1,DERMASON
-0.342914,-0.512533,-0.931439,0.961342,-1.78566,-3.04185,-0.351976,-0.292156,0.653699,0.810772,1.48173,2.20143,-1.02365,1.85486,2.35131,0.646265,SEKER,1,SEKER
1.11581,1.21782,0.513026,2.06249,-0.782648,-0.601312,1.16483,1.16033,0.562528,-3.00138,-1.00676,0.631589,-1.68238,-0.233736,0.605328,-3.84843,BARBUNYA,1,unknown
1.38074,1.75522,0.820895,1.92242,-0.37881,-0.0893842,1.38992,1.39465,1.2781,-0.884682,-2.29068,0.28201,-1.70413,-0.530792,0.243789,0.239912,BARBUNYA,1,unknown
0.073498,0.495193,0.758386,-0.757736,1.81205,1.28333,0.0829184,0.156042,-0.834229,-0.797171,-1.93425,-1.62328,0.761948,-1.20369,-1.55212,-0.785949,HOROZ,1,HOROZ
0.0333611,-0.0664395,-0.512654,1.15263,-1.40021,-1.79194,0.0299849,0.114211,0.139463,0.148733,0.835123,1.59995,-1.17919,1.00169,1.65867,0.837921,SEKER,1,SEKER
-0.148405,-0.299322,-0.429172,0.478432,-0.897986,-0.778134,-0.162448,-0.0787603,0.478575,1.07205,1.26307,0.911282,-0.618236,0.541374,0.901741,0.809437,SEKER,1,SEKER
-1.43114,-1.5834,-1.35433,-1.80281,-0.422696,-0.138236,-1.42356,-1.66497,1.08531,-0.220283,0.735918,0.333036,2.28816,1.16206,0.295942,0.329807,DERMASON,1,DERMASON
0.166056,0.406202,0.388163,-0.0379256,0.552481,0.687785,0.180652,0.251483,-1.93928,-1.16965,-1.08847,-0.662588,-0.0592682,-0.705356,-0.683454,-0.974183,SIRA,1,SIRA
1.63444,1.97043,1.02814,2.09553,-0.267686,0.0281289,1.66589,1.61252,-0.439886,-1.96229,-2.31768,0.163064,-1.81543,-0.666827,0.123038,0.290636,BARBUNYA,1,unknown
-0.913765,-0.949094,-1.02996,-0.61228,-0.939116,-0.845242,-0.905389,-0.967788,1.19773,-0.528875,0.496249,0.92072,0.575676,1.14452,0.911854,-0.652617,DERMASON,1,DERMASON
1.52079,1.73275,0.80877,2.27038,-0.595328,-0.345378,1.54317,1.51568,-0.456019,-1.53999,-1.77388,0.508783,-1.90457,-0.434893,0.477189,-0.395279,BARBUNYA,1,unknown
-0.991937,-1.03131,-0.803684,-1.28338,-0.0172861,0.264256,-0.993246,-1.06713,1.47003,0.570645,0.467147,-0.0986858,1.44794,0.317456,-0.138635,0.18968,DERMASON,1,DERMASON
-0.408539,-0.4947,-0.502193,-0.104726,-0.584662,-0.331836,-0.414269,-0.365893,0.919536,0.5708,0.938803,0.524282,-0.0431754,0.395852,0.493293,0.583115,SIRA,1,DERMASON
1.95146,1.95436,0.985597,2.82392,-0.72092,-0.512988,1.98323,1.87657,0.307043,-1.92378,-1.33618,0.677451,-2.23773,-0.450176,0.653496,0.300497,BARBUNYA,1,unknown
0.456605,0.748232,1.1666,-0.488062,2.08568,1.37416,0.450225,0.542402,-0.37416,0.186865,-1.44275,-1.78279,0.400302,-1.3809,-1.68909,0.0753086,HOROZ,1,HOROZ
9.24876,5.8501,5.04809,7.31669,0.366902,0.564334,9.17399,6.5283,1.17287,0.494651,-0.327176,-0.498318,-3.89832,-1.78188,-0.527411,-1.02514,BOMBAY,1,unknown
1.92459,2.31854,1.58096,1.77573,0.526029,0.670928,1.93585,1.85453,-0.647687,-1.00554,-2.71656,-0.602147,-1.61371,-1.12975,-0.626295,0.457925,BARBUNYA,1,unknown
-0.808988,-0.885414,-0.909176,-0.548154,-0.814034,-0.647852,-0.809205,-0.837481,0.516459,0.317085,0.843768,0.802083,0.449367,0.936786,0.785258,0.674781,DERMASON,1,DERMASON
8.14883,5.21104,4.2494,7.16208,-0.105257,0.185456,8.06936,5.94109,0.853964,0.751704,0.00825972,-0.0242341,-3.86921,-1.56215,-0.0647716,-0.34682,BOMBAY,1,unknown
6.27652,4.42794,3.33772,6.12539,-0.312571,-0.0183068,6.27575,4.87057,0.628773,-0.775486,-0.49666,0.186135,-3.56617,-1.34086,0.146369,-0.612099,BOMBAY,1,unknown
-0.193862,-0.146659,-0.105735,-0.166532,-0.000302498,0.27899,-0.194079,-0.127968,0.987242,0.000137622,0.0565423,-0.13539,0.0614183,-0.215618,-0.174883,-0.537662,SIRA,1,SIRA
1.92492,1.67187,1.4916,1.91395,0.334196,0.54126,1.9079,1.8548,-1.50257,0.278721,-0.264917,-0.430487,-1.70325,-1.0459,-0.462337,0.410371,BARBUNYA,1,CALI
2.3123,2.23318,1.53163,2.57079,-0.0469221,0.23818,2.31045,2.16708,0.3981,-0.464711,-1.37759,-0.0557889,-2.10738,-0.933646,-0.0961319,0.671278,BARBUNYA,1,unknown
9.04163,5.58507,4.357,8.07611,-0.38879,-0.100368,8.94134,6.4198,0.973326,1.00284,0.144758,0.302847,-4.11436,-1.5024,0.26506,0.592081,BOMBAY,1,unknown
